time,value,evt_indicator,lagged_volatility,is_candidate
0,-1.1279988177088878,1.1849562299370775,,False
1,0.3915156568941677,0.3671659304294392,,False
2,-0.7958851360741555,0.8457156279935928,,False
3,0.0401272363085115,0.008236967525244606,,False
4,1.222460790769604,1.2159425481537973,,False
5,0.2841768605559432,0.25752372086302594,,False
6,0.1191315692602587,0.088936676536845,,False
7,-0.3407058426849018,0.3807685149402663,,False
8,0.0163436991099995,0.01605694724470531,,False
9,0.4514139374852786,0.42834958496330033,,False
10,-0.9530599629735884,1.0062633134285142,,False
11,-0.5920863261183088,0.6375434424200223,,False
12,-0.2004733365499721,0.23752672026593988,,False
13,-0.7893496560549264,0.8390399012821852,,False
14,-0.3147169051419189,0.35422187352351864,,False
15,-0.7268485344912957,0.7751975506839689,,False
16,-0.3463360012502313,0.3865194926516883,,False
17,0.0245577825613038,0.0076665954810606835,,False
18,-2.436390631626569,2.5214251894409223,,False
19,-2.578794747689879,2.666885195227974,,False
20,-1.4394133970943723,1.5030535418114481,,False
21,-3.136350069714666,3.236405252725964,,False
22,-1.0910728745605736,1.14723788265519,,False
23,0.1442337550301934,0.1145775371264295,,False
24,0.2632406264025411,0.23613821020995593,,False
25,0.2072763294570512,0.17897295977618272,,False
26,-0.6206923552265199,0.666763336301285,,False
27,-0.9838400665796844,1.0377039358798923,,False
28,-0.4798511718475396,0.5228998026078232,,False
29,0.6489201760900482,0.63009416513861,,False
30,-0.9341480825287112,0.9869455976559387,,False
31,-1.5359981109206071,1.601710894003844,,False
32,-2.1446341362392736,2.223407809883028,,False
33,0.4209108930264791,0.3971919671488892,1.0170283935664295,False
34,-0.2734023765842731,0.31202076495153946,1.0831572394183333,False
35,-1.948870235101838,2.0234429564816887,1.069123309189721,False
36,-1.9117254708454887,1.9855010923484557,1.098781472174036,False
37,-0.6934517155992911,0.7410840601220783,1.0753403870361855,False
38,-1.044404913497946,1.0995684607740015,1.0884731060556436,False
39,-2.433482384543928,2.518454533471378,1.0897095443123659,False
40,1.2763804448123834,1.2710192791214023,1.1134804505897882,False
41,-0.5532628490866301,0.5978868415448707,1.2971165120956227,False
42,-0.3000143212305531,0.3392037827551234,1.3360296199412278,False
43,-0.1891727123786198,0.2259835928423519,1.313012213103935,False
44,-0.4100980743202205,0.45164985386703144,1.3116632037073008,False
45,-1.82242601473102,1.894285334249046,1.3104224674883562,False
46,0.622951767496045,0.6035684932072953,1.3301629172178002,False
47,1.5079295952121348,1.5075373074497458,1.3982685950745937,False
48,0.1043327840563072,0.07382032006544148,1.403848927779415,False
49,0.7223445561556435,0.7050941794956664,1.4263597161429837,False
50,-1.759332149821711,1.8298375204600446,1.4290203130752115,False
51,-1.4487789658479768,1.512620088922296,1.4301862438482555,False
52,-2.4614059948974947,2.5469773643832276,1.4307566103396478,False
53,1.2994509628103128,1.2945848738124794,1.427760337757089,False
54,-1.342625262071734,1.4041884031503455,1.543724991641517,False
55,0.9953936711108864,0.9840027317167357,1.5789544131051028,False
56,-1.043815552923836,1.0989664529466252,1.6184988657372401,False
57,0.1948168954077409,0.16624615524961742,1.658984920610633,False
58,-1.6484190965484071,1.716544352980098,1.674318550163506,False
59,-1.6214862028912356,1.6890334988311035,1.6999298421481863,False
60,0.7383616694074906,0.7214550084570268,1.698877765850808,False
61,-0.4880179073236209,0.5312417903428124,1.74829836556718,False
62,-1.229609940360039,1.2887478540660753,1.7504729889304043,False
63,0.2450917112082616,0.21759983237251382,1.7327057569411088,False
64,-0.0424643960421113,0.07612702174556085,1.74860739264779,False
65,-1.5471858220639727,1.6131386853672225,1.7455912140175016,False
66,-0.7875588848170887,0.8372107013838948,1.705389635567356,False
67,-0.5949107638172518,0.6404284905168818,1.7073532902750748,False
68,-0.1096762085447587,0.14478115131613317,1.6805107442150593,False
69,-1.2354718368726054,1.294735542654107,1.6823321664483903,False
70,-2.518834987079471,2.6056387413579,1.6811383603604402,False
71,-0.4328914445546314,0.47493235340327944,1.6951363982653305,False
72,0.5165969057998732,0.49493133281139506,1.717486871672354,False
73,-0.3227432776202644,0.36242048617197686,1.5932121728479454,False
74,-0.770590731795572,0.8198784240246639,1.5663945897724716,False
75,-2.0749123694388345,2.1521898642039403,1.5677446858167385,False
76,-0.1556616797175782,0.19175343756623564,1.5839649016305921,False
77,0.4073621568476835,0.38335248485401885,1.6216390222445187,False
78,-0.521248399320617,0.5651853847543716,1.6033239843004599,False
79,-0.4040863268425668,0.44550909862017446,1.5521783663974518,False
80,-1.9153993184798588,1.989253778105928,1.5433958967855057,False
81,-2.1721566985313214,2.2515209865309274,1.5465356278402334,False
82,-0.0356080527774567,0.06912354629467372,1.5418316880047929,False
83,-2.2343843953040357,2.315084044839226,1.5268529773143755,False
84,-0.8322244758234341,0.8828347837901688,1.5768631437330443,False
85,0.375386293192553,0.35069044220453943,1.5858080215665213,False
86,0.4776187500781018,0.45511673395291263,1.451683547235037,False
87,-0.6418746415241062,0.6884001792002645,1.3711540634174553,False
88,-0.4035275979629354,0.44493837982136925,1.320907195335223,False
89,-0.3985871736077135,0.43989193751922695,1.2707384714507157,False
90,-0.6192387124841792,0.6652784994330924,1.2511373628453275,False
91,-0.3458784238329181,0.38605209595269957,1.2068989525338114,False
92,-0.2906692253088528,0.3296581478084008,1.20765046688406,False
93,-1.0138043229630471,1.0683112036149829,1.1311275232194817,False
94,-0.6868798684276161,0.7343711858453371,1.1174034251972156,False
95,-1.7108432620352778,1.7803080960795965,1.110981227759052,False
96,-2.0973711930161945,2.1751306379529294,1.0928811630637312,False
97,1.4330328908009204,1.431033373727473,1.093682395520722,False
98,0.7603084577627598,0.7438727590769976,1.2330704843355593,False
99,0.1522877176883004,0.12280433202002726,1.2340930331606115,False
100,1.0283540280044268,1.0176703941201606,1.2391796790756686,False
101,0.4968985225624379,0.4748102364630351,1.2457873396937744,False
102,-1.737085739016055,1.8071137177077898,1.2322715165483882,False
103,-1.5517182494672233,1.6177683753967795,1.2762297957112079,False
104,-0.1142210405989485,0.14942351219150085,1.2201905963094426,False
105,-1.2492883314790555,1.3088485292795602,1.235840715488541,False
106,-1.5699628007684014,1.6364044416230654,1.243250993012572,False
107,0.3304818930522558,0.3048224259923689,1.2420714723731239,False
108,0.5274088898942146,0.5059753342940012,1.264586907993255,False
109,0.1804467769007348,0.15156766435360688,1.2194137641061604,False
110,-0.8307927260057875,0.8813723096530597,1.216982338131834,False
111,-0.1107220479740554,0.14584943370601994,1.2190865022153001,False
112,0.5667902214483945,0.5462017608477538,1.2257507057637187,False
113,-1.643704198609912,1.711728276729086,1.1989446221622309,False
114,-0.0097158008830146,0.04267566533081925,1.2644734749685442,False
115,1.2045626308699566,1.1976603066389324,1.2401804264251117,False
116,1.3687465933091345,1.3653675386119628,1.1906866303576917,False
117,0.975074875358628,0.9632479092480127,1.1671424745189927,False
118,-0.3732515987692953,0.414012679499914,1.150955663355294,False
119,1.266589314018387,1.2610180377154072,1.1758567755361033,False
120,0.2744762110344318,0.24761490239242867,1.1941582427659245,False
121,-0.1053518481865382,0.14036399330047303,1.2079490057424096,False
122,1.9103142006630864,1.918556796601971,1.2100291646112593,False
123,0.1605818453079496,0.13127644564219496,1.2598801803131205,False
124,-0.3178477590084541,0.35741991325814365,1.2999382038301475,False
125,0.8902100895285683,0.8765619862619854,1.3028363448074267,False
126,0.5960140551368573,0.5760527169504115,1.3129881156412222,False
127,0.6813334992277179,0.6632030548359197,1.3134981758087676,False
128,0.9644309147626972,0.9523755369270264,1.2990689335597922,False
129,0.2555714394513991,0.22830444803275077,1.2967900120481726,False
130,-0.1208131926282256,0.15615712705345797,1.1418710583055611,False
131,1.0434797417170685,1.0331206947504876,1.1377414796423686,False
132,0.8803947191002808,0.866535985056613,1.1516251767634016,False
133,3.382158244086848,3.421985552684242,1.1415424889585442,False
134,0.6884146333909722,0.670436145036121,1.2196457598745638,False
135,1.5134236603614502,1.513149271278506,1.2502319831676245,False
136,1.6098864142650593,1.6116820463762132,1.2571345786309762,False
137,0.3408638576799494,0.3154271801004166,1.2330871210061092,False
138,-0.3581768408448972,0.3986144281323307,1.2374731487620902,False
139,-1.1812832217205873,1.2393840788656547,1.2429217575313283,False
140,0.5182877109442322,0.4966584214158698,1.203901881095726,False
141,0.5690650231870789,0.5485253781926789,1.2424215459978811,False
142,-2.126931327852973,2.205325111984229,1.2408299636545743,False
143,0.4951927004152653,0.4730678086016867,1.3189370137012115,False
144,0.5143166876075536,0.4926021827796425,1.394985249069095,False
145,-0.610062452965625,0.655905323997075,1.3898042203818766,False
146,-0.0940285629130053,0.12879771848377974,1.3467148779894935,False
147,-1.0268981304821432,1.0816859948089081,1.3180191462225794,False
148,-0.4461755770812301,0.4885015538422326,1.3086905231162953,False
149,-1.044072798987136,1.099229219325089,1.3131561442826458,False
150,0.3084003110275907,0.2822669891279805,1.3153410607603724,False
151,-0.1485057707517516,0.18444396795007661,1.3168617282034218,False
152,-0.5774529283776003,0.6225960225076557,1.285521062255506,False
153,1.3843183396987484,1.3812734434591283,1.2759449492025747,False
154,1.336459131148648,1.3323872107777197,1.3213716160786237,False
155,1.7273635324783088,1.7316801389000858,1.2715896674439169,False
156,-0.6257628526577774,0.6719426429539526,1.2332748164947498,False
157,-1.7308997895860097,1.8007950222601614,1.301760949353219,False
158,-1.7748289732506954,1.8456668945538302,1.296175778546636,False
159,0.7795627925728085,0.7635402780386711,1.295608473846101,False
160,-1.3646242026931013,1.4266594251864673,1.3764098955551687,False
161,-1.0341569039177272,1.0891005362922281,1.4264529651881712,False
162,0.3490002258488341,0.3237381488676774,1.4233317470608324,False
163,0.4519834877543508,0.42893135737076665,1.4437698521134388,False
164,0.1694097343335817,0.14029377480552477,1.428619960675075,False
165,0.4730103954236049,0.4504094873280055,1.4291661505255233,False
166,0.2841782369710411,0.2575251268150001,1.3548320784874428,False
167,-1.179607727621884,1.2376726298708431,1.2692573193403422,False
168,-2.1203668117113956,2.1986197260562093,1.2849242011748756,False
169,-1.2498159586411162,1.3093874789403455,1.2932761571854967,False
170,-0.7997030275173009,0.8496154486361884,1.287065514334451,False
171,0.1146084598804218,0.08431650448876996,1.2843925285556468,False
172,-0.3738137955237764,0.4145869405916645,1.2857991538814753,False
173,-0.436098951969526,0.4782086916161802,1.2524722313511238,False
174,-0.90657849051293,0.9587843820603215,1.2524026596941478,False
175,-2.011457035234907,2.087372824249709,1.1578884275138743,False
176,-1.425891434350832,1.4892414074904623,1.0739928907578642,False
177,-2.2899811713778915,2.3718738876682712,1.0803004230350597,False
178,-1.8779503637354615,1.9510011957759532,1.0729878094590901,False
179,-0.5217358583955368,0.5656833043498085,1.0713664565690788,False
180,-0.8480090424325986,0.8989580758254524,1.0872153745990016,False
181,-0.9240424746948104,0.9766231307593544,1.0838298225601397,False
182,0.4821635304897865,0.45975904207756424,1.0786520160183584,False
183,-0.0800711789051818,0.11454081907191511,1.0808588850759455,False
184,-0.1999246512743112,0.23696626059960957,1.0824714212513542,False
185,-0.1206377527461275,0.1559779223579004,1.0798765949332645,False
186,0.9811473046876078,0.9694506485350018,1.0198284684848595,False
187,1.3076592682253745,1.302969323547387,1.0398515056263693,False
188,-0.6363849423943291,0.682792675082676,1.0391105073490483,False
189,-1.612865796894074,1.6802281051325367,1.0115442580078708,False
190,-2.007776341722592,2.0836131457066838,1.0072580270247322,False
191,-1.303335812011425,1.3640558298011183,1.0097012477230822,False
192,-0.5926974082249303,0.6381676379083465,0.9059273051656784,False
193,0.8951698068521856,0.8816281355457237,0.8321417747733468,False
194,-0.3239252337579363,0.36362780623672386,0.8701704911089435,False
195,-0.0612208338612751,0.0952859592056767,0.8641299426535037,False
196,-0.4179415319316469,0.45966162642732283,0.8653298020062431,False
197,-0.941508719286907,0.994464188375378,0.8661653960953605,False
198,-0.0496247744330302,0.08344105669745429,0.8685865454575815,False
199,-1.3325162229644838,1.393862431347758,0.8836610899488696,False
200,-1.5726531763713778,1.6391525507479752,0.8745958892582734,False
201,-1.047908850299386,1.1031475895344955,0.859040183046613,False
202,-2.0923199772624756,2.1699710267487076,0.8500863273197505,False
203,-0.6598073631558767,0.706717724117121,0.8658261438772319,False
204,-0.0243102059402443,0.05758325580481514,0.8887995207816363,False
205,0.5497879331168907,0.5288346156593792,0.892064053496641,False
206,0.1694577826926752,0.14034285424778395,0.8974566014011137,False
207,-0.5323431168925467,0.5765181869712761,0.8959725322648254,False
208,-0.491988428560375,0.5352975161044126,0.882177527983801,False
209,-0.6342903879193837,0.6806531729778957,0.8766727226891765,False
210,-0.6562725818763332,0.7031070889782478,0.8621128431136753,False
211,-0.5904425277800133,0.6358643693537991,0.8596723774441442,False
212,0.1481712597000139,0.1185995378093592,0.8254352381576924,False
213,1.190340217543365,1.1831326905700816,0.833373928285509,False
214,-0.0220505028814062,0.05527506114652678,0.8519714390304558,False
215,0.8071903569548715,0.7917607100457795,0.8448277778281803,False
216,0.7949705580780938,0.7792786830898841,0.8515759478994773,False
217,-0.2925741529858127,0.3316039538607435,0.8511867082675232,False
218,0.9499778333221166,0.9376123027726645,0.8737490268036666,False
219,2.3433094278828466,2.360843789410176,0.8798360697545513,False
220,-0.3400565413043567,0.3801052800199383,0.9122593748628323,False
221,1.9019749636477823,1.9100386055690204,0.9713749978916476,False
222,0.7717516480134243,0.7555615119452361,1.03082365551829,False
223,-0.4935637442529706,0.536906636936703,1.0504469921187403,False
224,-0.5506059404723648,0.5951729175861357,1.0706092758922479,False
225,0.3397353513373773,0.3142744568248598,1.0633333766043496,False
226,-1.087027783696079,1.1431059870553684,1.0414070388578862,False
227,-1.97353616812556,2.0486382026554613,1.049750980438985,False
228,-0.2866498773818716,0.3255525475709825,1.0592464188192943,False
229,0.3744123039954327,0.349695551901041,1.101526345202285,False
230,0.1875532171033456,0.15882660364253545,1.1031256799666438,False
231,1.9668202568006157,1.976275431989689,1.0927221066431245,False
232,-0.8325212069621919,0.8831378825653595,1.1100254669937022,False
233,-0.3275651704412011,0.36734585333851416,1.22208912340043,False
234,-1.8821009422107016,1.95524084267464,1.2218320949726316,False
235,-1.2976715413872566,1.3582700080106538,1.2394028875670866,False
236,0.2110089076824998,0.1827856364409007,1.216788961419753,False
237,-0.1041522927264875,0.13913869624456987,1.241501185148354,False
238,-0.978501091305028,1.032250390042754,1.2383546012690725,False
239,-0.1614929169245254,0.19770980892204051,1.2460415076689035,False
240,-0.7377062551838857,0.7862882702392673,1.2487808790330175,False
241,-0.0808704158339273,0.11535720704927428,1.2530719482046697,False
242,-0.1427617319805121,0.17857666624558033,1.2582549069649618,False
243,-0.4137356147943999,0.45536545333881595,1.2583148702008198,False
244,-0.7653358009496324,0.8145107261491257,1.2592932422034724,False
245,0.3746435871267187,0.3499317982016771,1.2535546071679835,False
246,-0.8110035148368242,0.8611584362712057,1.2563656758961126,False
247,-0.3691673627533798,0.409840798721927,1.2555593139583632,False
248,-0.4899856653245208,0.5332517750125754,1.248910374975761,False
249,-0.3733956043310205,0.4141597753172329,1.248989083296801,False
250,-0.3478308960178824,0.38804646678393107,1.234470220926052,False
251,0.4004764790413501,0.376319045363325,1.2134422664152955,False
252,2.087287448514282,2.0993277628368485,1.1940575377913505,False
253,-0.3486743631677909,0.38890803413112995,1.132762610929758,False
254,0.7601064823970594,0.7436664494654792,1.1459707859144672,False
255,-0.0978238726593588,0.13267447284264108,1.1475218845265804,False
256,-2.3164392134828273,2.3988997002928656,1.1352295826578034,False
257,-0.7649109381364989,0.8140767460861503,1.2018478236090853,False
258,1.381802574045097,1.3787036912872437,1.2241050241440932,False
259,0.0421292387548277,0.010281931501548347,1.255591523325726,False
260,0.2194274505253474,0.19138483514731125,1.2692917324743107,False
261,-0.1469775359279301,0.18288293830808072,1.2345687262913794,False
262,0.1800198228328672,0.15113154815907767,1.2306006386210286,False
263,0.9353583846059518,0.9226791312208575,1.231655328513835,False
264,-0.1300433534132942,0.1655853604383314,1.196739116664402,False
265,-1.2061499181109048,1.2647843966432133,1.1029917431398317,False
266,-1.0774091758866244,1.1332809708528546,1.1159928020707697,False
267,0.3101239804794751,0.2840276472843402,1.0808079060470157,False
268,-1.9480612769037264,2.022616638623527,1.103303865134056,False
269,0.8659784970023969,0.8518104012198836,1.1429172195348487,False
270,0.0585637750957574,0.027069141150715677,1.2499007651725202,False
271,-0.0805197254541352,0.11499899110661611,1.2483930817945463,False
272,-0.433647872265659,0.4757050135079539,1.240425139657816,False
273,0.241014116087042,0.21343473499803792,1.237691448898928,False
274,-1.3522391638940183,1.4140086123785949,1.2379961773540078,False
275,0.0257848377530582,0.0064132085690259575,1.2700497863735525,False
276,-0.0140533786459747,0.04710632438720114,1.2935200829461009,False
277,-0.4244644032319957,0.4663244738458279,1.2918526740731078,False
278,0.2509360234249724,0.22356955931837083,1.2776231756313994,False
279,0.6352465156507279,0.6161270777985963,1.2653836769237197,False
280,-0.8476379434567848,0.898579013333007,1.264825135809807,False
281,0.3786889686860967,0.35406399073448525,1.292723303652744,False
282,-1.4771997491062865,1.5416507617111945,1.3110171569518143,False
283,-0.1679055072206395,0.20426000878542122,1.3524557395591141,False
284,0.4528199215020183,0.42978574038398026,1.3665034593083296,False
285,0.0419333293969045,0.010081818069963428,1.3362666255524416,False
286,-2.395787364920798,2.479950605887671,1.265771435109361,False
287,-0.3764253915089505,0.4172545795449373,1.3207294259225313,False
288,0.1841987425641184,0.15540014449670866,1.3645831807292106,False
289,-1.5995105642482708,1.666586278817051,1.3066055968154697,False
290,-0.5016737145442018,0.5451906413468764,1.3182562707696475,False
291,0.6954534965289313,0.677626057105282,1.2748126092970857,False
292,1.2145217226513902,1.2078331133541336,1.2714669213024783,False
293,-0.5271200864672517,0.5711830740764242,1.2742596032745768,False
294,-0.9141887198417394,0.9665579214270998,1.3107662800413844,False
295,0.0869790834187466,0.05609422151612648,1.310889267520964,False
296,-0.2037535007603819,0.24087727443683593,1.3163742326035572,False
297,0.6714486637712761,0.6531060979329406,1.3037148117376929,False
298,0.5958387835949104,0.5758736842074634,1.2974890997660145,False
299,-0.7858025366733236,0.8354166632744726,1.297636003348588,False
300,-0.4184490361838228,0.46018002135507646,1.2980541154343745,False
301,-1.898334137413152,1.971822390549569,1.2343634109429336,False
302,-0.1168571319495035,0.15211617216304588,1.1547769724873371,False
303,-1.3949874729618743,1.457674269357446,1.1926979473207129,False
304,0.3193763492404415,0.29347856521227267,1.2136271979428024,False
305,-1.4801027204038728,1.5446160286811381,1.2509382084787823,False
306,1.0130272125840991,1.002014676284401,1.2853811364005636,False
307,-0.0721798022188357,0.10648009912788356,1.329726238263251,False
308,0.805712145072327,0.7902507768013373,1.323077787622988,False
309,0.5132050699834175,0.49146671064225056,1.3321700270057146,False
310,0.1888509097054605,0.16015214379286036,1.3310877715155756,False
311,-0.091160120287548,0.12586772114638997,1.327160800489426,False
312,0.4782735281038092,0.455785563043262,1.3261193932197586,False
313,-0.5978238169602632,0.6434040556813889,1.3026428613493855,False
314,0.1425260658245467,0.11283320214087739,1.2986653005927937,False
315,-0.2499960388878711,0.2881121441132299,1.261515831859765,False
316,0.0242414901446737,0.007989675305052289,1.2424700211577893,False
317,-0.194217409395456,0.23113654542229478,1.2383660036379665,False
318,-0.2242479003165587,0.2618114690405809,1.2368398191666,False
319,-1.0886023037690924,1.1447142951946536,1.1547343678428135,False
320,-0.276957781967572,0.3156524667725743,1.1091489492323192,False
321,-0.4578310081606792,0.5004071020745148,1.1142801036462393,False
322,-0.7548276236643066,0.8037770509507535,1.067212745954144,False
323,-0.627683917433096,0.6739049323951575,1.050789644410879,False
324,0.4300807837606492,0.40655863713099843,1.0279837879165814,False
325,-0.5456339542588273,0.5900942361309397,1.0417755405989328,False
326,0.0356603194573571,0.003674193857028955,1.009345149352162,False
327,-0.5316705596426341,0.5758311971273806,1.011897036722934,False
328,0.7749920011942507,0.758871400770539,1.00125349322659,False
329,-0.2682352139809295,0.3067427187618434,1.0267806157694754,False
330,-0.5499298595873818,0.5944823284925,1.0318682929589342,False
331,-0.2870335254102292,0.3259444284095973,1.0328089132354579,False
332,1.237178673716824,1.2309762662643327,1.0042001151687452,False
333,0.3829612180379617,0.35842791947914127,1.037542736791747,False
334,0.9905403980196884,0.9790453108819478,1.0133622609780812,False
335,1.3740288377619856,1.3707631362247363,0.9697655057506596,False
336,-1.7672568362115693,1.8379322649098249,0.9412750510142562,False
337,-0.7259029836710976,0.7742317090244707,1.0549138002868468,False
338,-1.1464759845065302,1.2038299034207744,1.0233203071447503,False
339,0.1865669326537813,0.15781915423933476,0.9210083073291908,False
340,0.1192996192252605,0.08910833273301007,0.9339288374675732,False
341,1.040753258013109,1.0303357026707647,0.9203806061161769,False
342,1.2190796459525295,1.2124888464051775,0.9337689395029795,False
343,-0.2641612532101232,0.30258133372832197,0.93207678847786,False
344,0.7018795192899104,0.6841899776845453,0.9686307474863927,False
345,0.8425216253504261,0.8278501620037301,0.9787082364218906,False
346,-1.033769006510598,1.0887043148862352,0.9587035983535193,False
347,-1.0032566861993544,1.05753722216627,1.007815111430296,False
348,-1.909855764698982,1.9835912636552313,1.0057703844461612,False
349,-0.975599902990616,1.0292869443175188,1.0161017401913592,False
350,1.7912593150914562,1.7969470789690412,1.0306476633972037,False
351,1.1020905702884758,1.092989269471955,1.1426626365488923,False
352,0.1156561676116043,0.0853866952729548,1.1384884276055924,False
353,-0.5758932684927044,0.6210028934454175,1.144978867506868,False
354,-0.4373789265872265,0.4795161335669116,1.1512991509739305,False
355,0.947902400075143,0.9354923322236307,1.1502937552763908,False
356,0.250575202225034,0.2232009951554656,1.1756516131142027,False
357,0.6253413874004503,0.6060093926330473,1.16799839190013,False
358,0.9270830941422123,0.9142262589863926,1.1561534592349216,False
359,-0.122367060887979,0.1577443402064511,1.1529566149091424,False
360,-0.0526714468977992,0.08655310855808679,1.1640814733021323,False
361,-1.910681295859989,1.9844345101201306,1.140019448151835,False
362,-0.3296149368930334,0.36943960630147676,1.1721218471294437,False
363,-1.971203900109197,2.046255885847945,1.2060754990977558,False
364,0.6881539412544275,0.6701698586341636,1.239559490398054,False
365,-0.028379618180529,0.06173999469962733,1.300867201334076,False
366,0.5273565583191183,0.50592187972101,1.2982343432612302,False
367,-0.4530850497596095,0.4955592988257815,1.297467236662319,False
368,-0.4972281478511831,0.5406496759958065,1.3063448337669006,False
369,-0.2079475129781259,0.2451612871348452,1.1789939995143155,False
370,-1.6469735764886455,1.7150678131013999,1.1658047135730583,False
371,-0.8605546280086297,0.9117728806284269,1.1917267158614253,False
372,1.1145226450639474,1.1056881276143784,1.1755795336620833,False
373,-0.4388882929443857,0.4810578898385459,1.227918802035823,False
374,0.0625966932887125,0.031188602862237763,1.2478092564482939,False
375,-0.7337867763890947,0.782284682253657,1.2509889570753803,False
376,-0.1492951671601494,0.18525030423661185,1.2310931521813393,False
377,0.986258344495489,0.9746713675744834,1.223110103089851,False
378,0.4437640142665683,0.4205354999043447,1.2400265940076352,False
379,0.6513082821621721,0.6325335182463306,1.196418064951109,False
380,0.6854982204796309,0.6674571480050764,1.1967525662264515,False
381,0.9677873029824436,0.9558039508195775,1.1839384622200786,False
382,0.547368396910766,0.5263631579496286,1.1743542357656926,False
383,0.0996930639869168,0.06908103494643703,1.0677570350790142,False
384,-2.2828982702885923,2.364638992625065,1.0638589117160606,False
385,2.109053703448797,2.1215611059189357,1.1308143616129296,False
386,1.2082962859603157,1.201474083277306,1.3726179378060053,False
387,0.7122203992592665,0.6947527654870902,1.3835357284382235,False
388,1.1072910589400564,1.0983013568628708,1.3648737186333817,False
389,-0.4872786128781756,0.5304866311712544,1.3607149852772789,False
390,-0.0171361218452688,0.05025522103433144,1.3887143899554626,False
391,1.8395410259769576,1.8462648805815414,1.390348847313724,False
392,-0.0175952382003411,0.05072418969557475,1.4162495784039026,False
393,1.23591885638297,1.229689414158235,1.4562766480972802,False
394,0.2377666302730853,0.21011756047843697,1.4318127270208232,False
395,0.889505445915231,0.8758422215044255,1.41818380402153,False
396,0.3216602929830986,0.2958115207419886,1.389277768593824,False
397,-0.3536973273282254,0.394038787483232,1.3116682328287246,False
398,-0.5717555719204606,0.6167764048860835,1.3109742487054945,False
399,0.6407811271135581,0.6217804580355443,1.3073307002991406,False
400,-0.5162006177079483,0.5600292813853923,1.313599577694836,False
401,0.120396396334254,0.0902286458884976,1.3303637416460934,False
402,-0.8969504754798547,0.9489497567619466,1.3342161273028321,False
403,-0.6627557984371042,0.7097294306950364,1.321461817605813,False
404,0.4206552013349122,0.39693078849785574,1.3147654071675055,False
405,0.9839220603490856,0.9722849484536698,1.280698861296282,False
406,-0.1483763343674446,0.18431175395422567,1.253406249250727,False
407,1.338761974556675,1.3347394715460064,1.2673865375040223,False
408,0.0692505288732535,0.037985224964109665,1.2856382784168556,False
409,-0.6040714074836413,0.6497857149957986,1.3031179562329136,False
410,-0.0854542341710724,0.12003939082513854,1.2917598144818443,False
411,0.8167867933763254,0.8015630790782812,1.292320909045763,False
412,0.3211534766434486,0.295293828488868,1.3020053275848775,False
413,-0.3451361722142167,0.3852939161490782,1.3049897400910615,False
414,-1.1576836085244238,1.2152780349746202,1.3088714695655796,False
415,-1.1709641868962957,1.228843604989247,1.3143620947213601,False
416,0.9655139411555912,0.9534818042859549,1.3123991467571885,False
417,-0.223637421579502,0.2611878898696976,1.2951850544291186,False
418,2.24786270385841,2.2633488474607644,1.0516834943882005,False
419,0.5167391039005919,0.49507658238089663,1.131946734636287,False
420,0.8983944843295768,0.8849220122782907,1.1709340221818663,False
421,-0.0529849567273459,0.08687334608268113,1.170788147696007,False
422,-0.0743714144369936,0.1087187417651125,1.1479439050081244,False
423,0.2565105665556134,0.22926372812794868,1.1449221218903516,False
424,-0.8916052696222528,0.9434898466380419,1.0957435213421673,False
425,1.5102341990362331,1.5098913664113645,1.0647417533769628,False
426,1.042827967116093,1.0324549335362008,1.1268422970552812,False
427,-0.6482238805421321,0.694885668312776,1.1153943149938723,False
428,0.875631178037563,0.8616702218349815,1.1493124374020192,False
429,0.8740799015040929,0.8600856560248503,1.1779216463823627,False
430,0.6180566884865899,0.5985683693293672,1.17114306940814,False
431,1.3958094243313874,1.393011118488269,1.171430411631754,False
432,-0.2940587498241787,0.33312040907755863,1.1598220679191096,False
433,-0.8712064348569477,0.9226532675767231,1.1809526542211963,False
434,-1.9228229361785976,1.9968367012915142,1.1795677546554308,False
435,0.5751883437716518,0.5547801008249374,1.1805073371386425,False
436,1.4946413751645142,1.4939639317745148,1.261997074738909,False
437,0.3910823273781805,0.3667233019742675,1.2579450114247854,False
438,-0.4776403661313846,0.5206415545939597,1.2697577915731115,False
439,0.8317222992516414,0.8168190901481448,1.2631374777704167,False
440,-0.3785348089479128,0.4194092635622332,1.2567137006044518,False
441,1.373557517585368,1.3702817018567308,1.254849175986999,False
442,0.96527219937756,0.9532348749035502,1.2865877841392224,False
443,0.9193885046133484,0.906366549110451,1.286405387933896,False
444,1.242957279573409,1.2368788768389192,1.2766165181698892,False
445,0.4743903342518071,0.45181903864916834,1.2745025758049966,False
446,0.9090050288213816,0.8957602514096338,1.2764287392880016,False
447,0.6282330564735501,0.6089631148409106,1.2690299813143844,False
448,0.4518785964154583,0.42882421513931923,1.2704396213263638,False
449,0.2034491503109036,0.17506365212317068,1.2127547843231896,False
450,-0.2636926004627103,0.30210262403062976,1.1946679890082719,False
451,0.8283602597449041,0.813384903696056,1.1095286149762218,False
452,1.1144537302499726,1.1056177339381512,1.0858703105904164,False
453,0.5248682135411176,0.5033801368570099,1.0849454978971067,False
454,2.105937359594552,2.1183778875710098,1.0764910283064144,False
455,-0.730727867850227,0.7791601317415922,1.1113058791319086,False
456,1.7024118549130494,1.7061930163128027,1.2226400213502617,False
457,1.0887535113625322,1.0793660068712623,1.279648197664412,False
458,0.673526816945233,0.655228846776631,1.2125014931486915,False
459,0.9433201925442156,0.9308117938207249,1.2119058581137887,False
460,0.1474442218150085,0.11785689821519693,1.1732011285434834,False
461,1.3811998331399702,1.378088015996588,1.1506281311762638,False
462,1.500765358393419,1.500219331270975,1.1718882255885263,False
463,0.6441397109579408,0.6252111146692543,1.1709579455355723,False
464,2.4345286664764707,2.4540205271374758,1.17282425497125,False
465,2.1910359434240356,2.2053026256930695,1.1746770483456161,False
466,1.4123359956254058,1.409892338094304,1.1700794171327995,False
467,2.044015598868554,2.055127330476553,1.1624165084103824,False
468,0.9307496211988732,0.9179714670718327,1.0825107808971517,False
469,0.5819959862608048,0.5617338304167712,1.0892164735074823,False
470,0.3682387774790159,0.3433895459538164,1.0729932886300853,False
471,-0.0767010779832247,0.11109839821244441,1.0619602205735612,False
472,2.1534391035583993,2.16689898473371,1.038619693521556,False
473,-0.3221235836260891,0.36178749399119703,1.089168194346527,False
474,-0.1625957704699265,0.19883632890988268,1.1351279207735552,False
475,0.0416536593749845,0.009796146530884722,1.1338320837974756,False
476,-0.3415877251112058,0.38166932192801273,1.1346183194167743,False
477,1.596683088271765,1.5981953865205452,1.1344447479711317,False
478,-1.4054031744344082,1.4683134842787156,1.1791359791408935,False
479,0.436030503824274,0.4126360339002143,1.2926194193647573,False
480,-0.3733120868880239,0.4140744656500868,1.3353155322238204,False
481,-0.5539541124501093,0.5985929389220515,1.3425890285794837,False
482,0.6279064775480908,0.6086295277670222,1.3422798508750822,False
483,0.9476536639108752,0.9352382583605005,1.356285592855109,False
484,2.0748819899159456,2.0866560920355437,1.3435495253866103,False
485,1.3067877488013389,1.3020791019444709,1.3574085649961127,False
486,1.291903830054439,1.2868757850256287,1.360400505219111,False
487,0.8034611624271679,0.7879514896905221,1.330416086026323,False
488,0.742466345139297,0.7256477675724802,1.2314334163905993,False
489,-0.5515012482681051,0.596087438042073,1.151963051113729,False
490,0.7324516654469041,0.7154181800698037,1.169230256732719,False
491,-0.186795066174547,0.22355492406391414,1.190556533977643,False
492,0.1008915211307478,0.07030521011704578,1.2004380115302191,False
493,-0.0829035915519846,0.1174340132532693,1.1935550389225287,False
494,-0.4059430448916014,0.44740566050071323,1.172349317009824,False
495,-0.1099020759994977,0.14501186572370575,1.1729467449609643,False
496,-1.4825560159302282,1.5471219701618069,1.1653547328178138,False
497,0.3618393867692736,0.3368528289304202,1.1404097956234431,False
498,0.5162186130193666,0.4945449221403915,1.1918270065166612,False
499,0.3228844838421815,0.2970619818548365,1.1849993334912488,False
500,0.8952419677439681,0.8817018449582495,1.1791441392502742,False
501,1.1990112339880472,1.1919897807799062,1.167884386157843,False
502,0.5004718023286737,0.47846019623838554,1.1673151034380116,False
503,-1.3725231926633388,1.4347279217899769,1.1735660702777506,False
504,1.5156754463262212,1.5154493789475931,1.2175224521832848,False
505,1.3864356917550364,1.3834362323649205,1.2618613697094752,False
506,-0.0705610395569679,0.10482659898566526,1.1800887937266373,False
507,0.1268528166774118,0.09682361636015056,1.2096286588016083,False
508,-0.4174573234142172,0.4591670271439977,1.2095925536110277,False
509,-0.1547560427924775,0.19082836632526431,1.2115836750023958,False
510,0.8975786848610015,0.8840887063409307,1.1601226652436236,False
511,-1.0129861855795643,1.0674755095927462,1.0433727595363398,False
512,0.0316627731719286,0.00040913689131767076,1.0489155026977954,False
513,-0.7433098894107443,0.7920121544190265,1.0565262710113308,False
514,-1.5340608322460398,1.5997320427247954,1.0652220175200762,False
515,0.2595590689811378,0.23237764921897583,1.0512539935001644,False
516,0.1748375542733771,0.14583807185030054,1.0999308988728211,False
517,-1.067882726928428,1.1235500911641436,1.079781934052993,False
518,-1.1161576105339035,1.1728609189881078,1.093009781680259,False
519,-0.1284869765871751,0.16399558488694588,1.0929672570667188,False
520,-0.2062604734175263,0.24343804492084414,1.1060374925828123,False
521,-0.3691585149378586,0.40983176103865987,1.106057066029279,False
522,-0.0189021577441576,0.052059154791121866,1.0821648169905833,False
523,-0.0010316383288977,0.03380514690552354,1.0589258593063995,False
524,1.1325323703966843,1.1240843286761402,1.0462361311949293,False
525,-0.9125599087942522,0.9648941572681469,1.0641206370474965,False
526,-1.0897239729669077,1.1458600346052534,1.1254146900432893,False
527,-0.1885447332198501,0.2253421377033152,1.1244674258067695,False
528,-0.1652837718387808,0.20158201285131677,1.1350165321365064,False
529,0.7882453673373625,0.772409174601584,1.107139130555723,False
530,0.6872779963164843,0.6692751165490001,1.0709422344843418,False
531,1.852395884815204,1.8593955954280965,1.0708086233874565,False
532,-0.457080492075964,0.4996404804553938,1.0894433908813252,False
533,-0.1625348461335766,0.19877409718117275,1.161416531725155,False
534,-0.3720520622267584,0.41278740176748085,1.1613290258554196,False
535,0.5195329260690202,0.4979303579600162,1.1556218735535029,False
536,1.8185872436850552,1.8248614452195628,1.1158398011513733,False
537,0.9705830646050846,0.9586597074721996,1.0168405659543027,False
538,0.1896609827472073,0.16097960041839807,1.0278819155134051,False
539,0.0381084921590946,0.006174902580954591,1.0039127658074458,False
540,0.4417389844050886,0.41846701436114003,1.0036856596815318,False
541,0.2201461050019162,0.19211891143113238,1.0011727452696322,False
542,0.5013090013738223,0.4793153609718128,1.0011529058386885,False
543,0.4155456718346749,0.391711612176132,0.9844377898301621,False
544,-1.2569679422681574,1.3166929389827773,0.9217949363968614,False
545,0.4504455507541509,0.427360417350678,0.9513788394746178,False
546,1.3795062688103277,1.3763581089967019,0.9899627021165549,False
547,-0.2270500297619626,0.26467373016485424,0.9902416298598874,False
548,-0.191271943363334,0.22812787181143124,0.9840627027672763,False
549,0.4503579205703112,0.42727090668623363,0.9840186668265103,False
550,1.5784641637715846,1.5795854970279415,0.9641403607731783,False
551,1.528036336580471,1.52807552500026,0.9826229883606719,False
552,2.7402085296460204,2.766260059917974,0.9688734628315342,False
553,-0.1513724517042481,0.1873721658102732,0.98991612205105,False
554,-0.3417534352341694,0.3818385880708154,1.1213827418442621,False
555,1.1752112018089662,1.1676790170589897,1.120113289200671,False
556,-0.2974294283044995,0.3365634198893794,1.1522089721914124,False
557,1.3710733748182522,1.3677442511757414,1.1642274218986146,False
558,1.8554736421956048,1.8625393992642525,1.1432920902984638,False
559,1.1948765862307689,1.1877664064609101,1.1446337233388035,False
560,1.426603136881338,1.4244656419216313,1.1423137538368566,False
561,1.7284055492208787,1.732744516571143,1.1427905207963571,False
562,1.4187787347302971,1.4164733337381752,1.13191973840973,False
563,1.5584470398413692,1.559138820041198,1.1332950206595611,False
564,1.6482128511561982,1.650830940987543,1.114292987796428,False
565,0.7553345888021159,0.7387921544722988,1.0322178371911646,False
566,-0.1338850253993247,0.16950947193712768,1.0449932630168777,False
567,2.285311679777013,2.3016014514193284,1.0568319608016712,False
568,0.1064017910532534,0.07593372646175268,1.1300247271857091,False
569,-0.5980878759233537,0.643673781159564,1.17296926025517,False
570,1.4684752006395696,1.4672362499978777,1.1701043809520302,False
571,-0.809035408911624,0.8591480962109375,1.2198639317082642,False
572,0.7981845946905719,0.7825616906122441,1.286692099411049,False
573,-0.9355092323321575,0.9883359567534127,1.3169070326707175,False
574,-1.3218032933753294,1.382919610008648,1.352183345729076,False
575,1.448780290209207,1.447118700980528,1.3522792362596447,False
576,0.8680185118120083,0.8538941932774097,1.4416356784192421,False
577,1.505497502558014,1.5050530238396724,1.4126153844993203,False
578,-0.4528136244611076,0.49528204893594485,1.384911708062878,False
579,0.8691422552624307,0.855042051452583,1.4183030420452554,False
580,1.6452269119699412,1.647780925697819,1.4095641142436812,False
581,0.8160938521178581,0.8008552677996947,1.415651924382391,False
582,0.3711008167665531,0.3463130025422681,1.419940615690304,False
583,1.8465965743602863,1.8534718359494153,1.4072071764555167,False
584,1.2905235892125912,1.285465925209825,1.432391645423589,False
585,-0.3529384907040394,0.39326366677185837,1.4185575708368328,False
586,-0.3796365432287189,0.42053464026686865,1.3534377375868671,False
587,-0.0470905981372004,0.08085249880427564,1.353028832474061,False
588,0.0250592706129309,0.0071543458571847515,1.3260912661658089,False
589,-0.9778801287195384,1.0316161020476045,1.300050034032515,False
590,-0.0869099608847703,0.1215263563852121,1.2756635739097297,False
591,0.8987032688991414,0.8852374231422284,1.283399607825601,False
592,-0.0603876114316066,0.09443485642303243,1.291545168678784,False
593,0.7763499099178953,0.7602584492369739,1.3014948943823776,False
594,-0.6958763990947218,0.7435607755782545,1.3095231292533516,False
595,0.8472286525914023,0.8326581986577255,1.333447384702858,False
596,0.3777617132092913,0.3531168370232665,1.3631810660816615,False
597,0.002943632151639,0.029744569984791216,1.365282090546888,False
598,0.9350630288930458,0.9223774373871664,1.3578903983635966,False
599,0.792714350628522,0.7769740590541183,1.3586042882018936,False
600,1.769194792718277,1.7744090678439675,1.2870798658832572,False
601,2.025469008526378,2.036182743669079,1.2384029187083112,False
602,0.4650392496700899,0.4422672865300999,1.2310967235702595,False
603,-0.5971202431086376,0.6426853836418562,1.209258126725205,False
604,-0.3173645117683675,0.3569262958804808,1.1542718928280036,False
605,-0.6476086974213179,0.6942572838054494,1.1181821815993782,False
606,1.3455952381345802,1.341719372036696,1.0761331448910894,False
607,0.11906491497768,0.08886859190138884,1.1288564543756177,False
608,0.2057371058149659,0.1774007055038009,1.0395277575539918,False
609,1.5947935511337517,1.5962653012770254,1.0350460834894064,False
610,1.0726663624304846,1.0629336393144673,1.0587193751959951,False
611,0.8686312511811686,0.8545200815919327,1.0018152903026958,False
612,1.9974161405632904,2.0075278813725426,0.9751663987062867,False
613,0.3073345504766235,0.281178358123506,0.9861526158841902,False
614,1.179414506281362,1.17197252141674,1.0209437146784823,False
615,2.895615965495599,2.925002427364576,1.0295987874087416,False
616,2.977284042543866,3.00842304250169,1.0413479526598475,False
617,1.565420025292879,1.5662614407362254,1.0358026706846952,False
618,2.1781144558859817,2.192103852342817,1.0243141358399472,False
619,3.373313021098337,3.41295051758368,1.0287958414166138,False
620,5.532639169243485,5.618614249000573,1.0467738722241757,False
621,4.203824968562499,4.261284653028503,1.1077871641146642,False
622,4.410264879027926,4.4721546152255875,1.1203639881034393,False
623,4.98968731742717,5.064011041659435,1.1125024897489142,False
624,3.5147923581574223,3.5574658992754107,1.1048401705238937,False
625,2.8273468451921326,2.8552683009296054,1.1247918181156287,False
626,4.334366656188494,4.394627671211255,1.1253714249452755,False
627,4.545469922320702,4.610261061327625,1.1173798690342183,False
628,6.002801068280348,6.098865483623234,1.0885235036641663,False
629,5.703173666162303,5.792808293347402,1.1082305475751415,False
630,7.171431683341217,7.292574069645465,1.1071046260833177,False
631,6.295168734664038,6.397507149466736,1.122828305967365,False
632,6.367844533125761,6.471742518198079,1.1373405164157273,False
633,7.184992835954907,7.306426234822976,1.1278999784358439,False
634,6.543339093940948,6.651003065838599,1.1340468428207386,False
635,7.304474498124422,7.428471887372074,1.1001766778297815,False
636,7.886149045016817,8.022628750924614,1.080272497869546,True
637,8.260048123545014,8.404551434271108,1.081885744188984,True
638,8.88528342869828,9.0432038385698,1.0767183807008276,True
639,9.22307716776043,9.388246387880422,1.0326939674949753,True
640,8.971508153243295,9.131278883575725,0.997678924256042,True
641,7.677340075585222,7.809338891462936,1.00162641120034,True
642,8.74503776886886,8.899948607932178,1.017450252541356,True
643,8.112907044244514,8.254252813428938,1.0203627574353595,True
644,7.370582945461526,7.495998974355662,1.0291377303980909,True
645,7.2892735383312095,7.412944725934505,1.0293674431499726,False
646,7.351697957681366,7.476708728345012,0.9734642256696425,False
647,7.418720932272679,7.545169967678737,0.9664168701509709,True
648,7.179762129424152,7.301083281098972,0.9256760318518841,False
649,6.806918146765886,6.920238335219547,0.928074976003956,False
650,6.858554948813523,6.972983225833065,0.8897268629556903,False
651,8.132474089087083,8.274239752955111,0.8861162881403052,True
652,6.98670141071694,7.103879618475074,0.8892260704522061,False
653,7.239577532039986,7.362182279155923,0.838667287837882,False
654,7.096964288850485,7.216508658525235,0.8008166153422672,False
655,5.9867339011833804,6.082453526697302,0.8016246787151083,False
656,7.409282796309782,7.535529296118572,0.8232910924963643,True
657,5.844533466885187,5.937201573539286,0.8115592384279793,False
658,6.688950213817618,6.799738895430091,0.8535094198539266,False
659,6.359525341377986,6.463244802589655,0.8257155037193742,False
660,5.1472330462990055,5.224937588355839,0.8283360629072924,False
661,4.107812505368056,4.163211831554131,0.8170789964462781,False
662,3.452791200241315,3.494134241184353,0.8353117491578802,False
663,2.9109817348937637,2.9406979351024694,0.7941477759277362,False
664,1.866006833241583,1.8732986250005572,0.7859809681351627,False
665,2.90180798011342,2.93132731815454,0.8024560568153405,False
666,1.9146528118965345,1.9229885113063727,0.8117521327642184,False
667,3.0337565784701734,3.066107438358606,0.8209695747393332,False
668,2.253154558141952,2.2687542611242715,0.8360109149006024,False
669,1.92478099489062,1.9333340378098134,0.8330999945033737,False
670,2.328379286416863,2.3455932578660037,0.8273762765466878,False
671,1.1310020014972582,1.1225211191628148,0.8211670646247756,False
672,1.580455095443552,1.5816191526590557,0.8331946297695652,False
673,-1.2075459010400995,1.2662103363602157,0.8423952239388341,False
674,0.9104193926901748,0.8972049665079543,0.9390592707530141,False
675,0.6675329608157421,0.6491063668133771,1.003724498064669,False
676,0.6826352730986512,0.6645327638361512,1.0012350040327216,False
677,-0.6477949496401486,0.6944475328626952,0.9977447192527646,False
678,0.5821265844283676,0.5618672311269095,1.0168400728761726,False
679,0.8160924792047771,0.8008538654248882,1.0487818918601681,False
680,0.3074158751547552,0.28126142797063325,1.0506258877075956,False
681,0.305696786837725,0.2795054492569808,1.051977120817775,False
682,0.4206859373098822,0.3969621840447023,1.0522238210965562,False
683,1.0054099942236117,0.9942339979063608,1.0527781451584595,False
684,0.4259865897449478,0.4023765846617252,1.0283948672850614,False
685,-0.1634515342535525,0.19971045676769858,1.016804998195756,False
686,-0.2116586127600067,0.24895202444407238,1.0154706102225532,False
687,-0.6437110925856949,0.6902760391784099,1.0158737691417004,False
688,-0.0580279346971393,0.09202454272607027,1.0038868701253756,False
689,0.7198755569217753,0.7025721973172367,0.9704031157314392,False
690,1.9423419816705432,1.9512718707127492,0.9549645050885553,False
691,-0.298946092244071,0.33811263034428646,0.9700129290501628,False
692,-0.7043149934168759,0.7521804560542698,1.03802113671234,False
693,0.360041575195474,0.3350164376156308,1.0225245912460657,False
694,-0.7459812024508148,0.7947407919121656,1.0332504448444173,False
695,0.5366027022591869,0.5153664392478734,1.0438458273358693,False
696,-0.745164207211574,0.7939062645437633,1.0701861740184275,False
697,0.0335792338036162,0.0015484496046513064,1.0779058834165736,False
698,0.7056023961369693,0.6879927447862834,1.0702404752250194,False
699,-0.2811410003905368,0.3199254540487457,1.065536346653378,False
700,-1.0503495880864535,1.1056407037958393,1.0567747258510718,False
701,-0.0578103180113537,0.0918022561430079,1.0565411651246093,False
702,-0.1741546154046475,0.21064321832836447,1.0731347430106872,False
703,-0.1077321437962045,0.14279536833883935,1.0697894374214745,False
704,0.9736782091256776,0.9618212715640484,1.050290112175443,False
705,0.4012166705922931,0.37707512089161827,1.0655950262251928,False
706,0.3502496257006168,0.3250143599400445,0.9450322596628392,False
707,-0.0102638180553434,0.04323544255680133,0.8664640508523275,False
708,0.5888348607211668,0.5687194621954124,0.8676996664576511,False
709,-0.1355046251399342,0.1711638271211943,0.8746014162130017,False
710,-0.1664527634899203,0.20277609022099174,0.851174776949116,False
711,-1.725314960821758,1.7950903470946866,0.8218467409450408,False
712,-0.2205759909444345,0.25806076313906573,0.8637760489701761,False
713,-0.303551435831653,0.3428168012869523,0.9038982366251117,False
714,0.223514717601562,0.1955598120299674,0.9039695061052936,False
715,2.010612476854238,2.0210074015318877,0.9088622402305959,False
716,-1.442159077489938,1.505858142529947,0.9576247967346911,False
717,-0.2735908818209625,0.31221331537478386,1.135026178601682,False
718,-0.2509018994175258,0.28903744375714785,1.1509268909692836,False
719,-1.4409750037127045,1.5046486593826192,1.1509061757120709,False
720,0.4303466176564067,0.40683017563061663,1.1677373369167519,False
721,-0.2009664480649151,0.23803041359869004,1.2107469699075561,False
722,-0.1559877672959036,0.19208652274903482,1.2077375851862433,False
723,0.0609727444412496,0.02952980524261833,1.1861300084812698,False
724,1.1176851473182652,1.1089184948883841,1.1183409534590463,False
725,-0.7272037540772759,0.7755603930263165,1.1305708852390357,False
726,0.0196850004648954,0.012643943970253863,1.1634413069637848,False
727,0.1825494448600949,0.15371545405233153,1.1544394380023209,False
728,-0.9808498595423616,1.034649561154094,1.1318062796688544,False
729,-1.208702676859377,1.267391935755079,1.1277053788177938,False
730,0.8760915417117048,0.8621404645818628,1.1190763253243978,False
731,-0.5186166751876566,0.5624971857177642,1.174519214789104,False
732,0.373505874569096,0.34876967115232815,1.1877744360406761,False
733,-0.0035698521719874,0.03639782898881711,1.1897093631000815,False
734,1.5274013735180398,1.5274269360880215,1.1790917024666137,False
735,0.3592172196699377,0.33417439201449256,1.2093443366851495,False
736,1.4736419169127914,1.4725138402795293,1.2284507924489123,False
737,0.289554131193111,0.26301638385356224,1.2293891523501674,False
738,1.2819309141522854,1.2766888575340378,1.2435005443942109,False
739,2.098573018472329,2.1108555129945605,1.2558325790405525,False
740,1.07231195075185,1.0625716222165749,1.2612802636865081,False
741,-0.0954092021458893,0.13020798523980423,1.2717986710130054,False
742,-0.3134610046734938,0.35293902233595986,1.2824848247750547,False
743,0.3139746827041895,0.28796098280423593,1.2830627518699609,False
744,1.3730738281233288,1.3697876327673508,1.2555437183006897,False
745,0.5790809118533903,0.5587562006129831,1.2414369369497156,False
746,-0.4628398555505266,0.5055234357203044,1.2502218744266735,False
747,-0.3307458457368412,0.37059478363421466,1.2607233025581264,False
748,0.5509516871991804,0.5300233430657507,1.2173379359477599,False
749,0.8392391426180522,0.8244972395570592,1.0601611438057008,False
750,0.5585295552617046,0.5377638267167867,1.0417911038432133,False
751,-0.2376545439744099,0.2755058096113899,1.04328417963377,False
752,0.1910470166899829,0.1623953776509013,1.030730376237752,False
753,-0.3357050627970567,0.37566042191925897,0.9781476676346063,False
754,1.5066563803688455,1.506236770333314,0.9761691484567271,False
755,1.2271349844476322,1.2207170466602417,1.0293522122540744,False
756,-0.7247162055115571,0.7730194634607402,1.0305259341544142,False
757,0.7153584300411799,0.6979581361485263,1.0708904692123498,False
758,-0.8136659197527268,0.8638779744782509,1.0513009412316832,False
759,1.9140997046894177,1.9224235348171237,1.0789129069982908,False
760,1.41148576367771,1.4090238607816317,1.1835952861744732,False
761,0.8666888415437258,0.8525359892432423,1.167321144966439,False
762,-0.5144649533396931,0.5582563709103991,1.1713093819859044,False
763,0.8174797730491974,0.8022709295956177,1.1382829410493898,False
764,0.3858157458920836,0.3613437034442289,1.1359213375868906,False
765,-0.0421924708454305,0.07584926123009054,1.1280309471219803,False
766,0.1062868738640498,0.0758163432324705,1.1286165010123816,False
767,-0.6184720305971844,0.6644953651052229,1.0940032992839355,False
768,0.2471422049129268,0.21969432819463114,1.0820530270483921,False
769,0.3140963259552177,0.28808523643178313,1.0744272091824603,False
770,0.0528500088899055,0.021232761639047804,1.053957491852166,False
771,-0.5707343962242528,0.6157333154952267,1.0391042593981885,False
772,-0.4749560718278487,0.5178996572687947,1.0320409724582424,False
773,0.3186219352812869,0.2927079620731354,1.0179387174818098,False
774,0.4096537275808203,0.3856932310439346,1.0073572313582604,False
775,-0.8064482333206906,0.8565054016959701,1.0065524520709777,False
776,0.001541628265737,0.031176659863893504,1.0234338514294061,False
777,-1.1015168558963897,1.1579059843052315,1.015707668909584,False
778,-0.2546467151955425,0.2928626205834945,1.0245118273176372,False
779,-0.1759829350938495,0.21251077244073063,1.0200704818814015,False
780,-1.1201437065250774,1.1769325537271356,1.0199019974556776,False
781,-1.140161973779961,1.1973803985734712,1.0203372723784834,False
782,-1.1851092007107131,1.2432921606081615,1.0184721764529596,False
783,-1.153793712672299,1.21130466476031,1.01769037930664,False
784,0.4563946096969528,0.43343713881189444,1.0087097580015285,False
785,-0.1682086924975403,0.2045697001999091,1.0468894977252339,False
786,0.1534142406660605,0.12395502936919221,1.048644152841641,False
787,1.8020546228196377,1.8079740462226854,0.9958314190895626,False
788,0.7405561731269581,0.7236966046451,1.0384365953135557,False
789,-0.0962103199351773,0.13102629443961789,0.9949737879227195,False
790,0.0390100891481178,0.007095847191731136,0.9732226655602385,False
791,0.667485187443813,0.6490575682593087,0.9339521343066378,False
792,-0.0869297511365655,0.12154657132155126,0.8025904919568672,False
793,-0.0022364195808058,0.03503578189501199,0.8084955665763511,False
794,-1.2271399484198369,1.2862248578785491,0.8036319993393283,False
795,-0.970398607346198,1.023974032616281,0.7955740800388107,False
796,-1.2347743383155103,1.2940230762805478,0.7583705393978983,False
797,0.7958817948717286,0.7802094743685335,0.7562701657812475,False
798,0.7567818795817597,0.7402705030692519,0.8372531511590541,False
799,0.0194751085752015,0.012858339988666397,0.8370259654708347,False
800,-0.4159323812344679,0.45760936080384335,0.8373891357150743,False
801,-0.7464603666684434,0.7952302386486505,0.8265183013344028,False
802,-1.4008691259395387,1.4636821383700813,0.8281433509617887,False
803,0.8532453517689557,0.8388040118643941,0.8345285258613816,False
804,0.6086363823681655,0.5889459102292903,0.9208064951940759,False
805,1.1506794778027902,1.142620859931577,0.9221600871,False
806,0.2159785690050442,0.187861943114618,0.916530248326796,False
807,-0.1535114230756721,0.1895570379661268,0.9319888616158231,False
808,1.3880983449359037,1.3851345648850515,0.9082448288931646,False
809,-1.534442824146737,1.6001222318964434,0.9375521516354577,False
810,0.2045963605140636,0.17623548063068678,1.0568952758258865,False
811,-1.0186393185108138,1.073249954683427,1.0915243982043525,False
812,0.0350419803187876,0.0030425856060799965,1.1130995590628896,False
813,1.8886648815154337,1.8964428986644755,1.1159836134651409,False
814,-0.1171254607045997,0.1523902590598865,1.161180433909022,False
815,1.2462066417410314,1.2401979679773836,1.219078872725529,False
816,0.9926084097925482,0.9811577006973807,1.2415402681289593,False
817,0.4182514237792181,0.3944754276078194,1.2105278757651756,False
818,-0.4103836136854744,0.45194152070132293,1.209701425716123,False
819,0.3467837782245253,0.32147413787437623,1.217463161563331,False
820,-0.3447685449846251,0.38491839990402743,1.1879468884694486,False
821,0.1578235280866162,0.12845893692075247,1.17951041128975,False
822,-0.3018597431599128,0.34108880610939835,1.1738522656770545,False
823,-1.039837224379102,1.0949027523378414,1.1764793459699951,False
824,-0.8889080153438926,0.940734711226331,1.1773313431120294,False
825,-0.3368734008800531,0.37685383169568937,1.1708008385300348,False
826,-1.0781844225076849,1.1340728537078117,1.1751208800495574,False
827,-0.2256196615470385,0.26321266727866655,1.1620357693667833,False
828,-2.0047479366216048,2.0805197532142974,1.1709446240528318,False
829,-0.4905146056526986,0.5337920660190766,1.2128167822708165,False
830,0.7982466871096201,0.7826251154898654,1.1877711993381632,False
831,-1.2389816811405074,1.2983207056510366,1.2107828607061437,False
832,-0.9710147373435014,1.024603384319384,1.2572767555503301,False
833,-0.3958290207678378,0.43707459670674986,1.2562768732567198,False
834,-1.229900406721698,1.289044553626565,1.2591927214215266,False
835,0.1101976216297056,0.07981101282735138,1.2626509281097174,False
836,1.3658723959687658,1.362431663067626,1.2197487670999887,False
837,-1.4767474259818676,1.5411887320584396,1.2396359909199375,False
838,-1.3496611170145938,1.4113752424707078,1.3347282482203444,False
839,-1.9113070678510335,1.985073710727213,1.326018769042244,False
840,-0.0319439163104386,0.06538078009920756,1.3279509508263185,False
841,0.0976183439855095,0.06696179294870538,1.342314469217488,False
842,1.2994509390019682,1.2945848494932248,1.235383833107105,False
843,1.1532573163994817,1.1452540170871337,1.2151900505612292,False
844,-0.2970146888178675,0.3361397803921981,1.1939688328512632,False
845,0.0886784183915017,0.05783002299296864,1.209230869797108,False
846,-1.70616445529032,1.7755288855131302,1.1632054807321444,False
847,-1.5344348415159197,1.6001140779641205,1.1523477237584177,False
848,-1.1262885792346016,1.1832092909774177,1.1241220788377795,False
849,-0.592609310364149,0.6380776495309504,1.127039445766507,False
850,0.908476999340954,0.8952208907970193,1.1279449526638403,False
851,0.3193705287467793,0.2934726198150103,1.1498142182075028,False
852,0.6361913945155103,0.6170922330829999,1.1474000252981278,False
853,-1.1405775649260033,1.19780490800606,1.1416515253278192,False
854,0.601656074595072,0.5818158100809337,1.1816624724609324,False
855,-0.7117778525798284,0.759803462797617,1.2199597233698092,False
856,-2.217913424503001,2.298259618872692,1.2357575563197918,False
857,0.5340488635488049,0.5127577969988937,1.264067058113006,False
858,0.5996830017245324,0.5798003964882581,1.3540128858887255,False
859,0.6435178683578693,0.6245759277750439,1.3467328522724278,False
860,-0.9084412093710088,0.9606870735229428,1.338798154234311,False
861,-1.0785536188481302,1.1344499727357045,1.329481128821531,False
862,-1.7895775566330407,1.8607319719087079,1.3020568215127555,False
863,1.0174075038186987,1.0064889654127473,1.2851771585128422,False
864,0.2767090165441446,0.24989562229956808,1.331760041950692,False
865,-0.4491936433301774,0.4915843856182636,1.3388537403574028,False
866,-2.005269332712045,2.0810523380891555,1.3417978671528044,False
867,0.5187733551684944,0.4971544872152616,1.3621622406715261,False
868,0.0676731347035299,0.036373981052069584,1.4154511938315468,False
869,-0.2205705322691987,0.25805518732459254,1.3991689609047602,False
870,-0.1186333269980466,0.15393048307752216,1.3037642595579126,False
871,0.9463789889749258,0.9339362298188719,1.3037171863458001,False
872,-0.6282574371937113,0.6744907594765952,1.3112539767724294,False
873,0.6244202485054404,0.6050684867610623,1.3012718050250944,False
874,-0.1182397940636601,0.15352850520991748,1.3204033145599146,False
875,0.0044842631506562,0.028170878154611802,1.3087844575617258,False
876,-1.111160982830451,1.1677570672543784,1.3089724583699083,False
877,-0.5140696578116952,0.5578525926251943,1.2986044325889798,False
878,1.09313967233301,1.0838462916957894,1.301298319415447,False
879,-0.4073564870884214,0.4488494341486442,1.2904466936110686,False
880,-1.9660198640206663,2.0409606040802277,1.3204350650537675,False
881,0.0208031685427268,0.01150178081115008,1.3480035524353697,False
882,-0.0208895622909624,0.054089207607508974,1.391256688874449,False
883,-2.1314579075490623,2.209948828819043,1.3647249025616173,False
884,0.4202105306843189,0.396476575535501,1.410598528585955,False
885,1.076708856785022,1.0670628826850994,1.4841128347144217,False
886,0.2961813922097089,0.2697858611164108,1.4524975345998252,False
887,0.6931192226983938,0.6752416914402642,1.427006645225512,False
888,-0.4972300535784602,0.5406516226186178,1.4085049810931454,False
889,1.668889802940141,1.671951605258327,1.3983644540832125,False
890,-0.3201352495987613,0.3597564917483046,1.3653449766832626,False
891,-1.1228443068036031,1.1796911069417648,1.4114153624220442,False
892,-0.3309326788798842,0.3707856260818878,1.4179295658492896,False
893,0.3756027658516614,0.3509115602109364,1.3985231569750847,False
894,-0.0731284030754793,0.10744905627541178,1.403296508137231,False
895,0.3220374773760484,0.29619679924023695,1.3994963387027968,False
896,-1.6342741913733807,1.7020959083318976,1.3084124716649927,False
897,-0.8008614970383089,0.8507987780784008,1.347036774833819,False
898,-0.300343377569348,0.3395399004058526,1.350360144700798,False
899,0.565115621153723,0.5444912248373648,1.3231173237463834,False
900,-1.7076345314849732,1.7770305084836813,1.2538819765020817,False
901,-0.1513182200041747,0.18731677033699198,1.3149549009200707,False
902,1.676572238691416,1.6797989005453695,1.3445190467524812,False
903,0.3170892793848429,0.291142416485484,1.3827264597995401,False
904,2.2973340533260345,2.3138818164421853,1.3920533128044352,False
905,0.1271062953807512,0.09708253453382364,1.4057368454178536,False
906,1.4060639024732156,1.4034856503423228,1.444225523115638,False
907,-0.8479014736626115,0.8988481987071684,1.4555645860451283,False
908,-0.1067927614024393,0.1418358274757607,1.5111832503047744,False
909,-0.5444779652195819,0.5889134403998413,1.503648021394633,False
910,0.5092691293538872,0.4874463075627888,1.5022158208109597,False
911,0.0772560026865916,0.046162490477267615,1.4862038703332416,False
912,0.2154117798463436,0.18728299106896243,1.46366002930542,False
913,0.5836404767389388,0.563413610475655,1.435265604655957,False
914,1.3287873819969755,1.3245508314170067,1.3933776867025829,False
915,1.5529127865404415,1.5534858056520489,1.3992281515795533,False
916,0.7317003863961963,0.7146507791119896,1.3431003552942575,False
917,1.0801375888783098,1.0705651928985918,1.2764116445913707,False
918,0.7002236781745352,0.6824986034119235,1.272532113857277,False
919,0.7276708038587182,0.7105347246367076,1.2665611005081756,False
920,-0.1102261125620715,0.1453428558774331,1.264627264039706,False
921,-0.9409161509302412,0.9938589039287435,1.2554171957713123,False
922,-0.0011448292500572,0.03392076682229323,1.2001081538600062,False
923,-1.2864102100864931,1.3467670166543457,1.1609876651753386,False
924,0.6919875717079909,0.6740857560350001,1.1749340705166686,False
925,0.04809351860442,0.01637420049924775,1.218799555517008,False
926,-1.7107738913123616,1.7802372367109505,1.2180682386562622,False
927,0.1496993419507445,0.12016041160415558,1.2547483396273833,False
928,1.1069971018282645,1.0980010916432659,1.2975694467784422,False
929,0.6640546135274084,0.6455533766985024,1.2578738087439432,False
930,-0.0565681757144874,0.09053345836745633,1.2536274053969396,False
931,-0.5638560179295362,0.6087073321584094,1.257917062395331,False
932,0.6286612383060457,0.6094004851470121,1.251107427268548,False
933,1.2730807190346367,1.267648743606029,1.2001253580570364,False
934,0.7103148519655881,0.6928063265215006,1.1743172457952171,False
935,-0.6054311922828061,0.6511746797969826,1.132502218794889,False
936,0.5546717934848533,0.5338232801518519,1.1308714142170975,False
937,-0.2739324298387192,0.3125621927669047,1.0925131914248916,False
938,-0.8449072166400217,0.8957896870863371,1.0328118517490337,False
939,-0.5442179621003816,0.588647857801044,1.009705736192254,False
940,0.5466824075629463,0.5256624477646832,0.9292763005192448,False
941,1.2185087575627134,1.2119057071618604,0.9401534968319054,False
942,-0.236455333890896,0.27428086534355517,0.9431680433097619,False
943,0.6435401544980244,0.6245986921597088,0.9615651354556964,False
944,0.8447394899762364,0.8301156204063639,0.9714961295307768,False
945,2.3661297095863225,2.3841537779162243,0.9718121630201156,False
946,0.694053875676337,0.6761964013976651,1.005935740909948,False
947,0.6066702976552429,0.5869376347550589,1.042583658865865,False
948,-0.2681013465205184,0.3066059786021879,1.0416862058238252,False
949,-1.0168440661950795,1.0714161775465372,1.0430413527705682,False
950,-0.5681321250026867,0.6130752014082702,1.0481784711687656,False
951,0.6585045227403181,0.6398841849621492,1.0503942897522092,False
952,1.155987722467413,1.1480430157019332,1.0739913558446499,False
953,0.0354308417560557,0.0034397917296040666,1.0663874069060018,False
954,-0.1318165617286527,0.167396620526481,1.0752128192747208,False
955,1.4887820742253253,1.4879788944589951,1.0627508119759639,False
956,0.6099970139489648,0.5903357399834325,1.0738370527844014,False
957,-0.3478590890058921,0.3880752647731494,1.029337082288079,False
958,0.5246796286228248,0.5031875050422523,1.0371141600462543,False
959,-0.5748047127360967,0.6198909780666142,0.9977429956508576,False
960,0.1397183491024855,0.10996523384101554,0.9629840991889759,False
961,-0.3434633599502044,0.3835852065391979,0.9559453820014322,False
962,-0.5294315208396182,0.5735441101649551,0.9565320767886321,False
963,-0.672303844911383,0.719482371366963,0.9487442146841976,False
964,0.2933198905273676,0.26686295366977514,0.9448207654023474,False
965,0.9619483012851364,0.9498396483530441,0.9363701325668629,False
966,-0.2129133436636436,0.2502336809688253,0.936925933327402,False
967,1.5684834989910577,1.5693906543726308,0.9546612296140281,False
968,-0.0857825905041066,0.1203747934484878,0.9767268980440686,False
969,0.4215463062653405,0.39784101589801985,1.001603265473229,False
970,0.0824010039940452,0.05141789980563189,0.9946304653795165,False
971,-0.2550370780048001,0.29326136029736916,0.9910117575739337,False
972,1.243492789794765,1.2374258787237724,0.9917879331856219,False
973,0.2876027222437824,0.2610230990742371,1.0086066820649568,False
974,0.8584111594860475,0.8440806740929557,1.0157847474413746,False
975,0.0619350775380454,0.030512789314277856,0.9867656588619456,False
976,-0.235533662546613,0.2733394155963192,0.9849148014687051,False
977,1.1873978020797682,1.1801271329907457,0.9852767902222158,False
978,-0.3747394499696004,0.41553245891493057,0.980405382223276,False
979,-0.1604740993728933,0.19666912827984287,0.9746660780117976,False
980,0.0664178243599772,0.03509173265303776,0.975585401486699,False
981,-0.5332648346959027,0.5774596841745633,0.9639622807811554,False
982,0.3189538330196017,0.29304698209777086,0.9605293309986369,False
983,0.3977665924428316,0.3735510065509672,0.9690162154325899,False
984,-0.2178021995918289,0.2552274482226436,0.94412967214847,False
985,0.0347632518162147,0.002757875790675187,0.945402931660001,False
986,1.5047891565229454,1.5043294772090787,0.9258737365195183,False
987,-0.2430072005826404,0.280973330373663,0.96091034608455,False
988,-0.591157311027329,0.6365944913345768,0.9679083269775843,False
989,0.729613775450906,0.7125193909992871,0.957817121813626,False
990,1.2938133321356098,1.2888262636456007,0.9717888020754277,False
991,0.856362092454255,0.841987635559083,0.9647056752727935,False
992,0.399710369683223,0.3755364958503802,0.9467660578020988,False
993,0.0212155151902849,0.011080585501645078,0.9426665624161651,False
994,-0.7520854642665192,0.8009760467881082,0.9410868440139819,False
995,0.2022244279308662,0.1738126480833115,0.9507381662247629,False
996,1.2495477228633205,1.2436107462931951,0.9653503287336832,False
997,0.1753617029853988,0.14637346841601534,0.9680162910929095,False
998,-0.675200695834936,0.7224413866240567,0.9798744578952008,False
999,-0.0450147036764998,0.07873205714420049,0.9692129428684156,False
1000,-0.4891044395055136,0.5323516387224453,0.9205480165121369,False
1001,-0.161383038013741,0.19759757208900214,0.8763295832611121,False
1002,0.0188013210998156,0.013546586457787436,0.8734625725520294,False
1003,1.455811222680928,1.4543005121970678,0.8721309138095488,False
1004,-0.7963258631907979,0.8461658127965996,0.9058728253630007,False
1005,0.496218375610799,0.4741154940478829,0.9542222718490778,False
1006,-0.1576449652194024,0.1937792829459048,0.9690759835523867,False
1007,-1.3616249883909235,1.4235958499063999,0.9702538671218937,False
1008,0.6816755783031387,0.6635524746818195,0.9832024046828269,False
1009,-0.6592952095455978,0.7061945800593895,1.0486692743740653,False
1010,0.6082243587058161,0.5885250448360239,1.043939684897997,False
1011,0.7722679482246659,0.7560888915869992,1.0321731207466904,False
1012,0.486139159151775,0.4638199848660643,1.0319231828132966,False
1013,-0.8169972808117862,0.8672808241452795,1.0327367557181584,False
1014,-0.8357503479488579,0.8864363185908943,1.0534801945387464,False
1015,-0.3325189288763036,0.3724059158602836,1.041700842022451,False
1016,-0.068937418518459,0.10316813620954379,1.0459043186603454,False
1017,-0.1291536195513777,0.1646765335288215,1.0413687497913404,False
1018,-1.5358367355287963,1.6015460556124015,1.0404342242137128,False
1019,1.1541177423688531,1.1461329071778419,1.0331178393121276,False
1020,0.7406625857200296,0.723805300775745,1.099798952231523,False
1021,-0.097147618402607,0.13198370665680342,1.1006097378385238,False
1022,0.0512683879141057,0.01961720021671869,1.0857308283181595,False
1023,0.3060839486962615,0.27990091933003824,1.0809191662660482,False
1024,2.2682301027442953,2.284153316051342,1.079610528548321,False
1025,1.1620875127244157,1.1542737030627461,1.1312877322767039,False
1026,1.0888372954992147,1.0794515889551488,1.147548488503421,False
1027,0.5837210529141437,0.5634959157575219,1.1382645709313006,False
1028,0.8566007093870028,0.842231373039276,1.1303842668625168,False
1029,-0.2120560069745379,0.24935794645211146,1.1156963169549454,False
1030,-2.219377681749181,2.299755298024328,1.1155269669473478,False
1031,-1.705631743187417,1.7749847417923361,1.1613739368255074,False
1032,0.672245297923068,0.653919827279628,1.1593603785835782,False
1033,-1.0720303934646602,1.1277867636357095,1.233520051700164,False
1034,-1.3643775922571617,1.4264075226682635,1.2715250252299326,False
1035,-1.1844958484632806,1.24266564626344,1.2717676424022366,False
1036,-2.101344078234853,2.1791887784257824,1.2436740229476424,False
1037,-1.2530813242423795,1.3127229169346057,1.1897627333488157,False
1038,-0.395433714329407,0.43667080727698193,1.1762168685007155,False
1039,-0.2944995011122876,0.33357061857073417,1.1817148759512903,False
1040,1.9132620448297384,1.921567899380418,1.1614333766798688,False
1041,0.012313260739408,0.020173875918662675,1.170939407363805,False
1042,-0.0136191325027556,0.04666275963463757,1.196133288988738,False
1043,-1.1016458748578393,1.1580377719206312,1.174306361466656,False
1044,-0.0855591872280021,0.12014659609904772,1.1887659398280859,False
1045,-1.9717616129727211,2.0468255668276694,1.20292899311038,False
1046,0.7828250437719599,0.7668725347979941,1.2271961287918092,False
1047,-0.5074756991904854,0.5511171324031433,1.3226747023463608,False
1048,-0.4033658916782751,0.44477320343635496,1.3407516587604507,False
1049,-0.0826679449561731,0.11719330985130302,1.3400155324969176,False
1050,0.4268761886002467,0.4032852736674728,1.3412504898945867,False
1051,-0.082670573169731,0.11719599446443016,1.3189451060584743,False
1052,0.4343972419623284,0.41096772341553167,1.231632354187717,False
1053,-0.9866560826238114,1.0405803815992916,1.2334811753224844,False
1054,-1.3954672477035932,1.4581643397194282,1.250308634547376,False
1055,0.8243434163277005,0.8092818617133906,1.2516548987690665,False
1056,0.3461696671561103,0.3208468484249209,1.3135212716787916,False
1057,0.77043287898985,0.7542144430886335,1.2669121823668215,False
1058,-0.434047163177559,0.4761128729151207,1.254979276256837,False
1059,-0.0282306523275405,0.06158783214676862,1.2725626714421914,False
1060,0.0326275916738932,0.0005763859205147607,1.2721863906337427,False
1061,-2.690475888441486,2.7809629327900747,1.27116825926294,False
1062,-1.7495748032637324,1.8198707882754297,1.3463745570738486,False
1063,0.6085562156624615,0.5888640232038448,1.3104477227509819,False
1064,0.884871443984387,0.8711087772311006,1.372211028338531,False
1065,-0.1003828482253685,0.135288362180469,1.3070510106643334,False
1066,-0.2074226617333508,0.2446251729605303,1.2808765991282105,False
1067,0.1582289579039027,0.12887306696979206,1.2797889812838739,False
1068,-1.2210115677963802,1.2799649666226183,1.2808828506271535,False
1069,0.8534081368671022,0.8389702902134546,1.2945830513518766,False
1070,-0.3083152067211718,0.34768279926730233,1.3371071774939731,False
1071,-1.342553841025715,1.40411544946014,1.3461533466458746,False
1072,0.0121952032695464,0.02029446681676311,1.358383375825248,False
1073,-1.6604556446765846,1.7288391967583665,1.3208487927539063,False
1074,-1.7649062904530877,1.835531278133014,1.3111622394902096,False
1075,-1.2636619608721835,1.3235306064027792,1.3111848227783698,False
1076,-0.5779949840084572,0.6231497102617812,1.3008414420955232,False
1077,-0.3803087263681925,0.4212212479721847,1.2937665892250283,False
1078,-1.539836258488121,1.6056314054526417,1.248205708464355,False
1079,0.9432079430677528,0.9306971355513767,1.163502223122984,False
1080,0.3884790004116372,0.36406410948680723,1.2256573435091962,False
1081,0.7972980275480842,0.7816560983776802,1.2301635054479199,False
1082,0.4890544714829016,0.4667978576992358,1.230945765065544,False
1083,0.9712977611335392,0.9593897408731918,1.229102845509357,False
1084,0.5005210170926756,0.478510467115762,1.2282932745281523,False
1085,-1.0248006709165198,1.079543525272297,1.2281468394406592,False
1086,0.7204945972904789,0.7032045218462133,1.232176009940571,False
1087,-0.8369601316678238,0.8876720633967791,1.2675229631208882,False
1088,-0.673046913074464,0.7202413852374181,1.235977108954552,False
1089,1.3850917758088788,1.3820634769508953,1.2340442881491325,False
1090,-0.9524717356154048,1.0056624631350617,1.2862224786324092,False
1091,-0.3657720400360618,0.4063726148255401,1.3356435533074886,False
1092,-0.5418606511237151,0.5862399606293404,1.3378681003425508,False
1093,0.6664006983275735,0.6479498067880458,1.3381158267487452,False
1094,0.3202438652734889,0.29436469751431465,1.2599276108864286,False
1095,-0.7350181161081548,0.7835424456358663,1.2529029459064487,False
1096,0.7034886736979444,0.6858336633867255,1.1953269617672424,False
1097,-0.6461534300748893,0.6927707874703357,1.2226536281052673,False
1098,-0.3680358177197496,0.4086849715471915,1.233718040799434,False
1099,-0.6412169276773271,0.6877283512882386,1.2346902493766876,False
1100,0.7657891381257036,0.7494710508915148,1.2336677680594281,False
1101,0.2184624177881578,0.19039909350292028,1.2333275136420307,False
1102,-0.2842428335129345,0.3230938502749745,1.1813210998078576,False
1103,0.2576010451370142,0.2303776075939797,1.1664226773230957,False
1104,-1.92290907018838,1.9969246836750842,1.1545246973829195,False
1105,0.7758846437514135,0.7597831987937995,1.1941121795805785,False
1106,0.0320633147300135,0.0,1.2523561639256338,False
1107,-0.7053628947639196,0.7532508446091727,1.2604046710388517,False
1108,-0.7904880503686446,0.8402027247176242,1.2653055008436382,False
1109,-1.9845445750941535,2.0598828421056714,1.2594977868870476,False
1110,-0.5067167717316787,0.5503419189079035,1.2761339417175133,False
1111,-0.455977651802166,0.4985139740239537,1.2872901491551434,False
1112,-0.3337183935873966,0.3736311202198218,1.207234044826878,False
1113,0.1213731884560014,0.09122639926536596,1.2039175041627828,False
1114,-1.476677933553464,1.5411177483725942,1.2044800125794815,False
1115,-1.4029944242087595,1.4658530440088104,1.2355776042340725,False
1116,-2.370720264456751,2.4543455835093586,1.2318838436759383,False
1117,-0.7986641967936449,0.8485543253537153,1.2401492254823498,False
1118,-0.2034938344635317,0.24061203588835367,1.2453507725589978,False
1119,-1.2682865265495191,1.3282544119273945,1.209651314148054,False
1120,-0.4345440684450156,0.4766204414115799,1.1925836632028117,False
1121,-2.911301183164567,3.006526979225827,1.2016416829894285,False
1122,-2.591771968189701,2.680140897529196,1.2192746363503912,False
1123,-2.50240163948333,2.588852745963128,1.1530647909882163,False
1124,-0.529370847761479,0.5734821350862761,1.1475274615704156,False
1125,-1.067190072286496,1.122842572652677,1.2024960334184087,False
1126,-1.753348399405504,1.8237253630714,1.185413227889792,False
1127,-1.1579492252297623,1.2155493516230693,1.1896309721362108,False
1128,-2.1594883679902477,2.2385808027444023,1.181054452877383,False
1129,-0.3541795529398132,0.39453136130898464,1.1629329148488157,False
1130,-0.9833334904098596,1.0371864889504685,1.186155199915835,False
1131,0.6807058377424032,0.6625619241873815,1.190353799738474,False
1132,-2.369467777489312,2.4530662190740573,1.2257562303571456,False
1133,-0.0807834580692174,0.1152683832335897,1.3155171656762188,False
1134,-0.9481858938514944,1.0012846502949915,1.3783000419964304,False
1135,-1.1522427873654486,1.209720457713869,1.3840070195554608,False
1136,-1.011630442387827,1.0660906731289732,1.3805029943081473,False
1137,-1.9503122169805596,2.0249158822525306,1.3244689132859315,False
1138,-0.4224949824590481,0.4643127907221271,1.2413843360737222,False
1139,-1.6252552488104794,1.6928834257600494,1.2671894247972038,False
1140,-1.7141140424865684,1.783649065122664,1.2783770986561316,False
1141,-0.8047593636704015,0.8547802901198734,1.2783825806251838,False
1142,-1.8446256347495409,1.916961342117588,1.2705909202858772,False
1143,-1.4901937885117469,1.5549236438396516,1.2563560453112252,False
1144,1.0481440213243864,1.0378850664374077,1.2582233477210705,False
1145,-1.922620784815428,1.996630211905748,1.3377746222558176,False
1146,-1.374448589736246,1.436694636496755,1.4371378122734282,False
1147,-1.7546584434790535,1.825063519746837,1.4131100035226118,False
1148,0.8622756991381443,0.8480281439814551,1.4146567872127345,False
1149,0.0775515832922342,0.046464414029731504,1.4770060278453645,False
1150,-0.2170769097101113,0.25448659414266017,1.4599494418265713,False
1151,1.0119777028674568,1.0009426448454468,1.4572575689692777,False
1152,-0.7362108627293411,0.7847607877401289,1.4596276388417544,False
1153,-0.4381313583347455,0.4802847119575798,1.4872206027253427,False
1154,0.6942126207116015,0.6763585529870052,1.4180041107409938,False
1155,0.5204608573485456,0.49887820197619437,1.4297148846021106,False
1156,-0.0146449232861841,0.04771056314916153,1.4305503307837828,False
1157,-2.201492147196501,2.28148595278728,1.3925083308722128,False
1158,-1.091490436551677,1.1476644052257552,1.4432555737373332,False
1159,0.8185445724110167,0.8033585787845178,1.452033002170574,False
1160,0.4104185883313447,0.38647450515505727,1.4869945748782327,False
1161,-0.268772907549571,0.3072919508470416,1.4769728830272717,False
1162,0.0986471062678841,0.06801263172840177,1.4483944082452718,False
1163,-1.1802129636710794,1.2382908538495614,1.4450811355757056,False
1164,0.1420156360307625,0.1123118188915005,1.4315665320805082,False
1165,-0.0993643874415784,0.13424804596209414,1.342682709721781,False
1166,-0.5248890984738664,0.5689042106882031,1.2814305406459203,False
1167,0.4562044705913645,0.4332429194581019,1.2741485056526367,False
1168,-0.2144670469271286,0.251820725584849,1.2848088178162174,False
1169,-2.2592043134988993,2.340436580594962,1.2909581542379005,False
1170,-0.8607475478115267,0.9119699403512889,1.331752003633545,False
1171,-1.572303417138552,1.6387952859340262,1.3271227773961594,False
1172,-0.9313140727093931,0.9840507720278979,1.3157175740043365,False
1173,-1.9485831840799692,2.0231497455517204,1.3204154356472533,False
1174,-0.0428194451967728,0.07648968999925645,1.3226876225958633,False
1175,-0.6264887667472436,0.6726841346367332,1.3527108341852676,False
1176,1.5486611258243992,1.5491429073605054,1.3562021663484813,False
1177,-1.4892502533922145,1.553959861136303,1.3358749147135756,False
1178,-0.5582153125703255,0.6029455813265089,1.340760942344245,False
1179,-1.5529708112401668,1.6190478162428574,1.3473776144048086,False
1180,-1.920595906929272,1.994561881599148,1.3576871604295822,False
1181,-1.5151077115243938,1.5803722016888266,1.2723969073240382,False
1182,-1.7206050096083052,1.7902793237218722,1.2687329647005274,False
1183,-1.6302476615166226,1.6979829720456643,1.2682758243169325,False
1184,-0.9659516361199394,1.0194316325916997,1.2471166238901095,False
1185,-0.8944943868254803,0.9464409622147442,1.2157029025949726,False
1186,-0.3279769149197396,0.3677664335568863,1.2145267997486247,False
1187,-1.7513846784114289,1.8217195020397194,1.201342408326404,False
1188,-1.1776327622737266,1.2356552831893437,1.2261557180897802,False
1189,-1.7313778153955937,1.8012833061591853,1.228283216125159,False
1190,-0.7130011343306184,0.7610529952933632,1.1685221248748936,False
1191,-0.2944062281303352,0.3334753440177954,1.165860885085561,False
1192,-0.7872066937982491,0.8368509525995564,1.1162861271535447,False
1193,-0.2944105456966928,0.33347975423601606,1.117299563673311,False
1194,1.0928161908110037,1.0835158684934,1.114789959272678,False
1195,0.5391233490423025,0.5179411772947435,1.1399489336903306,False
1196,0.8265105406764622,0.8114954909891905,1.120103557446075,False
1197,-0.2041096500779723,0.2412410664621642,1.096999298557482,False
1198,1.19726266079445,1.1902036844654806,1.1118691579617952,False
1199,-0.139028673689347,0.17476349921328144,1.1361263877040426,False
1200,-0.204163765039647,0.2412963426919248,1.148898738892966,False
1201,0.4343594801066723,0.41092915121766194,1.142782803431986,False
1202,-1.4683659072187694,1.5326273519418527,1.0848601171673615,False
1203,-0.8395058941353061,0.8902724560925057,1.1124578780716385,False
1204,-0.7614300814488032,0.8105211927220115,1.1107734605645383,False
1205,-1.432621569793994,1.4961159667909445,1.1051121050725021,False
1206,-0.7744248865288028,0.8237948569558318,1.0964414567121714,False
1207,-0.1619964995121852,0.19822419802918323,1.0482024576915772,False
1208,0.0793776877637764,0.04832970538746303,1.0488851682961118,False
1209,0.204775838241277,0.1764188098206064,0.9733750297365281,False
1210,0.0710029858382273,0.039775288392847344,0.8059422450204379,False
1211,-1.0055883526157403,1.0599189244639071,0.7903491594563169,False
1212,-1.4195453456241922,1.4827591362723203,0.7938620384900479,False
1213,-1.425903495288208,1.489253727246864,0.7946282392799859,False
1214,-0.3259092650481943,0.3656544134089092,0.7914395142045969,False
1215,0.296827894130035,0.27044623650212063,0.8136911461825608,False
1216,0.3993671872220916,0.37518594894090745,0.8200956861447461,False
1217,-0.3314346923473585,0.37129841239665645,0.8127271436704104,False
1218,0.196060634708612,0.16751658429972904,0.824104569052045,False
1219,-1.6759797844524815,1.7446964733881871,0.8232945909647054,False
1220,-0.7322457306940271,0.7807105668283487,0.851925394358686,False
1221,-0.2193661579670308,0.2568249680176925,0.8623767708353324,False
1222,-1.5741577676765424,1.6406894294984398,0.8603388747585854,False
1223,-2.3297310377946556,2.4124767575772172,0.8760672752564291,False
1224,-2.0892978954420216,2.1668840932298985,0.8813790400536851,False
1225,-0.8465224489843345,0.8974395811529294,0.8793899503135421,False
1226,-2.7915189650269157,2.884174320994077,0.9037239565436715,False
1227,-0.8789774477432218,0.9305910408002592,0.9283155766600508,False
1228,-0.2347308817619395,0.2725194077144373,0.9914922152904001,False
1229,0.7162640705980211,0.6988832110991727,0.9973331004091651,False
1230,-0.8584341191443613,0.9096068671718296,0.994919504431442,False
1231,0.7856834068937075,0.7697922363327871,1.0015480262999878,False
1232,1.1919790682757605,1.184806709858347,1.0178858106302204,False
1233,0.0176438677091915,0.014728877964190052,1.0198905616170246,False
1234,0.1415419042497243,0.11182792116778097,1.036002196061263,False
1235,0.8760288446674704,0.8620764221042345,0.9770220827327935,False
1236,2.592124258195393,2.6149980067017373,0.9792157172049205,False
1237,0.59662709831226,0.57667891559064,1.0223971922305317,False
1238,0.4594712626059014,0.4365798144754367,1.0800007821447244,False
1239,0.8897546277786037,0.8760967506310422,1.075011566680523,False
1240,1.9312639762522112,1.9399561392802172,1.0723539248715352,False
1241,1.13834507081319,1.130021765455337,1.0866062611627687,False
1242,0.6800807668155482,0.6619234396888208,1.0968435536802568,False
1243,2.054498212879824,2.0658348938314273,1.0998943234839544,False
1244,-1.365728866361695,1.4277877941414416,1.1064580447696977,False
1245,-1.0255260744966448,1.0802844954905737,1.2670878852915963,False
1246,-0.6225151605394535,0.6686252577028414,1.26849722571262,False
1247,-0.2279673913395569,0.26561077766091373,1.2551356727911387,False
1248,-0.3421603423417139,0.38225422711169743,1.2520736515803292,False
1249,0.1450703377163327,0.11543207227422726,1.251995701915586,False
1250,-0.8891959053899492,0.9410287791853414,1.248298201591842,False
1251,1.8126137379773113,1.8187597523834436,1.2581020728534982,False
1252,-1.3898851256414892,1.452462429339979,1.3016016175654614,False
1253,-1.131566305420041,1.1886002733640169,1.4170771941922526,False
1254,-0.1862219219928626,0.22296948062106053,1.414698600632493,False
1255,0.0013352121149624,0.03138750555653392,1.4035273101682357,False
1256,1.4973463122406696,1.496726914851326,1.3960917041193748,False
1257,-0.7383559418650855,0.7869518987285244,1.4184189569848313,False
1258,-0.6085203747013952,0.6543301538444144,1.4616030871843748,False
1259,0.1610095600573111,0.1317133388418948,1.4177456120082554,False
1260,2.2571504610678645,2.272835913247791,1.3837718985065581,False
1261,-0.6884490662854762,0.7359740575585668,1.4275861745078764,False
1262,0.7809151954126053,0.7649217024689581,1.514261439875289,False
1263,0.7015552745944245,0.6838587749315234,1.5106039774524216,False
1264,0.0528919678432545,0.021275621001302827,1.482441244877359,False
1265,-0.7608876458904026,0.8099671168873708,1.4847825407440118,False
1266,-1.2281573975727031,1.2872641407571295,1.4772111430093022,False
1267,-0.4083556292283762,0.4498700171590067,1.4789931131104017,False
1268,0.8600043204810436,0.8457080231749781,1.4805155965787273,False
1269,0.5506825733852947,0.5297484542633246,1.4654215154002457,False
1270,-1.5934383102407002,1.660383718613742,1.4230660821366796,False
1271,0.2991831365174613,0.2728520206941494,1.4726039776568025,False
1272,1.5098789132879715,1.5095284564869405,1.5106408687165682,False
1273,0.2259468332551824,0.19804411913309297,1.514760746501178,False
1274,-0.0234881415399769,0.05674355049484317,1.5253640401266422,False
1275,0.0707223122653547,0.0394885917673357,1.523912159894564,False
1276,-0.4241168646078914,0.46596947729326366,1.502727600939639,False
1277,-1.2107971040978185,1.2695313078929518,1.375430524807384,False
1278,-0.954649259259556,1.007886714867637,1.381628836115044,False
1279,0.0030434546433366,0.029642605374347264,1.3804705225227882,False
1280,-1.7081712422409017,1.7775787366657136,1.3893599333637756,False
1281,0.491917049307607,0.46972186438147534,1.422157868585491,False
1282,0.7052674136643585,0.6876505738311766,1.4740340790434772,False
1283,-0.4354038780641435,0.4774987019256124,1.4619495858176346,False
1284,-1.531080014753994,1.59668725903715,1.3932912160829345,False
1285,-0.3233817993107448,0.3630727100778585,1.2861656128928332,False
1286,0.7758979747546408,0.7597968158707507,1.3032576991896117,False
1287,1.778222755112563,1.7836307638062827,1.3070420131483313,False
1288,-0.8169514652608805,0.867234025425663,1.3180981121064563,False
1289,-0.6283581586289829,0.6745936423212945,1.371213660649849,False
1290,0.1407423562562124,0.11101121545042965,1.3135918861988445,False
1291,0.7385817766361318,0.7216798390282,1.3204193591293,False
1292,-0.0969825938410473,0.13181514078705842,1.317635716954183,False
1293,0.3811513866273442,0.3565792503904966,1.2695272231069858,False
1294,0.6890537958475916,0.6710890234585214,1.1591455459172753,False
1295,1.8583371984880088,1.8654644054114025,1.1305640978803042,False
1296,1.3153757397272874,1.3108513849677526,1.149232604141694,False
1297,1.091370558928826,1.0820392143926576,1.1473511529655438,False
1298,0.8361442896300758,0.821335973253907,1.1379011476480043,False
1299,0.5370477952611686,0.5158210836249731,1.1353589253833798,False
1300,0.0036366305757142,0.029036700313864145,1.128556834696427,False
1301,-0.7317199438046491,0.7801734969311719,1.1095430634606778,False
1302,-1.398587953876784,1.4613520139985214,1.115582514436708,False
1303,-1.509178264575442,1.5743155130807172,1.0546046384227508,False
1304,-0.2867033357569845,0.32560715312430677,0.9968842935531292,False
1305,0.8412588375722151,0.8265602757096799,0.9973693591995849,False
1306,1.5919255485962116,1.5933357534715225,0.9927148539394314,False
1307,1.5363956932189684,1.5366142674090206,0.9997020791069238,False
1308,0.2923899384751079,0.2659130455165358,0.9998412326046267,False
1309,-0.8961548090479895,0.948137015901758,1.0214463136883467,False
1310,1.572886530957889,1.573888172232937,1.034106314905741,False
1311,-0.6148700426057759,0.6608160810468728,1.1214141488137903,False
1312,-1.72328063992329,1.7930123711355346,1.1783185238951006,False
1313,-0.5815808451748998,0.6268125214251217,1.1549851810203944,False
1314,0.8132291932705431,0.7979291354375999,1.1039635111948063,False
1315,-0.0853477818275606,0.11993065409103747,1.1318899882127087,False
1316,-0.7944055035271181,0.8442042435982213,1.1247833882095741,False
1317,0.528023701293671,0.5066033391030976,1.114543082262834,False
1318,1.6732042384551489,1.6763586254507903,1.118653928421788,False
1319,1.261281023098128,1.2555958346968024,1.1201022281926258,False
1320,2.583666242420819,2.606358488002927,1.1082583710229135,False
1321,-0.5252374898287641,0.569260078270549,1.0276198334198186,False
1322,0.0237450785882863,0.008496739495758463,1.174003931006166,False
1323,1.56215121677461,1.5629224859424415,1.1700098281383768,False
1324,-0.3001521385520593,0.33934455753704706,1.197108429333006,False
1325,0.6957352148286,0.6779138208766741,1.2341254995489823,False
1326,1.3027930814413484,1.2979987119012277,1.2440362906367608,False
1327,0.5959089861421072,0.5759453932507398,1.2474677821936258,False
1328,-0.8073905108699616,0.8574678998425057,1.2357038031234968,False
1329,0.8695457189488716,0.8554541731790257,1.256201520097203,False
1330,-0.8146774974150098,0.8649112598682906,1.2929152593230835,False
1331,0.1705326959749095,0.14144083439454366,1.326022041589588,False
1332,-0.135532548453402,0.17119234964884944,1.337673877599146,False
1333,0.2763481744475761,0.24952703679160615,1.33541409084298,False
1334,0.9534013563138072,0.9411092921009928,1.3305468195976835,False
1335,1.6885876519379954,1.6920721559027094,1.3290012493573795,False
1336,0.8097243200004565,0.7943490501125168,1.333624212031031,False
1337,2.1825705157251405,2.1966555360153825,1.3282914268040158,False
1338,-0.0207290161758587,0.05392521628845404,1.335481723599662,False
1339,0.7581690720792479,0.7416874637182171,1.3860460672694568,False
1340,1.441119622452592,1.4392936408136259,1.3937739171987313,False
1341,1.402386331018716,1.3997291608542242,1.380945656719448,False
1342,1.0967096347866845,1.087492862971441,1.3628993499184612,False
1343,2.1285902285369205,2.141516870758724,1.2918806493107249,False
1344,-0.0535251487218768,0.08742513020818808,1.2415911101198835,False
1345,-0.5688355889977843,0.613793761233833,1.2885242162701898,False
1346,1.2293861359828289,1.2230165062853529,1.2765670103817954,False
1347,0.5701675316730681,0.5496515457163829,1.2926719342273445,False
1348,2.160100142809628,2.173702965087766,1.2879107255913214,False
1349,1.072209032916619,1.0624664958387555,1.3098374887181032,False
1350,0.0919585974134462,0.06118059229324425,1.3061161325534691,False
1351,0.9931539512661292,0.9817149490979038,1.3009263585766875,False
1352,0.7364742892939358,0.7195271265261562,1.3098024027367818,False
1353,0.070744763931644,0.039511525230206374,1.287606582863309,False
1354,-0.8647203062211386,0.9160279512938643,1.167700999010484,False
1355,1.1378355657835006,1.1295013268148262,1.1754126160379983,False
1356,0.4251274265358836,0.40149898442925064,1.1980093353940646,False
1357,-0.4458180775660789,0.4881363826450767,1.157318708986833,False
1358,0.708272892088463,0.6907205476567136,1.1537240413854806,False
1359,2.096429366445448,2.1086658597397565,1.1675247954625043,False
1360,1.0921032451213706,1.082787623502969,1.1862725032787869,False
1361,-0.0040872161028553,0.03692629517686324,1.1725564350588766,False
1362,-0.3887012707063815,0.4297938902647594,1.1514362156074207,False
1363,0.1385141311653443,0.108735174254623,1.1134002965585388,False
1364,-0.62962480267954,0.6758874676405168,1.1034026878968919,False
1365,0.2582671087696648,0.23105796447226562,1.1105242411083454,False
1366,0.5122782099814533,0.4905199608924782,1.1195839069608549,False
1367,-0.0497628425790841,0.08358208768643974,1.113807213662726,False
1368,-0.8525900806846162,0.9036374198575655,1.1092659701068446,False
1369,0.6133810880872006,0.5937924339143351,1.1075228388880056,False
1370,-0.3287202020889559,0.36852567113319046,1.1115026296503727,False
1371,-0.5922749430789686,0.6377361069647528,1.053497879704141,False
1372,-1.7516264901015457,1.8219665028344727,1.0444066669302188,False
1373,-2.2016074477874983,2.281603727645882,1.0538785225214882,False
1374,0.1785263112654347,0.14960598690953364,1.0556162014821941,False
1375,-0.170485859627845,0.20689573369605427,1.1429340346243955,False
1376,-1.7001574391649277,1.7693929631499452,1.1275643504724662,False
1377,-1.8263113754838003,1.898254072044047,1.0935611912565928,False
1378,-0.0135090446762403,0.04655030940268725,1.0903956914595925,False
1379,-0.0164834360663451,0.049588529088874206,1.0911910610002318,False
1380,2.422090521984503,2.4413154690268137,1.0853064858794506,False
1381,2.8825800923724083,2.911686813796949,1.1350992918122722,False
1382,1.3379246613600462,1.3338841902114904,1.119767125991144,False
1383,-0.2411233959776707,0.27904910067921557,1.140871299989816,False
1384,-0.2128999849100802,0.2502200355460359,1.1644097588739315,False
1385,0.222926270160763,0.1949587369310851,1.1637773083798058,False
1386,-1.6828349549873292,1.7516987509433306,1.1606435549574134,False
1387,0.3691464959047654,0.34431674336294066,1.1980701686583628,False
1388,1.04892368934237,1.03868146556928,1.2007979168552763,False
1389,0.0738768966263742,0.04271087123575805,1.2002665554281067,False
1390,0.1162418346091791,0.0859849302623047,1.2028960224995848,False
1391,1.1568297463220705,1.148903108781805,1.1848925340061505,False
1392,-1.2144116920546368,1.2732234623028906,1.1731167310206507,False
1393,0.2209880181307602,0.19297889140909452,1.233114891931547,False
1394,1.7851697296127882,1.790726815373753,1.2464290735579147,False
1395,1.2264671582056792,1.2200348893483277,1.273980167022663,False
1396,0.0963695167190854,0.06568616674896609,1.2758131084703326,False
1397,1.0711001127116189,1.0613337790051707,1.2847275714273723,False
1398,2.7856401924569485,2.8126666534777764,1.2867042755629636,False
1399,0.7848664052903945,0.7689577024637444,1.3205340080385954,False
1400,0.3687047080632488,0.3438654750726682,1.366477153984296,False
1401,1.0436723948820172,1.0333174821135431,1.3606079147023766,False
1402,2.183255860189832,2.197355587478473,1.340873644646828,False
1403,1.1537425949478797,1.1457497093635207,1.3435136817716997,False
1404,3.305107657770323,3.3432815163029157,1.3565641617240929,False
1405,-0.0699825298066296,0.10423567483292052,1.386905580039964,False
1406,-0.4254150896828635,0.46729556134292966,1.518430387807953,False
1407,0.6882827081442997,0.6703013887687115,1.4598546983765859,False
1408,0.0663799278686613,0.035053022930323925,1.4720329717892833,False
1409,-0.3108485714745984,0.3502705282029625,1.4496463084751599,False
1410,0.8860110238147253,0.8722728116234921,1.451338029712978,False
1411,0.8877931638926901,0.874093195143438,1.4311122346163632,False
1412,-0.3419454589906502,0.38203473251875064,1.431109148921247,False
1413,1.2256306022111985,1.2191803814649722,1.3777341885837804,False
1414,-0.8867807479833766,0.9385617942410263,1.405529297668472,False
1415,-0.1661781348236115,0.2024955682213832,1.428379889262859,False
1416,0.7566763053900412,0.7401626633314489,1.4076829308840557,False
1417,1.8451332932086733,1.851977153838632,1.4170661433034848,False
1418,-0.6396942136558552,0.6861729609210329,1.4277469902029207,False
1419,-2.1236476371073376,2.201970955601203,1.4567194590927903,False
1420,0.0946762345301455,0.06395654794431856,1.4325060963240845,False
1421,-0.3854929316421252,0.4265167025559009,1.4836624397345581,False
1422,-1.6790240436787398,1.7478060602239491,1.4760517185847093,False
1423,-0.5019157644421982,0.5454378854612787,1.4931876833307753,False
1424,1.020050884511044,1.0091890711501053,1.4966132691791376,False
1425,1.0131935661635076,1.0021845996917604,1.4597717762454607,False
1426,1.1975755939675017,1.190523332958947,1.4383573856919734,False
1427,1.314330266938235,1.3097834770859456,1.4111444215219906,False
1428,0.8640204719054736,0.8498103583152036,1.4078491644198097,False
1429,-0.2087851646023613,0.2460169141593804,1.3952766125652758,False
1430,0.1557857790354732,0.12637745924323898,1.397217721722287,False
1431,-0.4053216226180648,0.44677090295294236,1.3624818925622357,False
1432,1.170476754253698,1.1628429716705149,1.3201988118525656,False
1433,0.2955651594842988,0.2691564044807299,1.348413648172079,False
1434,1.3549803394752271,1.3513058708898307,1.352146304251327,False
1435,1.0016162676956462,0.9903588607406133,1.3499946149636135,False
1436,0.7299204715669607,0.7128326685930074,1.3390262884652357,False
1437,-1.3863050732111202,1.448805551564003,1.2803939218990197,False
1438,-0.2047609291696862,0.2419063215339177,1.1922049693819035,False
1439,-0.0222714702276264,0.05550077029278242,1.2099623180436287,False
1440,1.6033198373195086,1.6049745554208514,1.1935714439095737,False
1441,-0.240577115421136,0.2784910973355512,1.2229095401042054,False
1442,-0.8080492534037819,0.8581407785164554,1.2660843703376934,False
1443,0.3022952399488893,0.27603090762284016,1.2507040876619626,False
1444,0.1210987058741939,0.09094602648512687,1.2675085244001962,False
1445,-0.7579399969302731,0.8069562135044376,1.248592771503854,False
1446,0.6910295986071094,0.6731072255216257,1.2251090940659142,False
1447,1.0208453925818175,1.0100006287916077,1.1942071276835107,False
1448,0.6137389405718426,0.5941579656554528,1.189108168183,False
1449,-0.1583073236114508,0.19445585507179497,1.1803607185860128,False
1450,0.1835453368016426,0.15473271711737105,1.1705708429547723,False
1451,0.4925339448617568,0.47035199806972305,1.0854472267572832,False
1452,-0.1807084923897491,0.21733773679127652,1.0507249955810471,False
1453,-1.3254103383522775,1.3866040595718037,0.9832225796912317,False
1454,-0.3519927960894987,0.39229767823229456,1.0003719955866504,False
1455,-1.9401449804655264,2.0145304641677226,0.9881550585998836,False
1456,0.4191683997329583,0.3954120812048147,1.0063828132358135,False
1457,-0.1666340219176983,0.20296123832402704,1.0580007336640376,False
1458,-0.7733416277476765,0.822688352221787,1.0627297916489655,False
1459,0.4832111861244377,0.4608291796472638,1.0666111393467608,False
1460,0.4584512771383147,0.4355379408546496,1.0914999621427615,False
1461,1.1711714411517662,1.1635525660488701,1.088752131911747,False
1462,1.2998879448025162,1.2950312331233753,1.0783725325438156,False
1463,1.2625963059723633,1.2569393425938131,1.0769096512375727,False
1464,-0.7853842481407242,0.8349893985713547,1.0715121183942282,False
1465,2.0523707931677215,2.063661821225181,1.0964864866476705,False
1466,1.1849463634536392,1.1776230882580445,1.19920994183948,False
1467,0.564200375352187,0.5435563385203934,1.1955137793221606,False
1468,0.9421094126018312,0.9295750314131848,1.1989542869471808,False
1469,-0.5814912701292749,0.6267210241635595,1.1999435688853843,False
1470,-1.4164320258065406,1.479579006854634,1.1703310215231488,False
1471,-0.809959319955934,0.8600918337205492,1.1603024775913646,False
1472,0.4288673695008592,0.4053191838754993,1.1653097916263542,False
1473,-0.903099930620907,0.9552311747794355,1.149541051337667,False
1474,-0.0098076172750783,0.042769452036499817,1.1269191798094782,False
1475,-0.7447475679412106,0.7934806844948605,1.1336225560733524,False
1476,0.6234216765967928,0.6040484862187598,1.1235173422988043,False
1477,-0.0679465101554961,0.10215596366709467,1.1499853679385088,False
1478,0.3935855481457088,0.3692802400558118,1.1457459196836723,False
1479,1.5153292817170494,1.5150957858953318,1.1190485172492945,False
1480,0.9531572565659958,0.9408599541484755,1.1354267544486123,False
1481,0.8885468828683909,0.8748630883852773,1.1376171191240751,False
1482,0.9129762041739068,0.8998166453238581,1.12875647000663,False
1483,-0.7541620847585502,0.8030972300596229,1.1273460069282515,False
1484,0.5325386935938282,0.5112152198848117,1.1646695854156914,False
1485,-0.975193507741643,1.0288718281193243,1.181649050673984,False
1486,-0.6005561966549559,0.6461950702755578,1.1948830095420517,False
1487,-0.2185977703589113,0.25604009136515193,1.1839630161445955,False
1488,-0.4650293087428858,0.5077598730005967,1.1498639520221265,False
1489,-0.4365640930999067,0.4786838143400689,1.0708807681193517,False
1490,1.7638444155918358,1.7689438754795204,1.066047182823224,False
1491,1.4521534344639269,1.4505642304804898,1.1288728159967834,False
1492,0.1034611054170308,0.0729299358306401,1.1099988690392038,False
1493,0.4855243928352903,0.4631920261073877,1.136474189469425,False
1494,0.5685817089743264,0.5480316924051649,1.1311716802150373,False
1495,0.5488728233644882,0.5278998683110576,1.1310049666749773,False
1496,-0.7926045379428038,0.8423646305901241,1.1310019970223097,False
1497,-0.2363261464781864,0.2741489056620527,1.0965545064612419,False
1498,-0.8307859134692887,0.8813653509244362,0.9733263100481134,False
1499,0.2319385587004222,0.204164422689147,0.9673035678312425,False
