timestamp,value,oscillators,extreme_injection,simple_noise,is_extreme
0,0.4381199899416437,0.3467048660153143,0.0,0.0914151239263294,0
1,0.1281943102546343,0.44018954212678296,0.0,-0.31199523187214867,0
2,0.7530928195996054,0.5279574608576683,0.0,0.22513535874193716,0
3,0.8912919179146567,0.6091225029972925,0.0,0.28216941491736414,0
4,0.0976221661615031,0.682932722757654,0.0,-0.5853105565961509,0
5,0.35813110181186725,0.7487849538705627,0.0,-0.3906538520586954,0
6,0.844588146023869,0.8062360250736834,0.0,0.03835212095018561,0
7,0.7601375558663055,0.8550103335693802,0.0,-0.09487277770307466,0
8,0.8899632627028816,0.8950036099541683,0.0,-0.005040347251286639,0
9,0.6703696186152721,0.9262827968873462,0.0,-0.255913178272074,0
10,1.2129014467751669,0.9490820543163183,0.0,0.26381939245884856,0
11,1.1971325749118455,0.9637949942831612,0.0,0.23333758062868448,0
12,0.9907725453585232,0.9709633360901584,0.0,0.019809209268364814,0
13,1.3094346179375225,0.9712622558471126,0.0,0.33817236209040985,0
14,1.105735583887396,0.9654827812117822,0.0,0.14025280267561369,0
15,0.6967239118048751,0.9545116506698467,0.0,-0.25778773886497147,0
16,1.049934350603737,0.9393091153789875,0.0,0.11062523522474965,0
17,0.6332204288020815,0.9208852090507812,0.0,-0.2876647802486997,0
18,1.163810136847387,0.9002750464552052,0.0,0.26353509039218176,0
19,0.863535959790158,0.8785137330860339,0.0,-0.014977773295875869,0
20,0.8011527677465008,0.856611476810079,0.0,-0.055458709063578165,0
21,0.6312506234272385,0.8355294867484209,0.0,-0.20427886332118242,0
22,1.1829196269398585,0.8161572253376495,0.0,0.3667624016022091,0
23,0.7529327023289969,0.7992915469496376,0.0,-0.046358844620640646,0
24,0.6571198647275402,0.7856182113764725,0.0,-0.12849834664893217,0
25,0.6700561388264206,0.7756962039728894,0.0,-0.10564006514646887,0
26,0.9296379832861033,0.7699452276200986,0.0,0.1596927556660046,0
27,0.8782698758067287,0.7686366564975051,0.0,0.1096332193092235,0
28,0.8957079431669007,0.7718881596881042,0.0,0.12381978347879652,0
29,0.9089084167261336,0.7796621158237689,0.0,0.1292463009023648,0
30,1.434262130597745,0.7917678503366068,0.0,0.6424942802611383,0
31,0.6859431316110091,0.8078676365263937,0.0,-0.12192450491538467,0
32,0.6738134939813736,0.8274863127028348,0.0,-0.15367281872146119,0
33,0.6058924637286998,0.850024282203063,0.0,-0.2441318184743633,0
34,1.0595674098980328,0.8747735831253841,0.0,0.1847938267726487,0
35,1.2396283298530195,0.9009366420367521,0.0,0.33869168781626746,0
36,0.8934630251113453,0.9276472624078078,0.0,-0.03418423729646252,0
37,0.7019464025076789,0.9539933455964373,0.0,-0.2520469430887584,0
38,0.7316964363743861,0.979040801081758,0.0,-0.24734436470737187,0
39,1.1970359106585569,1.0018580743111465,0.0,0.19517783634741032,0
40,1.2445169569905714,1.0215407056295387,0.0,0.2229762513610327,0
41,1.200181613155204,1.0372353326636456,0.0,0.1629462804915585,0
42,0.8485096490745271,1.0481625612611354,0.0,-0.19965291218660827,0
43,1.123286553259268,1.053638156339252,0.0,0.06964839692001593,0
44,1.0880977859067522,1.0530920431645336,0.0,0.03500574274221847,0
45,1.111691239766737,1.046084660748033,0.0,0.06560657901870388,0
46,1.2937489043847044,1.0323202710002475,0.0,0.26142863338445693,0
47,1.0787355632273554,1.0116568985949508,0.0,0.06707866463240468,0
48,1.1877867243917042,0.9841126554701358,0.0,0.20367406892156845,0
49,0.9701420095428177,0.9498682886961503,0.0,0.020273720846667436,0
50,0.99600169868484,0.9092658790778447,0.0,0.08673581960699524,0
51,1.052190176002666,0.8628037082511038,0.0,0.18938646775156212,0
52,0.3739806561083406,0.8111274020650405,0.0,-0.43714674595669994,0
53,0.6591161806910256,0.755017545598216,0.0,-0.0959013649071904,0
54,0.5542622518991766,0.6953740481870152,0.0,-0.14111179628783865,0
55,0.44153425892633813,0.6331976133993407,0.0,-0.19166335447300256,0
56,0.48702606180298674,0.5695687371709919,0.0,-0.08254267536800512,0
57,0.9541071091035214,0.5056247157332026,0.0,0.44848239337031875,0
58,0.1827858574188188,0.44253519212679177,0.0,-0.25974933470797296,0
59,0.671960311290776,0.3814768049133318,0.0,0.29048350637744424,0
60,-0.18125340714629345,0.32360752433844797,0.0,-0.5048609314847414,0
61,0.16957576017113443,0.2700412691668669,0.0,-0.10046550899573245,0
62,0.2706493110352683,0.2218233915037666,0.0,0.04882591953150168,0
63,0.35577429668576355,0.17990759727798014,0.0,0.17586669940778343,0
64,0.3585028110848239,0.14513483714696743,0.0,0.21336797393785648,0
65,0.3562188277196173,0.1182146571596398,0.0,0.23800417055997755,0
66,-0.004908080031923348,0.09970944164260792,0.0,-0.10461752167453127,0
67,-0.048683624011459065,0.09002191378791108,0.0,-0.13870553779937014,0
68,0.3467789482596637,0.08938618388251757,0.0,0.25739276437714614,0
69,0.04047125533451117,0.09786255279899564,0.0,-0.057391297464484466,0
70,-0.2673697058126512,0.11533619118872535,0.0,-0.3827058970013765,0
71,-0.198466439377313,0.14151972482373115,0.0,-0.33998616420104416,0
72,-0.09987601997399992,0.17595966582648348,0.0,-0.2758356858004834,0
73,0.36719476344752977,0.2180465402314006,0.0,0.1491482232161292,0
74,0.309756197347843,0.2670284765266734,0.0,0.042727720821169574,0
75,0.5291735457582204,0.32202793953788994,0.0,0.20714560622033046,0
76,0.25388542721317287,0.3820612211141331,0.0,-0.12817579390096026,0
77,0.4936221425909313,0.44606023526791705,0.0,0.04756190732301427,0
78,0.7005732303851471,0.512896112194946,0.0,0.18767711819020103,0
79,0.488600082286194,0.5814040442022655,0.0,-0.09280396191607151,0
80,0.7874413792383952,0.6504088079711717,0.0,0.13703257126722343,0
81,0.5201725901214913,0.7187503724414867,0.0,-0.19857778231999537,0
82,0.676392846308806,0.7853090002783275,0.0,-0.10891615396952153,0
83,0.7345078952001104,0.8490292633996092,0.0,-0.11452136819949872,0
84,0.5501905254292399,0.9089424191059517,0.0,-0.3587518936767119,0
85,1.1102783765867976,0.964186632351123,0.0,0.14609174423567453,0
86,0.8732038786431966,1.0140245807040138,0.0,-0.14082070206081715,0
87,1.061606276002957,1.0578580403846507,0.0,0.0037482356183062286,0
88,1.2394631206272544,1.0952391229554816,0.0,0.14422399767177269,0
89,1.2598372639534672,1.1258779111444839,0.0,0.13395935280898322,0
90,1.3492618597094852,1.1496463270176493,0.0,0.19961553269183588,0
91,1.1370325089646107,1.1665781543174378,0.0,-0.029545645352827082,0
92,1.0498757335496303,1.1768652271628763,0.0,-0.12698949361324613,0
93,1.1569344240749286,1.1808498873468483,0.0,-0.023915463271919714,0
94,0.6728135698679445,1.1790139000553534,0.0,-0.506200330187409,0
95,0.7378303591918203,1.1719641009187465,0.0,-0.43413374172692615,0
96,0.7636052402319482,1.160415123938269,0.0,-0.3968098837063207,0
97,0.8459955799359149,1.1451696282163595,0.0,-0.2991740482804445,0
98,1.247028767970528,1.1270964999534971,0.0,0.11993226801703097,0
99,0.8354638368780393,1.1071075534860575,0.0,-0.2716437166080182,0
100,0.9726845239087143,1.0861332901205312,0.0,-0.1134487662118169,0
101,1.4548667846862153,1.0650982953503958,0.0,0.3897684893358196,0
102,0.9380176718938044,1.0448968632122322,0.0,-0.10687919131842778,0
103,1.247624101397344,1.026369430857218,0.0,0.22125467054012596,0
104,0.7301950830144492,1.0102803870174124,0.0,-0.2800853040029631,0
105,0.9356665180294655,0.9972977853897546,0.0,-0.061631267360289003,0
106,0.7029688323384498,0.9879754488116241,0.0,-0.2850066164731744,0
107,0.8810279707504461,0.9827378935206149,0.0,-0.10170992277016874,0
108,1.2339608773435113,0.9818684361062928,0.0,0.25209244123721863,0
109,0.46730464358089285,0.9855007705385974,0.0,-0.5181961269577046,0
110,1.1239413137258114,0.9936142206620542,0.0,0.1303270930637572,0
111,1.077353467401371,1.0060327867016876,0.0,0.07132068069968336,0
112,0.8441830279649032,1.0224280146739415,0.0,-0.17824498670903832,0
113,0.6085082709218712,1.0423256272384076,0.0,-0.43381735631653634,0
114,1.0867546178989909,1.06511576558483,0.0,0.021638852314160854,0
115,0.9312187937934405,1.0900666065125812,0.0,-0.15884781271914072,0
116,1.1861439023390086,1.1163410389325974,0.0,0.06980286340641119,0
117,1.1495716551384094,1.1430160114813765,0.0,0.006555643657032864,0
118,1.6496377668832036,1.169104099486929,0.0,0.4805336673962746,0
119,1.1217700984162498,1.193576786658157,0.0,-0.07180668824190728,0
120,0.9083396680383078,1.2153889158248672,0.0,-0.30704924778655945,0
121,1.2872864252879586,1.2335037348010638,0.0,0.053782690486894845,0
122,1.3129169538366585,1.246917948645129,0.0,0.06599900519152954,0
123,1.6624424611696107,1.2546861885974798,0.0,0.40775627257213093,0
124,1.506477694590425,1.2559443208160515,0.0,0.25053337377437357,0
125,1.3569923621499185,1.2499310444050657,0.0,0.1070613177448528,0
126,1.6749981348940288,1.2360072675281604,0.0,0.4389908673658685,0
127,0.8570438853986446,1.2136728016954998,0.0,-0.3566289162968553,0
128,0.9906545165917677,1.182579976416692,0.0,-0.19192545982492432,0
129,0.8645710654432145,1.142543847864872,0.0,-0.27797278242165746,0
130,0.9766058133836488,1.0935487543303792,0.0,-0.11694294094673038,0
131,0.6227452119362455,1.0357510562031382,0.0,-0.41300584426689263,0
132,1.1600232710669907,0.9694779870226694,0.0,0.19054528404432128,0
133,0.8285558235649987,0.8952226326946306,0.0,-0.06666680912963201,0
134,0.3723932578222975,0.8136351461730948,0.0,-0.44124188835079736,0
135,0.4208366682738368,0.7255103926360993,0.0,-0.3046737243622625,0
136,0.7258264576196335,0.6317723033845749,0.0,0.09405415423505858,0
137,0.7848932637914168,0.5334552934231025,0.0,0.25143797036831433,0
138,1.030702433645911,0.43168316613837493,0.0,0.599019267507536,0
139,1.2018047268770566,0.3276459870748578,0.0,0.8741587398021988,0
140,0.3468982861276963,0.2225754561448974,0.0,0.12432282998279891,0
141,-0.17914209341538262,0.11771934259417659,0.0,-0.2968614360095592,0
142,-0.6252983153656553,0.014315568853737373,0.0,-0.6396138842193927,0
143,-0.006120023760587012,-0.08643346246373775,0.0,0.08031343870315073,0
144,-0.4272680385062037,-0.18338570991310593,0.0,-0.24388232859309777,0
145,-0.40009011194139177,-0.2754829338874862,0.0,-0.12460717805390559,0
146,-0.5454012400732415,-0.3617722003552991,0.0,-0.18362903971794242,0
147,-0.48366222261639097,-0.4414249566914754,0.0,-0.04223726592491558,0
148,-0.19395917613105162,-0.5137532453673447,0.0,0.31979406923629305,0
149,-0.5311081178912158,-0.5782226881248193,0.0,0.04711457023360339,0
150,-0.6820523997912659,-0.6344619486796593,0.0,-0.04759045111160649,0
151,-0.9929645900572923,-0.6822684642095489,0.0,-0.3106961258477435,0
152,-1.2240152063708003,-0.7216103229594932,0.0,-0.5024048834113071,0
153,-0.8985166279225832,-0.752624255200584,0.0,-0.14589237272199926,0
154,-0.7917445606482227,-0.7756097954027266,0.0,-0.016134765245496147,0
155,-0.2606407886316131,-0.791019762705578,0.0,0.5303789740739648,0
156,-0.7603649360633917,-0.7994472925052575,0.0,0.03908235644186575,0
157,-0.5067878789036402,-0.8016097322105574,0.0,0.29482185330691724,0
158,-0.948118466644641,-0.7983297870828954,0.0,-0.1497886795617456,0
159,-1.1459974957794528,-0.7905143658543453,0.0,-0.3554831299251074,0
160,-1.0686666576950614,-0.7791316290253499,0.0,-0.28953502866971154,0
161,-0.982754603494956,-0.76518678413423,0.0,-0.21756781936072597,0
162,-0.11115628116659615,-0.7496972008971454,0.0,0.6385409197305493,0
163,-0.9800834380397665,-0.7336674342724507,0.0,-0.24641600376731582,0
164,-0.4665179837346478,-0.7180647448555513,0.0,0.25154676112090346,0
165,-0.9746738469571133,-0.7037956935310055,0.0,-0.2708781534261079,0
166,-0.4122124574314869,-0.6916843612937601,0.0,0.2794719038622732,0
167,-0.5669674163824957,-0.6824527062142547,0.0,0.11548528983175894,0
168,-0.723694887876373,-0.676703518578946,0.0,-0.04699136929742712,0
169,-0.6871351313267755,-0.6749063734861454,0.0,-0.012228757840630208,0
170,-0.8738232176967994,-0.6773869090679823,0.0,-0.1964363086288171,0
171,-0.5504980192684158,-0.68431967971304,0.0,0.13382166044462415,0
172,-0.8322197931335132,-0.6957247490312792,0.0,-0.136495044102234,0
173,-1.0791498279506497,-0.7114680988204753,0.0,-0.36768172913017444,0
174,-1.114647112334845,-0.7312658400389592,0.0,-0.38338127229588576,0
175,-0.7029157465652482,-0.7546921218818841,0.0,0.05177637531663584,0
176,-0.30746317068504053,-0.781190547608171,0.0,0.47372737692313044,0
177,-0.7620913387536967,-0.8100888228257281,0.0,0.04799748407203147,0
178,-0.8762077832936057,-0.8406162854606409,0.0,-0.035591497832964766,0
179,-0.7861760565266971,-0.87192389840746,0.0,0.08574784188076286,0
180,-0.5113057049724657,-0.9031062274845132,0.0,0.39180052251204744,0
181,-0.8674101297622298,-0.9332248801713866,0.0,0.0658147504091569,0
182,-1.084611015043,-0.9613328457928789,0.0,-0.12327816925012114,0
183,-0.6546125431353184,-0.986499156153285,0.0,0.3318866130179666,0
184,-0.8792063460882928,-1.0078332776267769,0.0,0.12862693153848404,0
185,-0.5637818539644968,-1.0245086515632944,0.0,0.4607267975987976,0
186,-0.98081448827296,-1.0357848194395318,0.0,0.05497033116657184,0
187,-1.4083683115302772,-1.0410276020141271,0.0,-0.36734070951615005,0
188,-1.4501746068407386,-1.039726847067039,0.0,-0.41044775977369946,0
189,-0.5362329373848355,-1.0315113170542103,0.0,0.4952783796693748,0
190,-0.4990606386258103,-1.0161603548607994,0.0,0.5170997162349891,0
191,-1.0474678052081465,-0.9936120412233663,0.0,-0.053855763984780196,0
192,-1.0789238358876272,-0.9639676395468308,0.0,-0.11495619634079632,0
193,-0.48905892316796384,-0.9274922108406245,0.0,0.43843328767266065,0
194,-1.216725075914057,-0.8846113713010106,0.0,-0.3321137046130464,0
195,-1.104322361254775,-0.8359042555680272,0.0,-0.2684181056867479,0
196,-0.5890947993576232,-0.7820928377643365,0.0,0.1929980384067133,0
197,-0.8424093848486893,-0.7240278479908124,0.0,-0.11838153685787688,0
198,-0.6642081620195859,-0.6626716020035645,0.0,-0.0015365600160213888,0
199,-0.6481110040092348,-0.5990781344518811,0.0,-0.049032869557353774,0
200,-0.4330987249723691,-0.5343710896120492,0.0,0.10127236463968006,0
201,-0.04747531812297934,-0.46971987651709435,0.0,0.422244558394115,0
202,-0.37913916444326523,-0.4063146365137889,0.0,0.027175472070523662,0
203,-0.15215896162705236,-0.3453405996101097,0.0,0.19318163798305735,0
204,-0.903004051151655,-0.28795242084234823,0.0,-0.6150516303093068,0
205,-0.24986460951961764,-0.23524908894058225,0.0,-0.014615520579035384,0
206,-0.4412190678651098,-0.18824998677724847,0.0,-0.2529690810878613,0
207,-0.5135165748703758,-0.14787265674328745,0.0,-0.3656439181270884,0
208,-0.3783584950031319,-0.11491278492450668,0.0,-0.2634457100786252,0
209,-0.19026389887508172,-0.09002686666483811,0.0,-0.10023703221024362,0
210,0.20105280870443804,-0.07371795400236586,0.0,0.2747707627068039,0
211,-0.4642426293225205,-0.06632481400065127,0.0,-0.3979178153218692,0
212,-0.05882530006540523,-0.06801474784373046,0.0,0.009189447778325234,0
213,-0.22403106557045604,-0.0787802355703825,0.0,-0.14525083000007355,0
214,-0.1967414107889649,-0.09843948248037665,0.0,-0.09830192830858825,0
215,0.1741864949598917,-0.12664085263148955,0.0,0.30082734759138124,0
216,-0.001436453480287786,-0.1628710845814656,0.0,0.1614346311011778,0
217,0.19475233550691,-0.20646709672591307,0.0,0.4012194322328231,0
218,-0.30298281007095607,-0.25663110629598596,0.0,-0.04635170377497014,0
219,-0.5212314927582117,-0.31244870925700075,0.0,-0.2087827835012109,0
220,-0.4400671448523102,-0.37290949978816035,0.0,-0.06715764506414985,0
221,-0.3641807119463599,-0.4369297493277264,0.0,0.07274903738136647,0
222,-0.45040461017336764,-0.503376617709481,0.0,0.05297200753611331,0
223,-0.8964097554743097,-0.5710933338042997,0.0,-0.32531642167000996,0
224,-0.6117778266462944,-0.6389247611346567,0.0,0.027146934488362265,0
225,-0.637274256619256,-0.7057427556609275,0.0,0.06846849904167154,0
226,-0.015228517277130371,-0.7704707285373065,0.0,0.7552422112601761,0
227,-0.2690534625830391,-0.8321068459675401,0.0,0.5630533833845011,0
228,-1.1457183360681396,-0.8897453309004937,0.0,-0.255973005167646,0
229,-1.0288103848904577,-0.9425953764257049,0.0,-0.08621500846475283,0
230,-1.4290298378503423,-0.9899972372992414,0.0,-0.43903260055110094,0
231,-1.2086472369110137,-1.0314351327219677,0.0,-0.17721210418904593,0
232,-0.9718651676631976,-1.0665466687402998,0.0,0.09468150107710215,0
233,-0.7333724844111181,-1.0951285706775882,0.0,0.36175608626647004,0
234,-1.335863754230968,-1.1171386029078854,0.0,-0.21872515132308254,0
235,-1.3289375750343844,-1.1326936430140453,0.0,-0.19624393202033896,0
236,-1.7862506767459168,-1.1420639678243203,0.0,-0.6441867089215965,0
237,-1.1944636740377914,-1.1456638978743192,0.0,-0.0487997761634723,0
238,-1.4627633559638806,-1.1440390324060117,0.0,-0.3187243235578689,0
239,-1.2966822152956934,-1.1378503870858714,0.0,-0.1588318282098221,0
240,-1.3909140527731712,-1.1278558193228947,0.0,-0.26305823345027646,0
241,-1.143167955965386,-1.114889189689619,0.0,-0.028278766275767094,0
242,-1.6271562784109617,-1.0998377610039725,0.0,-0.5273185174069893,0
243,-1.5237319514905454,-1.0836183778732482,0.0,-0.44011357361729714,0
244,-0.42837886435892425,-1.0671529979674137,0.0,0.6387741336084894,0
245,-1.4375709356924582,-1.051344161310249,0.0,-0.38622677438220926,0
246,-1.3660866586390714,-1.0370509851026795,0.0,-0.3290356735363919,0
247,-0.4739922004982653,-1.0250662589946595,0.0,0.5510740584963942,0
248,-0.1445750388249799,-1.016095189597102,0.0,0.8715201507721221,0
249,-1.3622062926346523,-1.0107363039870498,0.0,-0.3514699886476025,0
250,-1.1199396579606131,-1.009464970924204,0.0,-0.11047468703640916,0
251,-0.9101532713810205,-1.0126199366631734,0.0,0.10246666528215286,0
252,-0.5017839077429875,-1.0203932010646652,0.0,0.5186092933216777,0
253,-1.32888060437932,-1.0328234808508487,0.0,-0.29605712352847124,0
254,-1.1233767759487254,-1.0497934221660925,0.0,-0.07358335378263292,0
255,-0.8378293632631196,-1.0710306360816428,0.0,0.2332012728185232,0
256,-0.9656827180591365,-1.096112540399122,0.0,0.1304298223399856,0
257,-1.2373217225510191,-1.1244749011819895,0.0,-0.11284682136902977,0
258,-1.1955707693419788,-1.1554238799871666,0.0,-0.040146889354812344,0
259,-1.6006200523446719,-1.1881513098336773,0.0,-0.4124687425109945,0
260,-1.2932049696712848,-1.2217528464788854,0.0,-0.07145212319239956,0
261,-1.3351648203735458,-1.2552485733708592,0.0,-0.07991624700268653,0
262,-1.2179546134221293,-1.2876055803100062,0.0,0.06965096688787678,0
263,-1.4843601544005216,-1.3177619887548169,0.0,-0.16659816564570482,0
264,-1.203190305189473,-1.3446518619530148,0.0,0.1414615567635417,0
265,-1.063415671142627,-1.3672304164885756,0.0,0.30381474534594854,0
266,-1.3378701456163,-1.3844989439168398,0.0,0.04662879830053981,0
267,-1.290001934583372,-1.395528857103133,0.0,0.10552692251976103,0
268,-1.3835376912761779,-1.3994842955495381,0.0,0.01594660427336021,0
269,-1.3956174390045621,-1.3956427569319865,0.0,2.531792742425413e-05,0
270,-1.599880677570136,-1.3834132675072817,0.0,-0.21646741006285422,0
271,-1.2674033824234672,-1.3623516609254596,0.0,0.0949482785019924,0
272,-1.361358581491277,-1.3321726019672302,0.0,-0.029185979524046838,0
273,-0.6648075745733225,-1.292758067252501,0.0,0.6279504926791785,0
274,-0.7721556065244758,-1.2441620772670485,0.0,0.47200647074257274,0
275,-1.0708575954373807,-1.1866115612043309,0.0,0.11575396576695024,0
276,-1.3494204889869337,-1.1205033260785033,0.0,-0.22891716290843026,0
277,-1.380120633822289,-1.0463971922272635,0.0,-0.33372344159502537,0
278,-0.6076625606401049,-0.9650054465667645,0.0,0.3573428859266595,0
279,-0.7983540831523055,-0.8771788506964471,0.0,0.07882476754414154,0
280,-0.6398465001543547,-0.783889521171838,0.0,0.14404302101748323,0
281,-1.2095868681826263,-0.6862110720903685,0.0,-0.5233757960922578,0
282,-0.30706492939639274,-0.585296473863847,0.0,0.27823154446745424,0
283,-0.346028033725289,-0.4823541351895979,0.0,0.13632610146430887,0
284,-0.7117519618610701,-0.3786227565367268,0.0,-0.33312920532434337,0
285,-0.41680297420229423,-0.27534553196730954,0.0,-0.1414574422349847,0
286,-0.09462912984141764,-0.1737442911483735,0.0,0.07911516130695587,0
287,-0.05925413512028363,-0.07499417462715671,0.0,0.015740039506873086,0
288,-0.06785077855311822,0.01980057718794828,0.0,-0.0876513557410665,0
289,0.0785826866588199,0.10962916707860815,0.0,-0.031046480419788254,0
290,0.11800138749249657,0.19359460095456218,0.0,-0.07559321346206561,0
291,0.3167001542997058,0.27093140066896526,0.0,0.04576875363074057,0
292,0.7824678595565084,0.3410202676585614,0.0,0.4414475918979471,0
293,-0.3665981655971582,0.4033993666822311,0.0,-0.7699975322793893,0
294,0.3867168986022849,0.4577719779551902,0.0,-0.07105507935290527,0
295,0.5569640772582874,0.5040103508465533,0.0,0.05295372641173409,0
296,0.6309538779425375,0.5421556810364077,0.0,0.08879819690612985,0
297,0.460839849140385,0.572414223536772,0.0,-0.11157437439638695,0
298,0.06813310940543404,0.5951496441490088,0.0,-0.5270165347435748,0
299,0.7092704447604996,0.6108717996462667,0.0,0.0983986451142329,0
300,1.1384272844289278,0.6202222201796723,0.0,0.5182050642492555,0
301,0.1637982226878804,0.6239566441627217,0.0,-0.46015842147484126,0
302,0.8820734285023062,0.6229250243928497,0.0,0.2591484041094565,0
303,0.5194919158825554,0.6180494828194235,0.0,-0.09855756693686817,0
304,0.5919034350423503,0.6103007387910045,0.0,-0.018397303748654188,0
305,0.28480401749196727,0.600673570703152,0.0,-0.3158695532111847,0
306,0.489825041194735,0.590161892901498,0.0,-0.100336851706763,0
307,0.9697474163721945,0.579734037962507,0.0,0.39001337840968753,0
308,0.7451054014815693,0.5703088288852572,0.0,0.1747965725963121,0
309,1.0824264880393746,0.5627330064163913,0.0,0.5196934816229832,0
310,0.9109841108460572,0.5577605441527491,0.0,0.35322356669330807,0
311,0.6877603426681188,0.5560343389892459,0.0,0.13172600367887285,0
312,1.0812510658137235,0.558070707963386,0.0,0.5231803578503376,0
313,0.6959450035419761,0.5642470559204864,0.0,0.13169794762148962,0
314,0.8231894562897168,0.5747930032505992,0.0,0.24839645303911767,0
315,0.5008138949343489,0.5897851809947614,0.0,-0.0889712860604125,0
316,0.629109558566789,0.6091458138090275,0.0,0.019963744757761446,0
317,0.42341797465808595,0.632645121648169,0.0,-0.20922714699008305,0
318,0.9567826610695505,0.6599074806910945,0.0,0.2968751803784559,0
319,0.3369301081636093,0.690421195098069,0.0,-0.3534910869344597,0
320,0.958256748478852,0.7235516457535537,0.0,0.23470510272529838,0
321,0.701362184962273,0.7585575022138208,0.0,-0.057195317251547834,0
322,1.145983739562603,0.7946096115224071,0.0,0.3513741280401958,0
323,1.0560728107020472,0.8308121140826693,0.0,0.22526069661937795,0
324,1.4124191311701333,0.866225283876093,0.0,0.5461938472940404,0
325,1.1191219565719877,0.8998895492303942,0.0,0.21923240734159344,0
326,0.4592380453428315,0.9308501220388037,0.0,-0.47161207669597216,0
327,0.938095696607464,0.9581816484769242,0.0,-0.02008595186946025,0
328,0.6294101354289219,0.9810122932073667,0.0,-0.3516021577784448,0
329,0.8430627291216508,0.9985466818315332,0.0,-0.15548395270988238,0
330,1.4634556826287106,1.0100871526456943,0.0,0.45336852998301647,0
331,1.2063129512395943,1.0150528079702854,0.0,0.1912601432693088,0
332,0.8033167779559507,1.0129959065295746,0.0,-0.2096791285736239,0
333,0.6994999904331549,1.0036152003652745,0.0,-0.30411520993211966,0
334,0.9966005189825694,0.9867658911196912,0.0,0.009834627862878238,0
335,0.5974979147363707,0.962465959550709,0.0,-0.3649680448143383,0
336,0.7295566237716663,0.9308987069906406,0.0,-0.20134208321897432,0
337,0.9860142776110974,0.8924114361457243,0.0,0.09360284146537316,0
338,1.1941038999063702,0.8475102890743613,0.0,0.34659361083200885,0
339,0.9794797919281061,0.7968513502607741,0.0,0.18262844166733191,0
340,0.05384135772516374,0.7412282103045937,0.0,-0.68738685257943,0
341,0.7728662875322927,0.6815562688232147,0.0,0.09131001870907794,0
342,0.6404642037336095,0.6188541317638361,0.0,0.021610071969773374,0
343,0.678389612262617,0.5542225266508091,0.0,0.12416708561180792,0
344,0.9736841222431686,0.4888212177478064,0.0,0.4848629044953622,0
345,-0.19512703271863885,0.42384445032278395,0.0,-0.6189714830414228,0
346,0.18316446050129978,0.36049548805863146,0.0,-0.17733102755733168,0
347,0.4772327261728909,0.2999608293348845,0.0,0.1772718968380064,0
348,-0.23109362372952505,0.2433846961066576,0.0,-0.47447831983618266,0
349,0.6346290976516483,0.1918443832355957,0.0,0.44278471441605266,0
350,0.25683402033062785,0.14632703652043033,0.0,0.11050698381019751,0
351,0.36168359054123744,0.10770839478821626,0.0,0.2539751957530212,0
352,-0.09454911244621192,0.07673398601032644,0.0,-0.17128309845653836,0
353,0.2981323175505677,0.05400321056070451,0.0,0.24412910698986315,0
354,0.3604981445645785,0.039956677767867044,0.0,0.32054146679671147,0
355,0.1047304924339111,0.03486708639276059,0.0,0.0698634060411505,0
356,0.10915412516900043,0.038833857359391655,0.0,0.07032026780960877,0
357,0.13288461168424254,0.051781639899724785,0.0,0.08110297178451777,0
358,-0.1855408571331315,0.073462722288683,0.0,-0.2590035794218145,0
359,0.05920468357281023,0.10346328764491611,0.0,-0.04425860407210588,0
360,0.09545660624516975,0.1412133659808774,0.0,-0.04575675973570764,0
361,0.30101840719698386,0.18600024789093533,0.0,0.11501815930604853,0
362,0.5369323190495882,0.23698504497649978,0.0,0.29994727407308835,0
363,-0.024338815393217084,0.2932220092003057,0.0,-0.3175608245935228,0
364,0.3161774504481136,0.35368015954398685,0.0,-0.03750270909587329,0
365,0.8617033754033319,0.41726671110563984,0.0,0.44443666429769196,0
366,0.2597752917179261,0.48285176036169536,0.0,-0.22307646864376923,0
367,0.30261864651047876,0.5492936516975748,0.0,-0.2466750051870961,0
368,0.6761562927002138,0.6154644351508557,0.0,0.060691857549358075,0
369,0.933590381107702,0.6802748239621059,0.0,0.253315557145596,0
370,0.7461258896873774,0.7426980730191796,0.0,0.003427816668197799,0
371,1.200480402446988,0.8017922253158912,0.0,0.3986881771310968,0
372,1.113758407281005,0.8567202125110469,0.0,0.25703819476995804,0
373,1.159313366720593,0.9067673466535746,0.0,0.25254602006701854,0
374,1.117590752332419,0.9513558019351909,0.0,0.166234950397228,0
375,1.6883516865972623,0.9900557564934368,0.0,0.6982959301038255,0
376,0.9610444364838654,1.0225929431436787,0.0,-0.061548506659813255,0
377,0.4477957549986258,1.04885244261858,0.0,-0.6010566876199541,0
378,1.550154949905247,1.0688786414501046,0.0,0.48127630845514224,0
379,0.9455615376769865,1.0828713669640342,0.0,-0.13730982928704769,0
380,1.1235424351548386,1.0911783018519288,0.0,0.03236413330290991,0
381,1.4871490737866884,1.0942838683285303,0.0,0.39286520545815806,0
382,0.6121169926033174,1.092794854920995,0.0,-0.48067786231767756,0
383,0.7119289712904535,1.0874231355222954,0.0,-0.37549416423184184,0
384,0.5985825175427744,1.0789658986784305,0.0,-0.4803833811356561,0
385,0.8300429765578368,1.068283863565464,0.0,-0.23824088700762713,0
386,1.1881689881812476,1.0562780063761497,0.0,0.13189098180509806,0
387,1.2011217086128982,1.043865355769067,0.0,0.1572563528438313,0
388,1.1148366916154653,1.0319544378168992,0.0,0.08288225379856612,0
389,0.5975911938463323,1.0214209590140422,0.0,-0.4238297651677099,0
390,0.3200532791877432,1.0130843101775364,0.0,-0.6930310309897932,0
391,1.0239915302508291,1.0076854546337144,0.0,0.01630607561711468,0
392,0.8643339212913386,1.0058667313828393,0.0,-0.14153281009150073,0
393,1.1459697902577655,1.008154058742782,0.0,0.13781573151498352,0
394,1.2255280552171826,1.0149419673508016,0.0,0.21058608786638103,0
395,1.0679542542964116,1.026481824678807,0.0,0.04147242961760458,0
396,1.2709134635699366,1.0428735379571805,0.0,0.22803992561275613,0
397,1.132824352606418,1.0640609403718975,0.0,0.06876341223452052,0
398,1.2488503902039851,1.0898309785235452,0.0,0.15901941168044,0
399,0.9084147505927873,1.119816729453752,0.0,-0.2114019788609647,0
400,1.099620761009749,1.1535041851591865,0.0,-0.05388342414943756,0
401,1.2492754825434578,1.1902426535463706,0.0,0.05903282899708717,0
402,1.4754170819459347,1.2292585393207092,0.0,0.24615854262522563,0
403,1.1515498366884809,1.2696721883558526,0.0,-0.11812235166737163,0
404,1.4668675832518407,1.310517406532207,0.0,0.15635017671963378,0
405,1.2710115629947565,1.3507632005693702,0.0,-0.0797516375746137,0
406,1.3540745852994838,1.3893372354979228,0.0,-0.035262650198439105,0
407,1.6740061749706712,1.4251504623634492,0.0,0.2488557126072219,0
408,0.8592042301800081,1.4571223414962549,0.0,-0.5979181113162467,0
409,1.095264373456757,1.4842060718791854,0.0,-0.38894169842242826,0
410,1.0607576169212842,1.5054132361541304,0.0,-0.4446556192328462,0
411,0.8197524476974601,1.5198372836519516,0.0,-0.7000848359544914,0
412,1.3231959681663694,1.5266753002129225,0.0,-0.20347933204655302,0
413,1.7500777227892395,1.5252475528709173,0.0,0.22483016991832214,0
414,1.4295491288717757,1.5150143487865482,0.0,-0.08546521991477242,0
415,1.554926834515576,1.4955898099330203,0.0,0.05933702458255564,0
416,1.793517485524583,1.4667522365113452,0.0,0.3267652490132378,0
417,1.8267566509069568,1.4284508112266494,0.0,0.39830583968030747,0
418,1.3600671011249752,1.380808481542817,0.0,-0.020741380417841866,0
419,1.7301967127307751,1.3241209458599559,0.0,0.4060757668708192,0
420,1.286489757679213,1.2588517601489801,0.0,0.02763799753023276,0
421,0.9344042046620142,1.1856236718102529,0.0,-0.2512194671482386,0
422,0.9268862696263164,1.105206375285937,0.0,-0.17832010565962056,0
423,0.5743400134255385,1.0185009671950433,0.0,-0.4441609537695049,0
424,0.6600812994066572,0.9265214555267528,0.0,-0.2664401561200957,0
425,0.7229687395033331,0.8303737459256618,0.0,-0.10740500642232874,0
426,0.9723080925412554,0.7312325867276749,0.0,0.24107550581358048,0
427,1.1465479511366048,0.6303170017868097,0.0,0.5162309493497951,0
428,0.11421032054784097,0.528864775160953,0.0,-0.414654454613112,0
429,0.5459548140588647,0.428106573580889,0.0,0.11784824047797568,0
430,0.017077119052438472,0.3292403007996988,0.0,-0.3121631817472603,0
431,0.37581539875839076,0.23340627221943017,0.0,0.1424091265389606,0
432,0.10233778354695579,0.14166377875327377,0.0,-0.03932599520631798,0
433,-0.49430217159374945,0.05496957616050965,0.0,-0.5492717477542591,0
434,0.25264788832729645,-0.025841209143248833,0.0,0.2784890974705453,0
435,-0.2815715373298959,-0.10007132348727665,0.0,-0.1815002138426193,0
436,-0.327344482570232,-0.16717441105816563,0.0,-0.1601700715120664,0
437,-0.5476902519829024,-0.22676452859599552,0.0,-0.32092572338690695,0
438,-0.4749069227171435,-0.2786219397108769,0.0,-0.19628498300626665,0
439,-0.1943279336798576,-0.32269506588833274,0.0,0.12836713220847515,0
440,-0.415871863391953,-0.35909856111103133,0.0,-0.05677330228092165,0
441,-0.2895089669212831,-0.3881075676060274,0.0,0.09859860068474431,0
442,-0.30157174323023356,-0.41014829940888664,0.0,0.1085765561786531,0
443,-0.029586689471019445,-0.42578518612946953,0.0,0.3961984966584501,0
444,-0.5385407347616675,-0.43570488950235375,0.0,-0.10283584525931379,0
445,-0.8837549231830198,-0.4406975781293003,0.0,-0.4430573450537195,0
446,-0.12146918459573236,-0.44163590956732723,0.0,0.3201667249715949,0
447,-0.5388986737208155,-0.43945222209163903,0.0,-0.0994464516291764,0
448,-0.10073674645061947,-0.43511447982383256,0.0,0.3343777333732131,0
449,-0.3145884095409176,-0.4296015434956587,0.0,0.11501313395474112,0
450,-0.4632196133108181,-0.4238783542498146,0.0,-0.039341259061003477,0
451,-0.31423885099610716,-0.4188716192099957,0.0,0.10463276821388853,0
452,0.16985719298326263,-0.41544657505462723,0.0,0.5853037680378899,0
453,0.20870877891800954,-0.4143853797981164,0.0,0.623094158716126,0
454,-0.39555330349390067,-0.4163676440337343,0.0,0.02081434053983361,0
455,-0.37389638394423513,-0.42195356193935774,0.0,0.04805717799512259,0
456,-0.10869799334920638,-0.431570040589122,0.0,0.32287204723991564,0
457,-0.6991984648316173,-0.44550015500141316,0.0,-0.25369830983020414,0
458,-0.36395506577154935,-0.46387617755702587,0.0,0.09992111178547654,0
459,-0.49443520017728104,-0.4866763457911241,0.0,-0.00775885438615692,0
460,-0.4195529806487221,-0.5137254440859882,0.0,0.09417246343726608,0
461,-0.7947098263309509,-0.5446991845461292,0.0,-0.25001064178482174,0
462,-1.0560025304342715,-0.5791322824415809,0.0,-0.4768702479926907,0
463,-1.238325064967445,-0.6164300341700576,0.0,-0.6218950307973875,0
464,-0.9910983566639149,-0.6558831227670325,0.0,-0.33521523389688235,0
465,-0.8342878850131829,-0.6966852995313829,0.0,-0.1376025854817999,0
466,-0.8259109981239507,-0.7379535221293222,0.0,-0.08795747599462854,0
467,-0.1975807224631918,-0.7787500711920469,0.0,0.5811693487288551,0
468,-0.4863081093323752,-0.8181061203045646,0.0,0.3317980109721894,0
469,-1.1436735344037,-0.8550461995012117,0.0,-0.28862733490248815,0
470,-0.784300435021246,-0.8886129707565331,0.0,0.10431253573528708,0
471,-1.040015196902515,-0.9178917259974176,0.0,-0.12212347090509752,0
472,-1.027343175465776,-0.9420340240537476,0.0,-0.08530915141202854,0
473,-0.9046822077496746,-0.9602799025742892,0.0,0.0555976948246146,0
474,-0.7862267987126313,-0.9719781338052493,0.0,0.185751335092618,0
475,-1.0783815836575645,-0.97660403849236,0.0,-0.10177754516520461,0
476,-0.6546189691420758,-0.9737744289623833,0.0,0.3191554598203075,0
477,-1.3058407871800632,-0.963259319337342,0.0,-0.3425814678427212,0
478,-0.9430883975590743,-0.9449901162677548,0.0,0.0019017187086805326,0
479,-0.13976196779486139,-0.9190640857736111,0.0,0.7793021179787497,0
480,-0.8188210560401367,-0.8857449788277192,0.0,0.06692392278758252,0
481,-0.41549543618454415,-0.845459788166396,0.0,0.42996435198185184,0
482,-0.7713356459100505,-0.798791699362013,0.0,0.02745605345196245,0
483,-0.5722362597195875,-0.7464693883185265,0.0,0.174233128598939,0
484,-0.7063878612842825,-0.6893529029664751,0.0,-0.01703495831780746,0
485,-0.6795387213803227,-0.6284164470310614,0.0,-0.05112227434926133,0
486,-0.7985731754659362,-0.5647284564483104,0.0,-0.23384471901762588,0
487,-0.3703390149184511,-0.49942942260571704,0.0,0.12909040768726596,0
488,-0.6891691263492431,-0.4337079695935127,0.0,-0.2554611567557304,0
489,-0.16910016293382238,-0.3687757338278511,0.0,0.19967557089402874,0
490,0.019744478552781997,-0.305841622780991,0.0,0.32558610133377297,0
491,-0.1361266222893901,-0.24608604446055907,0.0,0.10995942217116898,0
492,-0.2765103204347785,-0.19063570036807095,0.0,-0.08587462006670755,0
493,-0.004349848117660371,-0.1405395219102692,0.0,0.13618967379260882,0
494,-0.1893482205953324,-0.09674630393140862,0.0,-0.09260191666392378,0
495,0.22057958784403542,-0.06008454979550937,0.0,0.2806641376395448,0
496,-0.5806668164568489,-0.031244991192311833,0.0,-0.5494218252645371,0
497,-0.11144839420320143,-0.010766183767607573,0.0,-0.10068221043559386,0
498,-0.5962671067780754,0.0009764917591239541,0.0,-0.5972435985371993,0
499,-0.44474007660976955,0.0037781724583919596,0.0,-0.4485182490681615,0
500,0.406766703421246,-0.002391965522926809,0.0,0.4091586689441728,0
501,0.25116441060624495,-0.017391083985260847,0.0,0.2685554945915058,0
502,-0.25675101412852896,-0.04090694414309182,0.0,-0.21584406998543712,0
503,-0.5232169852265124,-0.07246594841424331,0.0,-0.4507510368122691,0
504,-1.000803421968709,-0.11144477061621363,0.0,-0.8893586513524954,0
505,-0.32013395175155296,-0.1570852993717626,0.0,-0.16304865237979035,0
506,0.5176119609688429,-0.20851254270537775,0.0,0.7261245036742207,0
507,-0.13428979181078612,-0.26475507324988035,0.0,0.13046528143909422,0
508,-0.49263922059734006,-0.3247675347824932,0.0,-0.16787168581484685,0
509,-0.24793062049354078,-0.38745468334363264,0.0,0.13952406285009186,0
510,-0.9199839069678186,-0.4516964010694857,0.0,-0.46828750589833285,0
511,-0.6055701077189443,-0.5163730989096537,0.0,-0.08919700880929063,0
512,-0.5505476742114662,-0.5803909161161878,0.0,0.029843241904721547,0
513,-0.6685363255159632,-0.6427061299696486,0.0,-0.025830195546314553,0
514,-0.46510637201143257,-0.7023482085184567,0.0,0.23724183650702416,0
515,-0.6550474038217406,-0.7584409716925563,0.0,0.1033935678708157,0
516,-0.6097235658129021,-0.8102213712453012,0.0,0.2004978054323991,0
517,-1.063567141187008,-0.8570554565177801,0.0,-0.2065116846692278,0
518,-0.6291065371560043,-0.8984511596791687,0.0,0.26934462252316443,0
519,-0.4453865250231506,-0.934067609310348,0.0,0.4886810842871974,0
520,-1.2547656190948377,-0.9637207631994139,0.0,-0.2910448558954238,0
521,-1.2536939347972837,-0.9873852380829158,0.0,-0.2663086967143679,0
522,-0.6044570028603049,-1.0051923037563748,0.0,0.40073530089606985,0
523,-1.074827295396778,-1.0174240993882597,0.0,-0.05740319600851808,0
524,-0.6033578012607546,-1.0245042188807216,0.0,0.4211464176199671,0
525,-1.1597456112084337,-1.0269848976407785,0.0,-0.13276071356765515,0
526,-0.5890174402692563,-1.0255311131504696,0.0,0.4365136728812134,0
527,-0.9814562393349224,-1.020901984376558,0.0,0.03944574504163565,0
528,-0.9364612716388684,-1.013929918635677,0.0,0.07746864699680855,0
529,-0.5360826010368851,-1.0054980075378563,0.0,0.4694154065009713,0
530,-1.1050473580602114,-0.99651621482696,0.0,-0.10853114323325137,0
531,-1.2702335561319276,-0.98789692735444,0.0,-0.2823366287774875,0
532,-1.1150997178048265,-0.9805304553963201,0.0,-0.1345692624085063,0
533,-0.8395608845086926,-0.9752610697016342,0.0,0.1357001851929416,0
534,-1.4425918716696922,-0.9728641500155378,0.0,-0.4697277216541543,0
535,-0.7827837228538943,-0.9740249936492308,0.0,0.19124127079533645,0
536,-1.140951188870365,-0.979319793585042,0.0,-0.16163139528532297,0
537,-0.6448554463058462,-0.9891992445259152,0.0,0.34434379822006905,0
538,-1.7222532648918052,-1.0039751734216638,0.0,-0.7182780914701414,0
539,-1.2597802523130301,-1.0238105197817795,0.0,-0.2359697325312506,0
540,-1.5546533575570527,-1.0487129121868222,0.0,-0.5059404453702305,0
541,-1.3264008425975613,-1.0785320026883756,0.0,-0.24786883990918576,0
542,-1.0386608618960569,-1.1129606322287398,0.0,0.07429977033268294,0
543,-1.205307797529117,-1.1515398098941907,0.0,-0.05376798763492647,0
544,-1.269680669542413,-1.1936673988580084,0.0,-0.07601327068440449,0
545,-1.2863657757974474,-1.238610314383429,0.0,-0.047755461414018235,0
546,-1.224503484108678,-1.2855199562946609,0.0,0.06101647218598302,0
547,-1.6360113344164597,-1.3334505218335273,0.0,-0.3025608125829323,0
548,-1.169324884326504,-1.3813797765962192,0.0,0.21205489226971522,0
549,-1.2294320117747868,-1.428231802890432,0.0,0.19879979111564516,0
550,-1.357389816442685,-1.4729011977395152,0.0,0.11551138129683029,0
551,-1.3473181251684294,-1.5142781579938083,0.0,0.16696003282537894,0
552,-1.46234846816657,-1.5512738684091678,0.0,0.08892540024259785,0
553,-0.9723236098082877,-1.582845600627608,0.0,0.6105219908193202,0
554,-1.6341491882507202,-1.6080209369349672,0.0,-0.026128251315752967,0
555,-1.7180455178395053,-1.6259205523391322,0.0,-0.09212496550037302,0
556,-1.8618372955600662,-1.6357790214528527,0.0,-0.22605827410721335,0
557,-1.9466419632816125,-1.6369631621082614,0.0,-0.30967880117335106,0
558,-2.0023290207953712,-1.6289874845150485,0.0,-0.3733415362803226,0
559,-1.8781655757397608,-1.6115263817704852,0.0,-0.26663919396927555,0
560,-1.6056268875662776,-1.5844227730706562,0.0,-0.021204114495621394,0
561,-1.447404454741848,-1.5476929932911625,0.0,0.10028853854931434,0
562,-1.4861851922106308,-1.5015278097762794,0.0,0.015342617565648534,0
563,-1.6759501203867837,-1.44628953715787,0.0,-0.22966058322891386,0
564,-1.112449942508304,-1.3825053117142931,0.0,0.270055369205989,0
565,-1.0890328743612905,-1.3108566760515747,0.0,0.22182380169028426,0
566,-1.2800602028826267,-1.2321657106560215,0.0,-0.0478944922266051,0
567,-1.3432528725202808,-1.1473780291208673,0.0,-0.1958748433994136,0
568,-0.8930146504633145,-1.0575430267122543,0.0,0.16452837624893984,0
569,-0.9073997594601035,-0.9637918357059349,0.0,0.056392076245831334,0
570,-1.301751671928362,-0.8673134941038476,0.0,-0.43443817782451427,0
571,-0.78972395248068,-0.7693298756853585,0.0,-0.02039407679532147,0
572,-0.5924592142715173,-0.6710699578938316,0.0,0.07861074362231431,0
573,-0.8436524550856874,-0.5737440191393612,0.0,-0.26990843594632613,0
574,-0.4215653405087334,-0.4785183583599663,0.0,0.0569530178512329,0
575,-0.8229378626773425,-0.38649111710000583,0.0,-0.4364467455773367,0
576,0.10218607177305888,-0.2986697582305924,0.0,0.40085583000365127,0
577,0.1584342791498311,-0.2159507163679984,0.0,0.3743849955178295,0
578,-0.21485688424833568,-0.13910168395744626,0.0,-0.07575520029088942,0
579,0.04028936627068787,-0.06874693508103408,0.0,0.10903630135172195,0
580,-0.7283326075103294,-0.005356017770366928,0.0,-0.7229765897399625,0
581,-0.29614036470786786,0.050763933371731934,0.0,-0.3469042980795998,0
582,0.01133842121323915,0.0994720972588781,0.0,-0.08813367604563895,0
583,-0.18084590560939534,0.1407940008186624,0.0,-0.32163990642805773,0
584,0.3892366448519624,0.1749177000627648,0.0,0.21431894478919764,0
585,0.8013751692401845,0.20218621001578635,0.0,0.5991889592243982,0
586,-0.12989804236749822,0.22308637346129237,0.0,-0.3529844158287906,0
587,-0.01300457959405088,0.23823444163150692,0.0,-0.2512390212255578,0
588,0.31899322717501744,0.24835871668203832,0.0,0.0706345104929791,0
589,0.7376145188085856,0.25427967425869946,0.0,0.48333484454988623,0
590,-0.10982425068530177,0.2568880430766692,0.0,-0.36671229376197095,0
591,0.33183220251287326,0.2571213658207907,0.0,0.07471083669208259,0
592,0.802329255975382,0.2559396007314494,0.0,0.5463896552439326,0
593,-0.24122739931024584,0.25430034514353433,0.0,-0.4955277444537802,0
594,-0.13118649156825274,0.25313427048549686,0.0,-0.3843207620537496,0
595,0.1262393706929739,0.25332135263122535,0.0,-0.12708198193825146,0
596,0.09949193830669831,0.2556684621633216,0.0,-0.1561765238566233,0
597,0.5046692328350302,0.26088884650893684,0.0,0.24378038632609336,0
598,0.3420819067614612,0.2695839908152098,0.0,0.07249791594625142,0
599,-0.25026032999165554,0.2822282879009829,0.0,-0.5324886178926385,0
600,0.45378000185340883,0.2991568809831656,0.0,0.15462312087024324,0
601,0.14729530148800407,0.3205569676946992,0.0,-0.17326166620669514,0
602,0.7287969370352173,0.3464627719528456,0.0,0.3823341650823717,0
603,0.18847804249432323,0.3767543034253991,0.0,-0.18827626093107588,0
604,0.22017534978624922,0.4111599347169199,0.0,-0.1909845849306707,0
605,0.6116022193030473,0.4492627360616879,0.0,0.1623394832413594,0
606,0.7193883630864016,0.49051041838532067,0.0,0.22887794470108097,0
607,0.6686584593521334,0.5342286501712723,0.0,0.13442980918086106,0
608,0.07395823843162574,0.5796374336470682,0.0,-0.5056791952154425,0
609,0.787280485244076,0.6258701532656007,0.0,0.16141033197847532,0
610,0.36170243049968853,0.6719948460020082,0.0,-0.3102924155023197,0
611,0.7876200235848896,0.7170371901084105,0.0,0.07058283347647905,0
612,0.33288433728899985,0.7600046679087179,0.0,-0.42712033061971805,0
613,0.9338079742034393,0.7999113299405202,0.0,0.13389664426291908,0
614,0.593822901633876,0.8358025729260877,0.0,-0.24197967129221176,0
615,0.48198894795212,0.8667793430302765,0.0,-0.3847903950781565,0
616,1.1061672296118474,0.8920211886671275,0.0,0.21414604094471984,0
617,0.983300969954002,0.9108076134509766,0.0,0.07249335650302538,0
618,0.738344178720504,0.922537219138373,0.0,-0.18419304041786913,0
619,1.3620978343618253,0.9267441796555059,0.0,0.43535365470631926,0
620,0.7909159228832223,0.923111649354145,0.0,-0.13219572647092273,0
621,0.9211140822257522,0.9114817800344718,0.0,0.009632302191280398,0
622,0.9725361346479349,0.8918621003443546,0.0,0.08067403430358028,0
623,0.6785283158214138,0.8644280960599979,0.0,-0.18589978023858408,0
624,0.9708628065040971,0.8295219184841183,0.0,0.1413408880199788,0
625,0.62761153453688,0.7876472386862974,0.0,-0.16003570414941734,0
626,0.6159688587713643,0.7394603554362271,0.0,-0.12349149666486275,0
627,1.094550544273515,0.6857577523325127,0.0,0.4087927919410023,0
628,0.31528456700003,0.6274603827537599,0.0,-0.31217581575372993,0
629,-0.15823906137204846,0.5655950379067985,0.0,-0.723834099278847,0
630,0.9845543201265494,0.5012732216229812,0.0,0.48328109850356826,0
631,1.2004663998364882,0.4356680140543872,0.0,0.7647983857821009,0
632,0.24840867404181213,0.3699894536766117,0.0,-0.12158077963479955,0
633,-0.27559241028113,0.3054590019049256,0.0,-0.5810514121860556,0
634,0.1501384834985895,0.24328367635737264,0.0,-0.09314519285878313,0
635,0.09876356188996212,0.18463044684216287,0.0,-0.08586688495220075,0
636,0.07362433001004304,0.13060148231672014,0.0,-0.05697715230667711,0
637,-0.25180559507811695,0.08221081749843753,0.0,-0.33401641257655446,0
638,0.21423131770159226,0.040362974958649045,0.0,0.17386834274294322,0
639,0.1631862457561937,0.005834033170367847,0.0,0.15735221258582585,0
640,-0.4690661117781215,-0.02074442583232955,0.0,-0.44832168594579197,0
641,0.17086089704871224,-0.0388981224597541,0.0,0.20975901950846634,0
642,0.5674861465802628,-0.048319348003504514,0.0,0.6158054945837673,0
643,0.0027156131811274103,-0.048872486549990546,0.0,0.051588099731117956,0
644,-0.14179321717750898,-0.040595668556957176,0.0,-0.10119754862055182,0
645,-0.06629948856607686,-0.023698524243820462,0.0,-0.04260096432225639,0
646,0.18602093446233617,0.0014439043717678068,0.0,0.18457703009056836,0
647,-0.4849005369699696,0.03430094468219577,0.0,-0.5192014816521654,0
648,0.12351674494509382,0.07419953405190316,0.0,0.04931721089319067,0
649,0.0032014207230690594,0.12034060556191209,0.0,-0.11713918483884303,0
650,0.7261657357521454,0.17181823186533174,0.0,0.5543475038868136,0
651,0.1753892561263821,0.22764107626786945,0.0,-0.05225182014148736,0
652,0.7871219302459403,0.2867556469100845,0.0,0.5003662833358559,0
653,0.016948599178769508,0.3480708085133717,0.0,-0.3311222093346022,0
654,0.5866607275663066,0.4104829775254689,0.0,0.17617775004083766,0
655,0.5687214904695999,0.4729014113322312,0.0,0.09582007913736865,0
656,0.2735588264818429,0.5342730008412776,0.0,-0.2607141743594347,0
657,0.6468248226104872,0.5936059882194051,0.0,0.05321883439108213,0
658,1.0137477086319244,0.6499920575824444,0.0,0.3637556510494801,0
659,0.6054887740951316,0.7026262853811118,0.0,-0.09713751128598021,0
660,0.24323569343122253,0.7508244881821515,0.0,-0.507588794750929,0
661,0.7887687193709806,0.7940375673142144,0.0,-0.0052688479432337725,0
662,0.5611355925424641,0.831862520980218,0.0,-0.27072692843775376,0
663,0.7613475916637549,0.8640498732629196,0.0,-0.10270228159916471,0
664,0.8660310232112092,0.8905073541167454,0.0,-0.024476330905536293,0
665,0.39960408815530735,0.9112997529599625,0.0,-0.5116956648046551,0
666,0.44194745698262894,0.9266449587788324,0.0,-0.4846975017962034,0
667,1.0815263402682338,0.9369062896105762,0.0,0.14462005065765757,0
668,0.7857656929233646,0.9425813017742687,0.0,-0.1568156088509041,0
669,0.1748640496681948,0.9442873522143649,0.0,-0.7694233025461701,0
670,1.178197474846053,0.9427442638636125,0.0,0.23545321098244051,0
671,1.0204654388065777,0.9387545122243057,0.0,0.08171092658227196,0
672,0.7190189625961871,0.9331814098071323,0.0,-0.21416244721094518,0
673,0.531876748966235,0.9269258122837074,0.0,-0.3950490633174724,0
674,1.1716442739891235,0.9209019050948224,0.0,0.2507423688943011,0
675,1.0208178377601644,0.9160126509920357,0.0,0.10480518676812887,0
676,1.6279061718714147,0.9131254870661927,0.0,0.7147806848052219,0
677,1.0391054336595151,0.9130488540420338,0.0,0.1260565796174812,0
678,1.0328210635074502,0.9165101211288458,0.0,0.11631094237860444,0
679,0.8740570579372331,0.9241354369698026,0.0,-0.05007837903256954,0
680,1.181464752154793,0.9364319919945556,0.0,0.24503276016023728,0
681,1.141298681186487,0.9537731208120409,0.0,0.1875255603744461,0
682,1.351904109081274,0.9763866065117155,0.0,0.37551750256955846,0
683,0.8479495978466177,1.0043464734378031,0.0,-0.15639687559118542,0
684,0.9069462310450828,1.0375684729282715,0.0,-0.1306222418831887,0
685,0.9320784283200632,1.0758093795936572,0.0,-0.14373095127359403,0
686,1.3559106423424478,1.118670125988751,0.0,0.23724051635369675,0
687,1.6151150451967147,1.1656027131076951,0.0,0.4495123320890196,0
688,1.078268597186554,1.215920745131344,0.0,-0.1376521479447902,0
689,1.1413812330248798,1.2688133513628073,0.0,-0.12743211833792736,0
690,1.417585345470597,1.3233621783096572,0.0,0.09422316716093976,0
691,1.304832612281817,1.3785610622856874,0.0,-0.07372845000387042,0
692,1.7189540253580038,1.4333379294160369,0.0,0.28561609594196696,0
693,0.8110452298412292,1.4865784170269432,0.0,-0.675533187185714,0
694,1.2891391552542992,1.5371506693293677,0.0,-0.24801151407506838,0
695,1.3492058318404443,1.583930732028878,0.0,-0.23472490018843373,0
696,0.9297211519634075,1.625827955679251,0.0,-0.6961068037158434,0
697,1.372718283283451,1.6618098165940922,0.0,-0.2890915333106412,0
698,1.4163787422131902,1.690925576966968,0.0,-0.27454683475377784,0
699,1.6519968358721657,1.7123282322278148,0.0,-0.060331396355649096,0
700,2.05918400046571,1.7252942329676308,0.0,0.3338897674980791,0
701,1.6557223247194062,1.7292405200766168,0.0,-0.0735181953572107,0
702,1.4144943577824496,1.7237384738637958,0.0,-0.3092441160813461,0
703,1.6914380870423367,1.7085244494063954,0.0,-0.017086362364058694,0
704,1.9982587359751784,1.6835066495427735,0.0,0.3147520864324048,0
705,1.355980527087203,1.6487681719216745,0.0,-0.29278764483447145,0
706,1.331393690187738,1.6045661553641724,0.0,-0.27317246517643456,0
707,1.718891729186058,1.551327041403791,0.0,0.16756468778226702,0
708,1.4231772224057484,1.4896380571249885,0.0,-0.06646083471924016,0
709,1.6144805204206654,1.420235113207823,0.0,0.1942454072128423,0
710,1.3398933568144442,1.3439873943530332,0.0,-0.0040940375385890284,0
711,1.4723780904856023,1.2618789960587322,0.0,0.21049909442687012,0
712,0.8644645960375743,1.1749880302497666,0.0,-0.31052343421219225,0
713,1.0808382856842915,1.0844636809207717,0.0,-0.0036253952364802317,0
714,0.9282947340626388,0.9915017383715858,0.0,-0.06320700430894705,0
715,0.5325518984494249,0.897319175680664,0.0,-0.3647672772312392,0
716,0.33408496859745446,0.803128352958061,0.0,-0.4690433843606065,0
717,0.9158361537167448,0.7101114431343463,0.0,0.20572471058239852,0
718,0.5141099527200639,0.6193956673854573,0.0,-0.10528571466539342,0
719,0.22534582440434164,0.5320299088985405,0.0,-0.30668408449419887,0
720,0.42010955993235216,0.4489632410093518,0.0,-0.028853681076999673,0
721,0.7094315177574354,0.37102586055264464,0.0,0.33840565720479077,0
722,-0.38530849298571473,0.29891286062586214,0.0,-0.6842213536115769,0
723,-0.21582039677090953,0.23317121020008835,0.0,-0.4489916069709979,0
724,-0.10267569988039904,0.17419023268818123,0.0,-0.2768659325685803,0
725,0.5605494534793242,0.12219579346322551,0.0,0.43835366001609866,0
726,0.1620244142128341,0.07724831933704512,0.0,0.08477609487578895,0
727,0.2694398553349758,0.03924468319660773,0.0,0.23019517213836804,0
728,-0.3341243792762969,0.007923896461572294,0.0,-0.34204827573786917,0
729,-0.35298429969060907,-0.017123537109451192,0.0,-0.3358607625811579,0
730,0.09790127663204234,-0.036442838384770776,0.0,0.13434411501681312,0
731,-0.033216753591436804,-0.05069905287207077,0.0,0.017482299280633964,0
732,0.10396322682562376,-0.0606584188336142,0.0,0.16462164565923795,0
733,-0.12346874954342325,-0.06716745226488761,0.0,-0.05630129727853564,0
734,0.01231286730309955,-0.07113025063328854,0.0,0.08344311793638809,0
735,-0.02604883312505637,-0.07348455859658912,0.0,0.04743572547153275,0
736,0.1581530492607795,-0.07517716746469809,0.0,0.2333302167254776,0
737,0.16496324931777437,-0.07713923526556679,0.0,0.24210248458334116,0
738,-0.5662237138926753,-0.08026211557514445,0.0,-0.48596159831753094,0
739,-0.7595548373464847,-0.08537427074422804,0.0,-0.6741805666022567,0
740,0.20730380019768432,-0.0932198190977678,0.0,0.3005236192954521,0
741,0.2518783012702596,-0.10443922670832134,0.0,0.35631752797858096,0
742,-0.4257395092251609,-0.1195526033711597,0.0,-0.3061869058540012,0
743,-0.696896622595465,-0.13894600063177642,0.0,-0.5579506219636886,0
744,-0.13315059228616186,-0.16286103858832213,0.0,0.029710446302160274,0
745,0.08786335852290761,-0.1913881093822512,0.0,0.2792514679051588,0
746,0.31481503607977557,-0.22446332065051877,0.0,0.5392783567302943,0
747,-0.10697998209925239,-0.26186925372968767,0.0,0.15488927163043528,0
748,-0.41475453012880337,-0.3032395211530949,0.0,-0.11151500897570849,0
749,-0.6160062045617885,-0.34806701808632967,0.0,-0.2679391864754588,0
750,-0.3922802874126462,-0.3957156749138425,0.0,0.0034353875011963247,0
751,-0.5352148464391082,-0.44543543527353135,0.0,-0.08977941116557692,0
752,-0.8009004791025129,-0.4963801073838682,0.0,-0.3045203717186448,0
753,0.06699902694409288,-0.5476276683148931,0.0,0.6146266952589859,0
754,-0.06265202190066155,-0.5982025425223009,0.0,0.5355505206216393,0
755,-0.3062847237967383,-0.6470993288633669,0.0,0.34081460506662853,0
756,-0.9695625348952949,-0.6933074155525566,0.0,-0.2762551193427383,0
757,-0.47933010362167267,-0.7358359009108563,0.0,0.2565057972891836,0
758,-0.5818503069772725,-0.773738229826643,0.0,0.19188792284937053,0
759,-0.6733722745042106,-0.8061359617654265,0.0,0.13276368726121587,0
760,-0.45734152569359837,-0.8322411058067315,0.0,0.3748995801131331,0
761,-0.6607651482319482,-0.8513764910903314,0.0,0.19061134285838321,0
762,-0.6409894155615903,-0.8629936864528909,0.0,0.22200427089130065,0
763,-0.675616154857243,-0.8666880398689061,0.0,0.19107188501166303,0
764,-0.7599730528457715,-0.8622104752464033,0.0,0.10223742240063176,0
765,-1.3845590985163878,-0.8494757596021328,0.0,-0.535083338914255,0
766,-0.8034807126627207,-0.8285670358858879,0.0,0.02508632322316717,0
767,-0.9665940914682525,-0.7997365038135149,0.0,-0.16685758765473754,0
768,-1.14735450825565,-0.7634022209636437,0.0,-0.38395228729200614,0
769,-0.21559610119836625,-0.7201410869886135,0.0,0.5045449857902472,0
770,-0.1519795606980655,-0.6706781629637766,0.0,0.5186986022657111,0
771,-0.20810638347321953,-0.6158725635619031,0.0,0.4077661800886836,0
772,-0.48013621482757496,-0.5567002398843374,0.0,0.07656402505676238,0
773,-0.08904650724431457,-0.4942340435301116,0.0,0.405187536285797,0
774,-0.4260055719527192,-0.4296215261332669,0.0,0.0036159541805476625,0
775,-0.3032217985870316,-0.36406098165636536,0.0,0.06083918306933381,0
776,-0.6268176910888114,-0.2987762799502165,0.0,-0.32804141113859486,0
777,-0.1158936771611925,-0.2349910685108445,0.0,0.119097391349652,0
778,-0.1557871557895591,-0.17390293431688422,0.0,0.018115778527325127,0
779,-0.5074537538145317,-0.11665811876419238,0.0,-0.3907956350503393,0
780,-0.07968649954574271,-0.06432736600076364,0.0,-0.015359133544979071,0
781,-0.04180232785952677,-0.01788345870248423,0.0,-0.02391886915704254,0
782,0.5610873938620443,0.0218190438686523,0.0,0.539268349993392,0
783,0.3223254004524278,0.05406140189840497,0.0,0.26826399855402283,0
784,0.08170885528414217,0.07827522355670236,0.0,0.0034336317274398045,0
785,0.1686897887904327,0.09405359585010781,0.0,0.07463619294032489,0
786,0.11442228013352372,0.10115856670226431,0.0,0.013263713431259417,0
787,0.038650616678232025,0.09952481211689634,0.0,-0.06087419543866432,0
788,-0.23546874814098312,0.08925941107550295,0.0,-0.32472815921648607,0
789,0.02532217811435509,0.07063774139643386,0.0,-0.04531556328207877,0
790,-0.17973387698301097,0.04409560001274304,0.0,-0.223829476995754,0
791,-0.3648769227756309,0.010217738901312973,0.0,-0.3750946616769439,0
792,0.12308963552512425,-0.03027690883913614,0.0,0.1533665443642604,0
793,0.04082643652306146,-0.07655296145690901,0.0,0.11737939797997048,0
794,-0.6636911131183014,-0.12767885970787807,0.0,-0.5360122534104234,0
795,-0.21945458940886936,-0.1826491981603312,0.0,-0.03680539124853816,0
796,0.058301825133952795,-0.24040859063602424,0.0,0.29871041576997703,0
797,0.017890613010109524,-0.29987650865878673,0.0,0.31776712166889626,0
798,-0.052221456955775014,-0.3599725098213466,0.0,0.3077510528655716,0
799,-0.407967302620972,-0.41964126469140994,0.0,0.01167396207043794,0
800,-0.7313903948411495,-0.47787679645040426,0.0,-0.25351359839074533,0
801,-0.858855014965473,-0.5337453667580548,0.0,-0.32510964820741817,0
802,-0.48302500248263447,-0.5864064739077417,0.0,0.10338147142510724,0
803,-0.5213474641040834,-0.6351314744136323,0.0,0.11378401030954889,0
804,-0.293120062210335,-0.6793193956918546,0.0,0.38619933348151964,0
805,-0.38851567903277545,-0.7185095741354005,0.0,0.32999389510262506,0
806,-0.7920594250302478,-0.7523908280708962,0.0,-0.03966859695935163,0
807,-1.1540687207180698,-0.7808069570598088,0.0,-0.3732617636582608,0
808,-0.8994904249448826,-0.8037584458416133,0.0,-0.09573197910326935,0
809,-0.7562309824311211,-0.8214003408742785,0.0,0.0651693584431574,0
810,-0.8946613314199392,-0.834036357803118,0.0,-0.060624973616821225,0
811,-1.0154775995853036,-0.8421093671620069,0.0,-0.17336823242329674,0
812,-0.7703230466016853,-0.8461884910926549,0.0,0.07586544449096967,0
813,-0.9981404462753048,-0.8469531238521217,0.0,-0.15118732242318314,0
814,-1.033594086606715,-0.8451742614891028,0.0,-0.18841982511761218,0
815,-0.7482577393103668,-0.8416935896013986,0.0,0.09343585029103187,0
816,-0.9579986050882259,-0.8374008310494644,0.0,-0.12059777403876143,0
817,-0.7599785799575081,-0.8332098966510137,0.0,0.07323131669350563,0
818,-0.7480732033972692,-0.830034410252906,0.0,0.0819612068556368,0
819,-1.1705918948305438,-0.8287631945030716,0.0,-0.34182870032747237,0
820,-0.9746086419352927,-0.8302363047756691,0.0,-0.14437233715962364,0
821,-0.40388910403510125,-0.83522218601004,0.0,0.4313330819749387,0
822,-1.193020354825033,-0.844396501004747,0.0,-0.3486238538202861,0
823,-1.4933194742675817,-0.8583231395764225,0.0,-0.6349963346911592,0
824,-1.4359914128393463,-0.8774378668665928,0.0,-0.5585535459727534,0
825,-0.8933020231826109,-0.9020350071556116,0.0,0.008732983973000761,0
826,-0.9229823048642856,-0.9322574882740953,0.0,0.009275183409809672,0
827,-1.0033737493867563,-0.96809049275922,0.0,-0.03528325662753628,0
828,-0.6451019284581312,-1.0093588771366817,0.0,0.36425694867855046,0
829,-1.85757876203858,-1.0557284321076987,0.0,-0.8018503299308813,0
830,-0.9879308037320271,-1.1067109660612742,0.0,0.11878016232924708,0
831,-0.6932416437938314,-1.1616731043349033,0.0,0.468431460541072,0
832,-1.558182838589843,-1.2198486091223288,0.0,-0.3383342294675142,0
833,-1.3942958954662763,-1.2803539419293077,0.0,-0.11394195353696852,0
834,-1.5680742891224122,-1.3422067139538258,0.0,-0.22586757516858627,0
835,-1.6726504153354265,-1.404346601512168,0.0,-0.26830381382325863,0
836,-1.5635368467560948,-1.4656582452491829,0.0,-0.097878601506912,0
837,-1.096750019625076,-1.5249956047304272,0.0,0.4282455851053514,0
838,-1.029991202577327,-1.581207205223583,0.0,0.551216002646256,0
839,-1.7339434593668153,-1.633161691854771,0.0,-0.10078176751204432,0
840,-1.1082550341626907,-1.6797730983820318,0.0,0.571518064219341,0
841,-1.7093523006569806,-1.720025243752368,0.0,0.010672943095387459,0
842,-1.2268873812547278,-1.752994689265052,0.0,0.5261073080103242,0
843,-1.805861316990393,-1.7778717220943454,0.0,-0.02798959489604753,0
844,-1.7546615285478546,-1.793978876361698,0.0,0.03931734781384329,0
845,-1.6911442180358291,-1.8007865598286794,0.0,0.10964234179285036,0
846,-0.844269317467447,-1.7979254212777076,0.0,0.9536561038102606,0
847,-1.5298094967382823,-1.785195169191719,0.0,0.2553856724534367,0
848,-1.9747489936540197,-1.7625696346685806,0.0,-0.21217935898543908,0
849,-1.4394985976028132,-1.7301979586855705,0.0,0.29069936108275735,0
850,-1.79695163494909,-1.6884018738237876,0.0,-0.10854976112530244,0
851,-1.7845941961362206,-1.637669141265858,0.0,-0.14692505487036273,0
852,-1.3060628852029288,-1.578643293170562,0.0,0.27258040796763333,0
853,-1.5027842399838127,-1.5121099163151586,0.0,0.009325676331345836,0
854,-1.35540701882005,-1.438979793173592,0.0,0.08357277435354182,0
855,-1.3560737229275022,-1.3602692894870898,0.0,0.0041955665595877385,0
856,-1.1761035031969955,-1.277078441178626,0.0,0.10097493798163042,0
857,-1.0630774774409095,-1.1905672466717543,0.0,0.12748976923084476,0
858,-1.6830207918644733,-1.1019307120528488,0.0,-0.5810900798116245,0
859,-0.8124014245150639,-1.012373225097924,0.0,0.19997180058286007,0
860,-1.2176886752512381,-0.9230828493021479,0.0,-0.2946058259490902,0
861,-1.2678958710196673,-0.8352061303518439,0.0,-0.43268974066782334,0
862,-0.7673473680931822,-0.7498239949355774,0.0,-0.01752337315760473,0
863,-0.6427349947060319,-0.6679292957003682,0.0,0.02519430099433628,0
864,-0.7984583665049733,-0.5904065171332891,0.0,-0.20805184937168422,0
865,-0.26870454880591876,-0.518014106106311,0.0,0.2493095573003923,0
866,-0.8540223788701351,-0.45136982895886296,0.0,-0.4026525499112721,0
867,-0.5130226103931621,-0.3909394857613944,0.0,-0.12208312463176768,0
868,-0.5124914739548393,-0.3370292334749391,0.0,-0.1754622404799002,0
869,-0.30375786604782185,-0.28978168494602,0.0,-0.01397618110180181,0
870,-0.16551657664844943,-0.24917586204262104,0.0,0.08365928539417163,0
871,-0.5173988757093542,-0.21503099082229082,0.0,-0.3023678848870634,0
872,0.030270766688596656,-0.1870140365482718,0.0,0.21728480323686847,0
873,-0.1457500782434759,-0.16465078874388583,0.0,0.01890071050040992,0
874,-0.7149240993481775,-0.14734022335460437,0.0,-0.5675838759935731,0
875,-0.7219492245369548,-0.13437179241784541,0.0,-0.5875774321191093,0
876,-0.12864101109863316,-0.1249452232198398,0.0,-0.0036957878787933704,0
877,-0.18448254568520045,-0.1181923503492942,0.0,-0.06629019533590623,0
878,-0.14422649078370273,-0.11320045671131267,0.0,-0.03102603407239005,0
879,-0.1174313015090617,-0.1090365645499963,0.0,-0.008394736959065393,0
880,-0.037104143811102205,-0.10477209566415642,0.0,0.06766795185305421,0
881,0.1847875711565038,-0.09950731179798611,0.0,0.2842948829544899,0
882,-0.4257264221132443,-0.09239495183797689,0.0,-0.33333147027526744,0
883,-0.43425397968436613,-0.08266250181412771,0.0,-0.3515914778702384,0
884,-0.397629723697794,-0.06963256633157922,0.0,-0.32799715736621476,0
885,0.03393414496978074,-0.052740855180831325,0.0,0.08667500015061207,0
886,0.3419328581635257,-0.031551355430407935,0.0,0.37348421359393363,0
887,-0.13517015743898037,-0.00576832596712723,0.0,-0.12940183147185313,0
888,-0.7257547798981463,0.024755173349750137,0.0,-0.7505099532478964,0
889,-0.4511854350043059,0.06001242377880672,0.0,-0.5111978587831126,0
890,-0.15006903677467442,0.09984198006412903,0.0,-0.24991101683880346,0
891,-0.023388243771738676,0.14393042247682575,0.0,-0.16731866624856442,0
892,0.06930227940672543,0.19181886758314334,0.0,-0.12251658817641792,0
893,0.25448742475671016,0.242913087862435,0.0,0.011574336894275119,0
894,0.20297310562345544,0.2964970048701896,0.0,-0.09352389924673414,0
895,0.6665511238845873,0.3517492407215651,0.0,0.31480188316302216,0
896,0.2049571484307676,0.4077623401351782,0.0,-0.2028051917044106,0
897,0.20486882398732253,0.4635642118299854,0.0,-0.2586953878426629,0
898,0.661803946755807,0.5181412851996685,0.0,0.14366266155613847,0
899,0.10977021616489274,0.5704628371427285,0.0,-0.46069262097783575,0
900,0.7364134272636534,0.6195059156676528,0.0,0.11690751159600066,0
901,0.6950462272042925,0.6642802720864125,0.0,0.030765955117880057,0
902,0.659619965632462,0.7038527126079122,0.0,-0.044232746975450224,0
903,1.213853125116104,0.7373702929713252,0.0,0.4764828321447787,0
904,0.5774195725326473,0.7640818061210627,0.0,-0.18666223358841538,0
905,1.401446503362261,0.7833570522050375,0.0,0.6180894511572235,0
906,0.7270739966905798,0.7947034314590096,0.0,-0.06762943476842978,0
907,0.4146745291311299,0.7977794626221983,0.0,-0.38310493349106844,0
908,0.8133807752598903,0.7924049009614427,0.0,0.020975874298447588,0
909,0.455693648995307,0.7785672090909375,0.0,-0.32287356009563045,0
910,0.5308974643659814,0.7564242187100314,0.0,-0.22552675434405006,0
911,0.8454129001594617,0.7263029101548144,0.0,0.11910999000464734,0
912,0.8553689537860008,0.6886943271909634,0.0,0.16667462659503743,0
913,0.45759442456965915,0.6442447346459366,0.0,-0.18665031007627744,0
914,0.8899647576900888,0.5937432141761686,0.0,0.29622154351392016,0
915,0.8853583040417473,0.5381059766354072,0.0,0.34725232740634016,0
916,0.9092482731746816,0.47835774620569427,0.0,0.4308905269689873,0
917,0.574434662013773,0.41561063987605634,0.0,0.15882402213771665,0
918,0.7600696380287143,0.3510410244030047,0.0,0.4090286136257096,0
919,-0.2783746482028512,0.28586488018936607,0.0,-0.5642395283922172,0
920,0.12594027187781637,0.22131223646635512,0.0,-0.09537196458853876,0
921,-0.10150031295914991,0.158601263937878,0.0,-0.2601015768970279,0
922,0.13468037747484998,0.09891261913663235,0.0,0.035767758338217624,0
923,-0.12807013680066223,0.043364628958358964,0.0,-0.1714347657590212,0
924,-0.05685746826682995,-0.007010115681910234,0.0,-0.049847352584919714,0
925,0.5133662431295414,-0.051286220931673426,0.0,0.5646524640612148,0
926,-0.13958045392536753,-0.08866451499925404,0.0,-0.050915938926113485,0
927,0.005649492139274279,-0.1184882030177899,0.0,0.12413769515706417,0
928,-0.20993658359636094,-0.14025578461909038,0.0,-0.06968079897727056,0
929,-0.13091645612631939,-0.1536304425133695,0.0,0.022713986387050102,0
930,-0.1566406884826931,-0.15844569261351454,0.0,0.0018050041308214377,0
931,-0.020209953557847327,-0.15470717334979517,0.0,0.13449721979194784,0
932,0.20700171891033842,-0.14259054175381464,0.0,0.34959226066415305,0
933,0.37178266473829985,-0.12243553454269895,0.0,0.4942181992809988,0
934,-0.001850317111773886,-0.09473634168452394,0.0,0.09288602457275005,0
935,0.11673554012680443,-0.060128525683876194,0.0,0.17686406581068062,0
936,-0.3646321528411332,-0.01937280008546316,0.0,-0.34525935275567005,0
937,0.0003009237002038201,0.026663946424889992,0.0,-0.026363022724686172,0
938,0.3591167696082588,0.07702993014318207,0.0,0.2820868394650767,0
939,0.3905021448164483,0.13071155329130235,0.0,0.25979059152514594,0
940,0.2501406608124341,0.18665774097391902,0.0,0.06348291983851506,0
941,0.5097231485908171,0.24380496072043137,0.0,0.26591818787038574,0
942,0.4483323487167493,0.30110233601860364,0.0,0.14723001269814565,0
943,0.7176281413634585,0.35753626388566206,0.0,0.3600918774777965,0
944,0.4989617060834288,0.4121539589962955,0.0,0.08680774708713333,0
945,0.35737587822656836,0.46408537289787877,0.0,-0.1067094946713104,0
946,0.6133153528590118,0.5125629757791047,0.0,0.10075237707990709,0
947,-0.32223937355357657,0.5569389392022561,0.0,-0.8791783127558327,0
948,0.7115650408799186,0.5966993199644037,0.0,0.11486572091551484,0
949,-0.46304893119720214,0.6314749163672329,0.0,-1.094523847564435,0
950,0.1440095247579617,0.661048546979587,0.0,-0.5170390222216253,0
951,0.8208891669020292,0.6853585866197339,0.0,0.13553058028229523,0
952,0.8477574839592134,0.7044986827791748,0.0,0.14325880118003856,0
953,0.3699850319367008,0.7187136659786799,0.0,-0.3487286340419791,0
954,0.5147611449078673,0.7283917574715489,0.0,-0.21363061256368163,0
955,1.1452155617619801,0.7340532651777406,0.0,0.4111622965842396,0
956,0.591127002220906,0.7363360416927088,0.0,-0.14520903947180283,0
957,1.4088541484400947,0.7359780547191991,0.0,0.6728760937208955,0
958,0.7332215325702023,0.7337974885231061,0.0,-0.0005759559529038447,0
959,0.8530817064779452,0.7306708534135652,0.0,0.12241085306438004,0
960,1.212571946971464,0.7275096274218819,0.0,0.48506231954958223,0
961,0.7645441240536138,0.725235989195588,0.0,0.03930813485802587,0
962,0.4240550286075112,0.7247582228147516,0.0,-0.30070319420724034,0
963,0.6940281477588931,0.7269463832671801,0.0,-0.032918235508287035,0
964,0.7219255846411697,0.7326088054981971,0.0,-0.01068322085702728,0
965,0.3330475247534507,0.7424700204139203,0.0,-0.4094224956604696,0
966,0.6804009870195331,0.7571506084217801,0.0,-0.076749621402247,0
967,0.5544918476069329,0.7771494758061639,0.0,-0.222657628199231,0
968,1.080136309677581,0.8028289825213506,0.0,0.2773073271562302,0
969,0.8447868454231285,0.8344032831675519,0.0,0.010383562255576686,0
970,0.7870914428206506,0.8719301675649216,0.0,-0.08483872474427101,0
971,0.8834520260340738,0.9153066052208467,0.0,-0.031854579186772876,0
972,1.0312047165452405,0.9642681110233906,0.0,0.06693660552184984,0
973,1.203436219633904,1.01839195972697,0.0,0.18504425990693393,0
974,0.7771905177292309,1.0771041863300452,0.0,-0.2999136686008144,0
975,0.8272139306144091,1.1396902204007906,0.0,-0.31247628978638153,0
976,1.5367126814938743,1.2053089168731153,0.0,0.331403764620759,0
977,1.14930860415764,1.273009665819059,0.0,-0.12370106166141917,0
978,0.9166995633017245,1.3417521910807868,0.0,-0.4250526277790622,0
979,1.5435723969364092,1.4104285841214779,0.0,0.13314381281493137,0
980,1.616898008328827,1.477887066519021,0.0,0.13901094180980605,0
981,1.0837423562470785,1.5429569334240905,0.0,-0.4592145771770119,0
982,1.67331861663806,1.604474101998978,0.0,0.06884451463908188,0
983,1.8819816017419724,1.6613066740134603,0.0,0.22067492772851208,0
984,1.8246958562602154,1.7123799207483363,0.0,0.11231593551187892,0
985,1.9462945563012364,1.7567001111728178,0.0,0.18959444512841858,0
986,1.3720959012957057,1.7933766307229304,0.0,-0.4212807294272247,0
987,1.9209539237964908,1.8216418772976322,0.0,0.09931204649885868,0
988,1.7500825445505788,1.8408684723917128,0.0,-0.09078592784113397,0
989,1.7057463397816683,1.8505833873990618,0.0,-0.14483704761739344,0
990,2.1116453394212003,1.8504786565952822,0.0,0.26116668282591793,0
991,2.2842007806744595,1.8404184274721906,0.0,0.443782353202269,0
992,2.358753200476979,1.8204421840968712,0.0,0.5383110163801077,0
993,2.1852064294676143,1.7907640680158428,0.0,0.39444236145177153,0
994,1.7188480573524458,1.7517683118415008,0.0,-0.032920254489055105,0
995,1.8098169398308102,1.7040008909229072,0.0,0.10581604890790292,0
996,1.8782044478395798,1.6481575863043068,0.0,0.2300468615352731,0
997,1.621422120247281,1.5850687354574424,0.0,0.036353384789838586,0
998,1.5549102804634358,1.5156810240899725,0.0,0.03922925637346331,0
999,1.6881626804470733,1.4410367408842186,0.0,0.2471259395628546,0
1000,1.344466181897546,1.3622509757053258,-0.0,-0.017784793807779663,1
1001,1.062392626422577,1.2804872892629817,0.0006914180716936158,-0.21878608091209845,1
1002,1.0732421077455587,1.1969324173075229,0.0006516101887934047,-0.12434191975075755,1
1003,1.3133462545823495,1.1127705943693702,0.010402546892856485,0.1901731133201227,1
1004,1.0427984900978737,1.0291580903007915,0.012742412437095476,0.0008979873599867195,1
1005,1.066776909482694,0.9471985472580261,0.017515369164166496,0.10206299306050136,1
1006,1.0682024392452676,0.8679196854061549,-0.0007410188215443683,0.20102377266065694,1
1007,0.6685484313901474,0.7922519129948585,-0.011251042735428225,-0.11245243886928288,1
1008,0.9268977131718803,0.7210093313057513,-0.020986067222812817,0.2268744490889418,1
1009,0.7409961060811727,0.6548735683740838,-0.027530243330429364,0.11365278103751833,1
1010,0.22271293461887287,0.5943808086660628,-0.0012239479737463875,-0.37044392607344356,1
1011,0.9742634977497788,0.5399123106146486,0.0016597497792570303,0.4326914373558733,1
1012,0.3397031539613684,0.49168862184607204,-0.0017620447576288168,-0.15022342312707485,1
1013,-0.04042032417587532,0.4497676149934328,0.006340663786246997,-0.4965286029555551,1
1014,0.10675067868009297,0.4140463772291686,0.006217414326815066,-0.3135131128758907,1
1015,0.0971009549922745,0.38426689616181586,0.019147607033955214,-0.3063135482034966,1
1016,0.35243732542197403,0.3600253956545314,-0.023240065829817427,0.01565199559726004,1
1017,0.2769990015232632,0.34078508952244024,0.0183690636646941,-0.08215515166387115,1
1018,0.3115215163186881,0.32589204095967017,0.08667906565119575,-0.10104959029217786,1
1019,0.5717541010669829,0.3145937428124811,0.0712497686097581,0.18591058964474366,1
1020,0.38238231874387363,0.3060599701562381,-0.02564025977017557,0.10196260835781114,1
1021,0.38208161484755765,0.2994054035438658,-0.012138149889594024,0.09481436119328587,1
1022,0.39687432599469963,0.2937134800142913,-0.019787691218199427,0.1229485371986078,1
1023,0.4751661005181974,0.2880609004484832,0.0022647996690427093,0.18484040040067148,1
1024,-0.39667237841953873,0.28154220680524,-0.04582858269154587,-0.6323860025332328,1
1025,0.23602711712679741,0.27329384150908353,0.07206475129705224,-0.10933147567933836,1
1026,-0.43168877763177416,0.26251711382832243,-0.040142872113254395,-0.6540630193468422,1
1027,0.20720973619088903,0.24849952417417434,-0.05210776602262392,0.010817978039338623,1
1028,0.20006799177255408,0.23063393625986311,-0.029176052820005422,-0.001389891667303596,1
1029,0.5268238032851227,0.20843513806445085,0.004728982783767703,0.31365968243690406,1
1030,0.42974328608119544,0.18155339435215628,-0.1081004260872971,0.35629031781633624,1
1031,0.19492043296641384,0.1497846646527543,-0.01569674616205065,0.0608325144757102,1
1032,-0.28784541403012,0.11307723944214965,-0.2508143302531997,-0.15010832321906994,1
1033,0.20202128516554096,0.07153463192342885,-0.015061680521609208,0.14554833376372134,1
1034,0.08690762733590898,0.025414651310211922,0.2198682672229911,-0.15837529119729404,1
1035,0.04392305302601557,-0.024875326220969773,0.06921617467999001,-0.0004177954330046697,1
1036,0.19116243442078712,-0.07878678283418722,-0.025891677833255973,0.2958408950882303,1
1037,-0.25065859341074403,-0.13564198707601507,0.05231479746209809,-0.16733140379682707,1
1038,0.021155671440284407,-0.19464914821609772,-0.025898772116368155,0.24170359177275028,1
1039,-0.05174653916242258,-0.2549204439908296,-4.650577928371595e-05,0.20322041060769072,1
1040,-0.36951580628643965,-0.31549250066077494,0.23241423951358173,-0.28643754513924646,1
1041,-0.07915597000016344,-0.37534884596331247,0.004024637497928724,0.2921682384652203,1
1042,-0.4794951584339585,-0.4334438084472303,-0.2556212535981798,0.20956990361145153,1
1043,-0.8338854160777256,-0.48872730192406777,-0.3757358803654551,0.030577766211797232,1
1044,-1.0259084944375285,-0.5401699121789769,-0.2570415448502558,-0.22869703740829567,1
1045,-1.103290735960822,-0.5867876951626441,-0.25874123522550696,-0.257761805572671,1
1046,-0.9499004716419328,-0.6276661018232181,-0.16093559674780789,-0.16129877307090673,1
1047,-0.759679325081832,-0.6619824643987973,-0.2604751996706227,0.162778338987588,1
1048,-1.2733044219148357,-0.689026511918191,-0.29759035977622544,-0.28668755022041936,1
1049,-0.9907427884169702,-0.7082184280828796,-0.41377803492005155,0.13125367458596096,1
1050,-1.428068777553373,-0.7191240215645163,-0.336418097325339,-0.37252665866351775,1
1051,-0.7232560238509844,-0.7214666457198312,0.05943119720050151,-0.06122057533165468,1
1052,-0.6073990793843446,-0.7151355802325257,0.07484217447597852,0.03289432637220259,1
1053,0.1487050601970903,-0.7001906694722934,0.11535668615170874,0.733539043517675,1
1054,-1.3194625718192459,-0.676863099488406,-0.2294047756747298,-0.4131946966561102,1
1055,-0.35788798593607896,-0.6455522854901989,-0.15394007039292001,0.44160436994704,1
1056,-0.9091824699342409,-0.6068189323035827,-0.34731626182684217,0.04495272419618401,1
1057,-0.8526208160937747,-0.5613744195085195,-0.4145979719900441,0.12335157540478894,1
1058,-0.5614819012102437,-0.5100667486693925,-0.08691952655731251,0.03550437401646135,1
1059,-0.8226112422099121,-0.45386337026007184,-0.5021659174084102,0.1334180454585699,1
1060,-0.38268975907826547,-0.39383128068081014,0.05724705291115004,-0.04610553130860532,1
1061,0.4088773698280703,-0.3311148434603516,0.30377715885118445,0.43621505443723746,1
1062,0.047393922379289605,-0.2669118418416896,0.4512471074883959,-0.13694134326741672,1
1063,0.1097808988395346,-0.2024483112195581,-0.027441161594681573,0.3396703716537743,1
1064,-0.3098868507894903,-0.13895272836693665,0.02237601364135324,-0.19331013606390687,1
1065,-0.45258126823300115,-0.07763014938769816,-0.35687556492491695,-0.018075553920386084,1
1066,0.2506646905163701,-0.01963688951399853,0.5918903457174344,-0.32158876568706574,1
1067,0.8849137048242552,0.033943674799251033,0.7144629139207482,0.13650711610425598,1
1068,0.22946649776234135,0.0821236272469637,-0.2861949165625825,0.43353778707796015,1
1069,-0.20467645269619655,0.12403084143012327,-0.3055004401800636,-0.023206853946256222,1
1070,0.14418096718397327,0.15892665508382192,0.04432002171132422,-0.059065709611172856,1
1071,0.32944139213029594,0.18622048685787718,0.4776059941927968,-0.33438508892037805,1
1072,-0.7543637240677513,0.2054810650911404,-0.8910569930931993,-0.06878779606569242,1
1073,0.4037495913039849,0.2164440170786155,0.6651438521418277,-0.4778382779164583,1
1074,0.06977117618041945,0.21901565223424807,0.12461891996181956,-0.2738633960156482,1
1075,0.5269778396765635,0.21327286131262813,0.2456691645311948,0.06803581383274063,1
1076,0.909074686377501,0.19945914439254292,0.3139115826625394,0.3957039593224188,1
1077,0.22257992870842336,0.17797687052319627,-0.7981602001836238,0.8427632583688509,1
1078,0.7060748511669438,0.14937595967847558,0.7326744170097383,-0.1759755255212702,1
1079,0.9181942215584922,0.11433926090192445,0.37326491366293574,0.43059004699363196,1
1080,0.5581954307207291,0.07366497730617813,0.4114047092940566,0.07312574412049437,1
1081,0.1536581404706684,0.02824655711891208,0.17078587737566908,-0.045374294023912756,1
1082,0.5591459182099868,-0.020949471360430832,0.450317054052572,0.12977833551784565,1
1083,-0.7608296789607933,-0.07290719558518695,-0.7064974284795941,0.018574945103987755,1
1084,0.07321333111460515,-0.12658598495297887,0.16668059838391847,0.033118717683665554,1
1085,0.2686656509413994,-0.18094554500024806,0.5721111447896482,-0.12249994884800075,1
1086,-1.6930028917610245,-0.23497076895437982,-1.0385992248669895,-0.4194328979396552,1
1087,-0.6916597232619824,-0.2876958015754897,0.059123639070131656,-0.46308756075662444,1
1088,2.755134390973152,-0.3382267495213539,2.8973876755101378,0.1959734649843681,1
1089,1.4713792340695142,-0.3857625050396871,1.9401517661349152,-0.08301002702571401,1
1090,0.6497841044494461,-0.429613194863991,1.258223969210287,-0.17882666989684998,1
1091,1.282403281780381,-0.469215822702534,1.749067416465969,0.00255168801694607,1
1092,2.1670817365252306,-0.504146740337484,2.4327488009880263,0.23847967587468824,1
1093,1.564708673022766,-0.5341306575260191,2.0447301476408657,0.054109182907919454,1
1094,-0.5296692785719332,-0.5590459828533554,0.22619318527371238,-0.1968164809922902,1
1095,-0.04677474202350451,-0.5789263745032283,0.16426374578503883,0.3678878866946849,1
1096,2.2987430863869394,-0.5939584695471216,2.418945905039571,0.47375565089448957,1
1097,0.4670254174247856,-0.6044758507045896,0.9231342715325193,0.14836699659685598,1
1098,-0.0006898434398360243,-0.610949398472368,0.3181605016293049,0.292099053403227,1
1099,0.43949000574727237,-0.6139742619718113,0.6808762686749403,0.3725879990441433,1
1100,0.6579310363234794,-0.614253761816619,0.9331550032187442,0.3390297949213541,1
1101,0.22724839606710456,-0.6125806108783672,0.6555992538116847,0.1842297531337871,1
1102,-2.6159490093958366,-0.6098159023228675,-2.185637221195434,0.17950411412246484,1
1103,1.0445931164845603,-0.6068663672143996,1.495561311695009,0.15589817200395079,1
1104,-1.620952106368752,-0.6046604450943912,-0.6870903589102477,-0.32920130236411305,1
1105,-1.941130737046592,-0.6041237392707606,-1.547223944833707,0.21021694705787572,1
1106,-0.4860472762977374,-0.6061544434372851,0.5268513584775139,-0.4067441913379662,1
1107,0.1686085864678524,-0.6115993273280791,1.018587750333448,-0.23837983653751646,1
1108,2.4411869517295917,-0.6212308563742467,2.671348287761412,0.3910695203424262,1
1109,1.2125324222086822,-0.6357259940639115,1.5961923674643346,0.2520660488082592,1
1110,0.6979965565941559,-0.6556471965279846,0.9074242662163818,0.4462194869057588,1
1111,-0.018281491553963428,-0.681426057700087,0.7446468812523113,-0.08150231510618768,1
1112,0.6306227493991632,-0.7133500014269603,1.6896474032091537,-0.34567465238303025,1
1113,0.09763741579989954,-0.7515523455889253,0.9213209205099276,-0.07213115912110285,1
1114,-1.3824139323056757,-0.7960059842992074,-0.6170173371786403,0.03060938917217226,1
1115,0.7250394026908674,-0.8465208494366887,1.5478636372255532,0.023696614902002904,1
1116,-1.1463999745211277,-0.9027452241184788,-0.5837588940296594,0.34010414362701047,1
1117,-6.553903122726147,-0.9641708903130348,-5.481351104912078,-0.10838112750103365,1
1118,-3.04177675477824,-1.030142002752116,-2.1172450935670013,0.10561034154087727,1
1119,-1.0846300687911454,-1.0998674937313324,0.3118255697705688,-0.2965881448303818,1
1120,-1.8326377209457492,-1.1724367303484033,-0.7952961740104898,0.1350951834131439,1
1121,-2.9790041232602733,-1.2468380691617,-1.733098619154264,0.0009325650556910234,1
1122,-4.4208836630887625,-1.3219798849575561,-2.8739597766458505,-0.22494400148535523,1
1123,-0.11818610110419794,-1.3967135918933833,1.3492762994416412,-0.07074880865245584,1
1124,-2.205551715393123,-1.469858128106795,-0.6804408633317613,-0.05525272395456649,1
1125,-4.743882154538473,-1.5402253400569506,-3.1226102756803935,-0.08104653880112885,1
1126,-3.127578526803541,-1.6066456812109111,-2.0523352182729346,0.531402372680305,1
1127,-8.492413695900176,-1.6679936317151876,-6.794886263492624,-0.029533800692363887,1
1128,-11.942419446104624,-1.7232122515898756,-10.146038361461548,-0.07316883305320132,1
1129,-9.190504414448155,-1.7713362996152948,-6.7899328275498165,-0.6292352872830425,1
1130,-5.331636048624808,-1.8115133829899248,-3.25186046004104,-0.2682622055938432,1
1131,-2.4184575118639375,-1.8430226482570429,-0.49651283626998854,-0.07892202733690586,1
1132,4.668887533020866,-1.8652905808626943,6.739933916736554,-0.20575580285299283,1
1133,1.339790858826476,-1.8779035476911707,2.8031821285043077,0.41451227801333906,1
1134,-1.140178542632339,-1.8806167924584303,0.789919582444957,-0.04948133261886559,1
1135,-0.4294700478103979,-1.8733596761619475,1.057356353556074,0.3865332747954757,1
1136,-5.366121466345818,-1.8562370419616858,-3.528395814599242,0.018511390215110408,1
1137,2.6703313127990636,-1.8295266738609375,4.488689635733528,0.01116835092647299,1
1138,-4.752675786296313,-1.7936729092620638,-2.9323639427204995,-0.026638934313750282,1
1139,4.515112099978574,-1.7492765547682314,6.263249779260367,0.0011388754864377396,1
1140,3.501201183614068,-1.6970813403984462,4.682644023097557,0.5156385009149578,1
1141,-3.3236460339911216,-1.6379572276722159,-0.9898055882935399,-0.6958832180253655,1
1142,-0.5982266395523118,-1.5728809599237925,1.5751180437030843,-0.6004637233316036,1
1143,-1.3850065132883533,-1.5029143070185154,0.2808590430469961,-0.16295124931683416,1
1144,-4.405382480436476,-1.4291805098735555,-2.980560335144191,0.004358364581270664,1
1145,-3.8451363852829,-1.3528394715873788,-2.699328241124725,0.2070313274292037,1
1146,3.6801327237723584,-1.275062270590386,4.813268834954502,0.14192615940824255,1
1147,-8.010766759521095,-1.197005586375033,-6.698487399281892,-0.11527377386417105,1
1148,-6.014990752565036,-1.1197866296961776,-5.200917230841387,0.3057131079725287,1
1149,2.825199034543062,-1.0444591566227786,3.5605995702200217,0.30905862094581926,1
1150,-0.9167737703856536,-0.9719911197671232,0.0,0.05521734938146965,0
1151,-0.6144471992834342,-0.9032444710294866,0.0,0.28879727174605235,0
1152,-0.7571640001634183,-0.838957579193057,0.0,0.08179357902963864,0
1153,-0.9481755719165015,-0.7797306638816364,0.0,-0.1684449080348651,0
1154,-0.5166695245045249,-0.7260145762045263,0.0,0.2093450517000014,0
1155,-0.6449192407544185,-0.6781031775280218,0.0,0.03318393677360331,0
1156,-0.6357275290564403,-0.6361294830827864,0.0,0.00040195402634607874,0
1157,-0.15817957687191947,-0.6000656485287917,0.0,0.44188607165687227,0
1158,-1.304988425793814,-0.569726787231788,0.0,-0.735261638562026,0
1159,-0.970083767025012,-0.544778515977141,0.0,-0.4253052510478709,0
1160,-0.880869167181803,-0.5247480392694919,0.0,-0.35612112791231104,0
1161,-0.6180166935641496,-0.5090384992935079,0.0,-0.10897819427064168,0
1162,-0.5733286929196655,-0.49694624198985643,0.0,-0.07638245092980904,0
1163,-0.939878275659066,-0.48768058132715186,0.0,-0.4521976943319142,0
1164,-0.7759329950220168,-0.480385585328769,0.0,-0.2955474096932479,0
1165,-0.7324158636705506,-0.47416336011347954,0.0,-0.258252503557071,0
1166,0.2691289543830063,-0.46809827323976116,0.0,0.7372272276227675,0
1167,0.0792410484996312,-0.4612815358245127,0.0,0.5405225843241439,0
1168,-0.576360380053443,-0.45283555474804826,0.0,-0.12352482530539478,0
1169,-0.5510124590406089,-0.44193747194856925,0.0,-0.10907498709203968,0
1170,-0.7726025263737409,-0.4278413272172527,0.0,-0.34476119915648823,0
1171,-0.9823374375393075,-0.40989831357172746,0.0,-0.57243912396758,0
1172,-0.42263869536747,-0.38757463944491277,0.0,-0.03506405592255721,0
1173,-0.6598221634903159,-0.36046656851710823,0.0,-0.2993555949732077,0
1174,-0.3537674342115474,-0.32831227471294444,0.0,-0.02545515949860293,0
1175,-0.7710619798296893,-0.2910002251166461,0.0,-0.4800617547130432,0
1176,-0.47716622305561995,-0.24857388556254262,0.0,-0.22859233749307734,0
1177,-0.15664450191739687,-0.20123263050824614,0.0,0.044588128590849256,0
1178,-0.03946594912222813,-0.14932882845740936,0.0,0.10986287933518123,0
1179,0.03188042306003541,-0.09336116456256893,0.0,0.12524158762260434,0
1180,-0.43011104623224206,-0.03396435098513087,0.0,-0.39614669524711116,0
1181,0.2845102580088733,0.02810453896820478,0.0,0.2564057190406685,0
1182,-0.14808071199807307,0.09198279698248202,0.0,-0.2400635089805551,0
1183,0.3465788520330772,0.15672147765088526,0.0,0.18985737438219194,0
1184,0.2181154132390952,0.22130701622455315,0.0,-0.003191602985457944,0
1185,-0.12823168834382764,0.2846845613795567,0.0,-0.41291624972338437,0
1186,0.25092316576550616,0.34578247713986254,0.0,-0.09485931137435638,0
1187,0.5131465624591439,0.40353743984001367,0.0,0.10960912261913028,0
1188,0.6408091553556396,0.45691954121325995,0.0,0.1838896141423797,0
1189,0.46266043846583527,0.5049568076991608,0.0,-0.04229636923332558,0
1190,1.006292226086787,0.5467585589064712,0.0,0.4595336671803158,0
1191,0.8837902858413842,0.5815370545454166,0.0,0.30225323129596765,0
1192,0.5316306835227966,0.6086269184427224,0.0,-0.07699623491992584,0
1193,0.8525384231967585,0.6275018795556752,0.0,0.22503654364108333,0
1194,1.217926477565406,0.63778843200895,0.0,0.580138045556456,0
1195,1.2274214678721793,0.6392760876372714,0.0,0.588145380234908,0
1196,0.26352400940983817,0.6319239736565874,0.0,-0.3683999642467492,0
1197,0.33790367970712465,0.6158636130542698,0.0,-0.2779599333471452,0
1198,1.0368734501165586,0.5913978140964034,0.0,0.4454756360201553,0
1199,0.2415113706673988,0.55899568591869,0.0,-0.31748431525129117,0
1200,0.12252154738895543,0.5192838873764591,0.0,-0.3967623399875037,0
1201,0.3271760648574764,0.4730343040671905,0.0,-0.14585823920971405,0
1202,0.5472164444937841,0.4211484316514085,0.0,0.1260680128423757,0
1203,0.3339198083529028,0.36463882033623174,0.0,-0.03071901198332891,0
1204,0.1094389177324547,0.30460800385413234,0.0,-0.19516908612167763,0
1205,0.03996165634680979,0.24222539486416247,0.0,-0.2022637385173527,0
1206,-0.03499844327220933,0.17870267605160328,0.0,-0.2137011193238126,0
1207,-0.14858463739997818,0.11526825119770455,0.0,-0.26385288859768274,0
1208,0.7376312054954633,0.053141342312644904,0.0,0.6844898631828185,0
1209,0.08275964841940435,-0.006493672936262129,0.0,0.08925332135566648,0
1210,0.20351562131662357,-0.06251209500479801,0.0,0.2660277163214216,0
1211,-0.2605955788743235,-0.1138723384386464,0.0,-0.1467232404356771,0
1212,-0.21542443691709773,-0.1596374337612831,0.0,-0.055787003155814655,0
1213,-0.41306029869983196,-0.1989941042887255,0.0,-0.2140661944111065,0
1214,-1.0267814840776124,-0.23126898360185189,0.0,-0.7955125004757605,0
1215,-0.6693443893105415,-0.25594160625618173,0.0,-0.41340278305435985,0
1216,-0.8158394837108567,-0.2726538797167382,0.0,-0.5431856039941184,0
1217,-0.9561509610909951,-0.28121582770551284,0.0,-0.6749351333854822,0
1218,-0.6402151745039861,-0.28160748221455534,0.0,-0.35860769228943085,0
1219,0.12350981248354559,-0.27397689133094366,0.0,0.39748670381448925,0
1220,-0.27196515094540225,-0.2586343006340959,0.0,-0.013330850311306326,0
1221,0.1511264735566367,-0.23604265513971553,0.0,0.3871691286963522,0
1222,-0.0835098814185702,-0.20680465448883278,0.0,0.12329477307026258,0
1223,0.0631209734068959,-0.17164667430765185,0.0,0.23476764771454775,0
1224,-0.401669038107589,-0.13139993951621645,0.0,-0.27026909859137255,0
1225,0.07020588712145381,-0.08697939913634742,0.0,0.15718528625780123,0
1226,0.17925346487269161,-0.03936080534961215,0.0,0.21861427022230376,0
1227,-0.162550728610149,0.010443459059958894,0.0,-0.17299418767010788,0
1228,0.22927134332749655,0.06140923214264664,0.0,0.1678621111848499,0
1229,0.28238184278606626,0.11252551521361642,0.0,0.16985632757244987,0
1230,-0.002046869295709991,0.16281891704331486,0.0,-0.16486578633902485,0
1231,-0.1254535066242529,0.21137702305704562,0.0,-0.3368305296812985,0
1232,-0.09786836075900918,0.2573701388104725,0.0,-0.35523849956948167,0
1233,0.32602255852370793,0.3000708959472694,0.0,0.025951662576438536,0
1234,0.43697422042609624,0.3388712597893018,0.0,0.09810296063679444,0
1235,0.1355387903248282,0.37329653946220254,0.0,-0.23775774913737432,0
1236,0.41099167496563155,0.403016072567802,0.0,0.007975602397829592,0
1237,0.5990114460518243,0.4278503352102787,0.0,0.17116111084154562,0
1238,0.6332315272134201,0.44777431281382984,0.0,0.18545721439959026,0
1239,0.928481091686364,0.4629170556496174,0.0,0.46556403603674656,0
1240,0.8566516829002422,0.47355743324082916,0.0,0.383094249659413,0
1241,0.17972876189118264,0.48011619171814585,0.0,-0.3003874298269632,0
1242,0.9882203685046232,0.48314450564321654,0.0,0.5050758628614067,0
1243,0.3240163473851341,0.48330929875184847,0.0,-0.15929295136671442,0
1244,0.7948375282805975,0.48137568454426927,0.0,0.31346184373632824,0
1245,0.4985829336869461,0.4781869458716195,0.0,0.020395987815326654,0
1246,0.3509977174965545,0.4746425310336448,0.0,-0.12364481353709027,0
1247,-0.07063446689133118,0.47167459104114867,0.0,-0.5423090579324799,0
1248,0.41875426443624214,0.4702236175011466,0.0,-0.05146935306490446,0
1249,0.00339879164233442,0.47121376223401706,0.0,-0.46781497059168264,0
1250,0.7657181984730523,0.4755284277202207,0.0,0.2901897707528317,0
1251,0.9390245087525557,0.48398671161078133,0.0,0.4550377971417744,0
1252,0.2582479721658742,0.49732126895488127,0.0,-0.23907329678900707,0
1253,0.6067493457133516,0.5161581229575702,0.0,0.09059122275578134,0
1254,0.3233814531464868,0.5409989097488794,0.0,-0.21761745660239262,0
1255,0.3836605668417878,0.5722059858828247,0.0,-0.1885454190410369,0
1256,0.8423391715807217,0.6099907604211103,0.0,0.23234841115961138,0
1257,0.6428440595046705,0.6544055380576943,0.0,-0.011561478553023754,0
1258,1.2272334901519124,0.7053390775726089,0.0,0.5218944125793035,0
1259,0.6178462392825121,0.7625159828933885,0.0,-0.1446697436108763,0
1260,1.1253008539699576,0.8254999542276108,0.0,0.29980089974234675,0
1261,0.9229248601039598,0.8937008362166252,0.0,0.029224023887334593,0
1262,1.2051187138934685,0.9663853109701985,0.0,0.23873340292326994,0
1263,0.9085437010631782,1.0426909982621622,0.0,-0.13414729719898402,0
1264,1.106775993840419,1.1216436451058938,0.0,-0.014867651265474813,0
1265,1.1675273504727883,1.2021770142624688,0.0,-0.03464966378968042,0
1266,1.0323378832140242,1.2831550176677604,0.0,-0.25081713445373616,0
1267,1.5620200481632978,1.363395587788772,0.0,0.1986244603745258,0
1268,1.6367704404518204,1.4416957387783111,0.0,0.19507470167350924,0
1269,1.694923649426448,1.5168572409547778,0.0,0.17806640847167,0
1270,2.0488020134343436,1.5877123172590504,0.0,0.4610896961752934,0
1271,2.087952209652101,1.6531487692812101,0.0,0.434803440370891,0
1272,1.5996505462812962,1.712133953236037,0.0,-0.11248340695474061,0
1273,1.8756527481285852,1.7637370525983318,0.0,0.11191569553025348,0
1274,1.6200689265961021,1.8071491333735659,0.0,-0.1870802067774638,0
1275,1.848707114093389,1.8417005192590223,0.0,0.007006594834366637,0
1276,1.6869502513094425,1.866875086045102,0.0,-0.17992483473565943,0
1277,2.3683422388056172,1.8823211460648017,0.0,0.4860210927408153,0
1278,1.9969681177516758,1.887858672648787,0.0,0.10910944510288885,0
1279,1.818073961101103,1.8834826995324296,0.0,-0.06540873843132664,0
1280,2.2274483905579974,1.8693628190010845,0.0,0.35808557155691306,0
1281,1.194654170232695,1.8458387931713183,0.0,-0.6511846229386234,0
1282,1.209181604609352,1.813412383068939,0.0,-0.604230778459587,0
1283,2.011487184532977,1.7727355879670448,0.0,0.23875159656593217,0
1284,1.7427361051695505,1.72459557073434,0.0,0.018140534435210416,0
1285,1.7450305118458513,1.6698966217676232,0.0,0.0751338900782282,0
1286,1.2117207516490502,1.6096395826446148,0.0,-0.39791883099556463,0
1287,1.5379290960766159,1.5448992093317258,0.0,-0.00697011325510986,0
1288,2.0778528253629394,1.4768000022425367,0.0,0.6010528231204025,0
1289,1.653750951497777,1.4064910655590181,0.0,0.24725988593875886,0
1290,1.3860325437206376,1.335120580177794,0.0,0.05091196354284363,0
1291,1.1320943098865686,1.2638104829180499,0.0,-0.13171617303148128,0
1292,1.0752600834737425,1.1936319390345607,0.0,-0.11837185556081814,0
1293,0.4868228089938845,1.1255821757538897,0.0,-0.6387593667600052,0
1294,1.1378553382251688,1.0605632119488206,0.0,0.07729212627634817,0
1295,1.2530079064985622,0.999362973954006,0.0,0.25364493254455617,0
1296,0.46995343281310153,0.942639230964286,0.0,-0.4726857981511845,0
1297,0.6924816490818181,0.8909067167738629,0.0,-0.1984250676920448,0
1298,0.4972883397065509,0.8445277293765775,0.0,-0.3472393896700266,0
1299,0.5141010594762587,0.8037064179188877,0.0,-0.289605358442629,0
1300,0.7845313676508859,0.7684868796043158,0.0,0.016044488046570066,0
1301,0.1134344529320136,0.7387550994285559,0.0,-0.6253206464965423,0
1302,0.8985258066902733,0.714244675183154,0.0,0.1842811315071192,0
1303,0.9207027021046718,0.6945461811245671,0.0,0.22615652098010466,0
1304,0.6037891617411155,0.6791199381521893,0.0,-0.07533077641107375,0
1305,-0.0769006747153278,0.6673118782800347,0.0,-0.7442125529953625,0
1306,0.35944653069989263,0.6583721185006095,0.0,-0.2989255878007169,0
1307,1.0213463757593635,0.6514757955285546,0.0,0.36987058023080893,0
1308,-0.1876526243490345,0.6457456598695372,0.0,-0.8333982842185718,0
1309,0.5360188627701808,0.6402758864282366,0.0,-0.10425702365805577,0
1310,0.2801562968750984,0.6341565304152761,0.0,-0.3540002335401777,0
1311,0.8678691327794299,0.626498042303979,0.0,0.24137109047545097,0
1312,0.41392106873014933,0.6164552543731877,0.0,-0.2025341856430384,0
1313,0.7244364702031382,0.6032502639824547,0.0,0.12118620622068346,0
1314,0.7558317906123926,0.5861936648616647,0.0,0.16963812575072792,0
1315,1.1155713686657385,0.5647036167467324,0.0,0.5508677519190059,0
1316,0.4774397116359499,0.538322294738561,0.0,-0.06088258310261106,0
1317,0.6195426324933196,0.5067293216065363,0.0,0.1128133108867834,0
1318,0.024235213710575465,0.46975185744880626,0.0,-0.4455166437382308,0
1319,0.7844951689769486,0.42737109998882533,0.0,0.3571240689881232,0
1320,0.15157237905932117,0.37972503348073056,0.0,-0.2281526544214094,0
1321,0.15888110350028506,0.32710735272660874,0.0,-0.16822624922632368,0
1322,0.2632882405459356,0.2699625790006988,0.0,-0.006674338454763221,0
1323,-0.2599878289942371,0.20887747460771772,0.0,-0.46886530360195483,0
1324,0.21319995894497917,0.1445689502662978,0.0,0.0686310086786814,0
1325,0.36810862432717684,0.0778687424496736,0.0,0.2902398818775032,0
1326,0.09758536133579522,0.009705214286607755,0.0,0.08788014704918747,0
1327,-0.5355865674212752,-0.0589172981676577,0.0,-0.4766692692536175,0
1328,-0.1640839024404434,-0.12694111414154552,0.0,-0.037142788298897875,0
1329,0.029329387304815574,-0.19327928358903163,0.0,0.2226086708938472,0
1330,-0.8202371776472769,-0.25684054785750454,0.0,-0.5633966297897723,0
1331,-0.6389844061294465,-0.3165546019841324,0.0,-0.3224298041453142,0
1332,-0.10843398588020803,-0.371397067104664,0.0,0.262963081224456,0
1333,-0.3393849571421407,-0.4204135874013266,0.0,0.08102863025918595,0
1334,-0.3391510110497261,-0.4627424856877522,0.0,0.12359147463802614,0
1335,0.06021299761971832,-0.49763544466727516,0.0,0.5578484422869935,0
1336,-0.38390989278965104,-0.5244757263415118,0.0,0.14056583355186078,0
1337,-0.34542709579512354,-0.5427934989250773,0.0,0.1973664031299538,0
1338,0.26094575055474056,-0.5522779076107572,0.0,0.8132236581654978,0
1339,-0.6169269684875265,-0.5527856010603792,0.0,-0.06414136742714721,0
1340,-0.7837103368889649,-0.5443455078034163,0.0,-0.23936482908554851,0
1341,-0.39882082440709654,-0.5271597438812363,0.0,0.1283389194741398,0
1342,-0.36990331422432604,-0.5016006230409945,0.0,0.13169730881666847,0
1343,-0.6262184490368753,-0.4682038314530128,0.0,-0.15801461758386245,0
1344,-0.7373770240439216,-0.42765791817746734,0.0,-0.30971910586645424,0
1345,0.3121629882769922,-0.3807903383500312,0.0,0.6929533266270234,0
1346,-0.23049732516921545,-0.32855036628562234,0.0,0.09805304111640688,0
1347,-0.4916748829571197,-0.27198926853649696,0.0,-0.2196856144206227,0
1348,0.06254090000525031,-0.21223819067862926,0.0,0.27477909068387957,0
1349,-0.18322781021832976,-0.1504842647499294,0.0,-0.03274354546840035,0
1350,-0.16380991947457074,-0.08794548557922137,0.0,-0.07586443389534937,0
1351,0.14283692881571575,-0.025844932758632214,0.0,0.16868186157434797,0
1352,-0.35294961052959295,0.03461506993991402,0.0,-0.387564680469507,0
1353,0.19806642584995418,0.09227826467480246,0.0,0.10578816117515172,0
1354,0.7199451010810616,0.14605865876153595,0.0,0.5738864423195257,0
1355,0.33481635743256194,0.19496305877336872,0.0,0.13985329865919321,0
1356,0.1252477932436688,0.23811142437870814,0.0,-0.11286363113503933,0
1357,0.12262299377307326,0.27475457790154584,0.0,-0.15213158412847258,0
1358,0.1811868755326622,0.304288867536195,0.0,-0.1231019920035328,0
1359,0.2500786500477578,0.3262674534620921,0.0,-0.07618880341433432,0
1360,0.22706600528849685,0.34040796511597843,0.0,-0.11334195982748159,0
1361,0.6214897950601996,0.34659636273782957,0.0,0.27489343232237,0
1362,-0.17507580593878613,0.34488692502390883,0.0,-0.519962730962695,0
1363,0.5940983903411471,0.3354983752175069,0.0,0.25860001512364017,0
1364,0.20490029058248077,0.3188062481252491,0.0,-0.11390595754276833,0
1365,0.4084160239611907,0.29533168825257905,0.0,0.11308433570861166,0
1366,-0.07236942060816504,0.2657269524520941,0.0,-0.33809637306025914,0
1367,0.6293472872795018,0.23075796722467096,0.0,0.39858932005483083,0
1368,0.5649748473602237,0.19128435930866186,0.0,0.3736904880515619,0
1369,0.43611459455954055,0.14823743683451845,0.0,0.2878771577250221,0
1370,-0.3518297870006517,0.10259664573741009,0.0,-0.45442643273806177,0
1371,0.3041013825215848,0.055365061201768984,0.0,0.24873632131981582,0
1372,0.12900102212935766,0.007544495838644985,0.0,0.12145652629071266,0
1373,-0.521470559582059,-0.03988918544228873,0.0,-0.48158137413977026,0
1374,-0.09329917462927448,-0.08600995949802984,0.0,-0.007289215131244647,0
1375,-0.02060383619275473,-0.12996418290273348,0.0,0.10936034670997875,0
1376,-0.004168659166514155,-0.17099124131345939,0.0,0.16682258214694523,0
1377,-0.15526341277572478,-0.2084418228603815,0.0,0.053178410084656715,0
1378,-0.1544239596360742,-0.2417933846902881,0.0,0.0873694250542139,0
1379,0.1714209692554448,-0.27066244842048387,0.0,0.4420834176759287,0
1380,0.07299673753880187,-0.2948134354344021,0.0,0.36781017297320395,0
1381,-1.174280321038738,-0.314163834903915,0.0,-0.860116486134823,0
1382,-0.4240171506828418,-0.3287855842315372,0.0,-0.09523156645130461,0
1383,-0.38829793949418434,-0.33890263123099895,0.0,-0.04939530826318538,0
1384,-0.8705143095204684,-0.34488473770237704,0.0,-0.5256295718180913,0
1385,-0.3189827555171184,-0.3472376729868121,0.0,0.02825491746969365,0
1386,0.02803730020459899,-0.34659003151855294,0.0,0.37462733172315194,0
1387,-0.669647346199342,-0.3436769883221649,0.0,-0.3259703578771771,0
1388,-0.23840109734687637,-0.33932137895383807,0.0,0.10092028160696169,0
1389,-0.6091595970424116,-0.3344125538534803,0.0,-0.27474704318893134,0
1390,-0.5314571170726048,-0.32988350996870175,0.0,-0.20157360710390304,0
1391,0.11653124666218484,-0.32668684358882566,0.0,0.4432180902510105,0
1392,-0.4885374426560572,-0.3257700966225097,0.0,-0.16276734603354748,0
1393,-0.18938733669550165,-0.32805108339868905,0.0,0.1386637467031874,0
1394,-0.8957592209365325,-0.33439378611823634,0.0,-0.5613654348182961,0
1395,0.21310987411329008,-0.345585394305174,0.0,0.5586952684184641,0
1396,-0.1815193034064311,-0.36231503729838077,0.0,0.18079573389194967,0
1397,-0.4399046723981927,-0.3851547196031142,0.0,-0.0547499527950785,0
1398,-0.24187896470249073,-0.41454291770245916,0.0,0.17266395299996842,0
1399,-0.8737170635959701,-0.450771234911627,0.0,-0.4229458286843431,0
1400,-0.13921521696889194,-0.49397443949468905,0.0,0.3547592225257971,0
1401,-0.641319564874103,-0.544124132225174,0.0,-0.09719543264892905,0
1402,-0.6622470592248992,-0.6010262047103688,0.0,-0.06122085451453041,0
1403,-0.8118188455925353,-0.66432216110289,0.0,-0.1474966844896453,0
1404,-0.9076897061932843,-0.7334942853696089,0.0,-0.1741954208236754,0
1405,-0.5994733627088923,-0.8078745461974148,0.0,0.20840118348852257,0
1406,-0.8098849889685502,-0.886657043999817,0.0,0.07677205503126686,0
1407,-0.7733892789790847,-0.9689137213999967,0.0,0.19552444242091196,0
1408,-1.0562513887992837,-1.0536129819536122,0.0,-0.0026384068456714355,0
1409,-0.9856808502123012,-1.1396407935354556,0.0,0.1539599433231543,0
1410,-1.3514784175247219,-1.2258237943472103,0.0,-0.1256546231775115,0
1411,-0.6420343198624893,-1.3109538722853538,0.0,0.6689195524228645,0
1412,-1.864192778470817,-1.3938136535416674,0.0,-0.4703791249291496,0
1413,-1.0949211175467355,-1.4732023146156308,0.0,0.3782811970688953,0
1414,-1.1375888886917032,-1.5479611239079945,0.0,0.41037223521629124,0
1415,-1.8726457667152525,-1.6169981249255745,0.0,-0.25564764178967814,0
1416,-1.010529309558708,-1.6793113927255001,0.0,0.668782083166792,0
1417,-1.4353632432219123,-1.7340103281055077,0.0,0.2986470848835954,0
1418,-1.488992797388135,-1.7803344994350083,0.0,0.29134170204687343,0
1419,-1.809262942753145,-1.817669598860908,0.0,0.008406656107763005,0
1420,-1.910727994047164,-1.845560146581561,0.0,-0.06516784746560293,0
1421,-1.9265413005066878,-1.8637186523948055,0.0,-0.06282264811188243,0
1422,-1.7548718471299247,-1.87203102602578,0.0,0.11715917889585516,0
1423,-1.450202232390841,-1.8705581149010098,0.0,0.4203558825101688,0
1424,-1.8051390726577012,-1.8595333380161272,0.0,0.054394265358425876,0
1425,-2.1127895621830284,-1.8393564752418412,0.0,-0.27343308694118706,0
1426,-1.5632556419862909,-1.8105837607017847,0.0,0.24732811871549393,0
1427,-1.4975692907305265,-1.773914514648964,0.0,0.27634522391843763,0
1428,-1.533776770021632,-1.7301746285559678,0.0,0.1963978585343358,0
1429,-1.4566476190829518,-1.6802972910404466,0.0,0.22364967195749477,0
1430,-1.7065798451134857,-1.6253014060661433,0.0,-0.08127843904734243,0
1431,-1.844964958236944,-1.5662682080977703,0.0,-0.27869675013917383,0
1432,-1.7647746494948358,-1.504316620302602,0.0,-0.26045802919223393,0
1433,-1.9312169050519883,-1.440577930514631,0.0,-0.4906389745373574,0
1434,-1.3050857913763625,-1.3761703748401475,0.0,0.07108458346378492,0
1435,-1.3372088551058818,-1.3121742201379039,0.0,-0.025034634967978083,0
1436,-1.381604235478707,-1.2496079241197944,0.0,-0.13199631135891263,0
1437,-2.076091573093027,-1.189405925789506,0.0,-0.886685647303521,0
1438,-1.5065938208857614,-1.1323985799775107,0.0,-0.3741952409082507,0
1439,-0.7430425033367078,-1.079294698757658,0.0,0.33625219542095003,0
1440,-1.2300549007617672,-1.0306671007428279,0.0,-0.1993878000189393,0
1441,-0.8787639948069281,-0.9869414981039806,0.0,0.10817750329705242,0
1442,-1.3655946013019378,-0.948388972309361,0.0,-0.41720562899257685,0
1443,-0.48351056018265665,-0.915122204890426,0.0,0.4316116447077693,0
1444,-0.9303038390106281,-0.8870955409942252,0.0,-0.04320829801640292,0
1445,-0.7770967542116616,-0.8641088731567221,0.0,0.08701211894506056,0
1446,-0.14808130518335083,-0.8458152427478562,0.0,0.6977339375645054,0
1447,-0.37679993882962787,-0.831731969006449,0.0,0.4549320301768211,0
1448,-0.9132247189422246,-0.8212550325561072,0.0,-0.09196968638611733,0
1449,-0.9916424191801588,-0.813676363719051,0.0,-0.17796605546110775,0
1450,-0.9058671210745334,-0.8082036176186739,0.0,-0.09766350345585954,0
1451,-0.6510124850448298,-0.8039819595877905,0.0,0.1529694745429607,0
1452,-0.8316845774225284,-0.8001173371472671,0.0,-0.03156724027526134,0
1453,-0.9142739234000004,-0.7957006798989589,0.0,-0.1185732435010415,0
1454,-0.34967807169247717,-0.7898324469051898,0.0,0.44015437521271267,0
1455,-0.8159099005486843,-0.7816469330153333,0.0,-0.03426296753335106,0
1456,-0.08045902342743816,-0.770335751338634,0.0,0.6898767279111958,0
1457,-0.7279471593897059,-0.7551699285153578,0.0,0.027222769125651903,0
1458,-0.19992456388314261,-0.7355200821505609,0.0,0.5355955182674182,0
1459,-0.6036783681639974,-0.7108741949771855,0.0,0.10719582681318802,0
1460,-0.3919643849735704,-0.6808525569484047,0.0,0.28888817197483435,0
1461,-0.8626028286490177,-0.6452195131937004,0.0,-0.21738331545531733,0
1462,-0.860019497819971,-0.6038917310437475,0.0,-0.2561277667762235,0
1463,-0.4190309948653777,-0.556942781369874,0.0,0.13791178650449626,0
1464,-0.20803794362965594,-0.5046039163692505,0.0,0.29656597273959456,0
1465,-0.435184065019143,-0.44726101561928183,0.0,0.01207695060013886,0
1466,-0.7713657631439639,-0.38544776261885483,0.0,-0.3859180005251091,0
1467,-0.7279127128951165,-0.3198352030083184,0.0,-0.4080775098867981,0
1468,-0.6793588417841443,-0.25121792112827196,0.0,-0.42814092065587234,0
1469,-0.7107837854120633,-0.18049715153024903,0.0,-0.5302866338818143,0
1470,-0.07581560678237655,-0.1086612146165028,0.0,0.03284560783412625,0
1471,0.3007494474569293,-0.03676372905547833,0.0,0.3375131765124076,0
1472,0.030075157419519848,0.03409989349696248,0.0,-0.0040247360774426305,0
1473,-0.5753073024180768,0.10281712478327884,0.0,-0.6781244272013557,0
1474,0.11105545448699558,0.1682835925873602,0.0,-0.05722813810036461,0
1475,0.1805886609921621,0.22942835998194422,0.0,-0.04883969898978213,0
1476,0.9140382456013758,0.28523862053374405,0.0,0.6287996250676318,0
1477,-0.10235814221324963,0.33478323166261725,0.0,-0.4371413738758669,0
1478,0.26003125395407173,0.37723453473383045,0.0,-0.11720328077975871,0
1479,0.9236437539321768,0.4118879497688076,0.0,0.5117558041633692,0
1480,0.5731723863773526,0.4381788839733882,0.0,0.1349935024039644,0
1481,0.6246904774582952,0.45569655540336784,0.0,0.1689939220549274,0
1482,0.4985697356698042,0.46419440456264077,0.0,0.03437533110716346,0
1483,0.5625799074857035,0.4635968458885241,0.0,0.09898306159717936,0
1484,0.6872850551519327,0.4540021960683719,0.0,0.23328285908356078,0
1485,0.1928358092962868,0.4356817049641167,0.0,-0.24284589566782988,0
1486,0.6724922791896222,0.40907470551716224,0.0,0.26341757367245994,0
1487,-0.037120915820786526,0.3747799892448752,0.0,-0.41190090506566174,0
1488,0.4320539935597472,0.3335436017102858,0.0,0.09851039184946143,0
1489,0.3398656245788937,0.28624333559299553,0.0,0.053622288985898145,0
1490,0.04898234930745471,0.2338702757650871,0.0,-0.18488792645763238,0
1491,0.17070223668419107,0.17750781928188508,0.0,-0.006805582597694021,0
1492,-0.06845339396713498,0.11830865183253092,0.0,-0.1867620457996659,0
1493,-0.2640401884718915,0.05747020958663182,0.0,-0.3215103980585233,0
1494,-0.10987523207328785,-0.0037908095891945465,0.0,-0.1060844224840933,0
1495,-0.3954608903150499,-0.06426429970355146,0.0,-0.3311965906114984,0
1496,-0.025933131748154967,-0.12277237097612939,0.0,0.09683923922797442,0
1497,-0.5232198048475275,-0.17819415660181848,0.0,-0.345025648245709,0
1498,-0.015896126136459937,-0.22948923303377533,0.0,0.2135931068973154,0
1499,-0.6301628379644004,-0.2757191175857544,0.0,-0.354443720378646,0
