timestamp,channel_00,channel_01,channel_02,channel_03,channel_04,channel_05,channel_06,channel_07,channel_08,channel_09,channel_10,channel_11
0.0,0.9886931925969834,-0.3746674658103151,0.776098676547682,0.9458164419739026,-0.5578008115833917,0.15257107112263107,0.9975515029856374,0.9744361784429636,-0.7208040924814871,-0.3067098527735865,-0.7255270671164878,0.4440817447067997
0.02,0.9840889845269606,-0.34787472696826716,0.7634709378943063,0.9538660518617424,-0.5666919268938602,0.14271721838983215,0.9953199105395407,0.9689857914965673,-0.7275221003328156,-0.28285154078040864,-0.7080711065194019,0.4312807608577205
0.04,0.978712499418059,-0.32061968689784864,0.7505671287166105,0.9613059109405473,-0.5753759524074458,0.13292043647307716,0.9923734130965239,0.9630154374211239,-0.7340438343522779,-0.25866189766494596,-0.6900988637629669,0.41843982522266077
0.06,0.9725707928440505,-0.29291402281973655,0.7373949314958476,0.9681243722233768,-0.5838537152285594,0.12318148537977246,0.9887142926681274,0.9565282687194449,-0.7403711300719973,-0.23414801185748263,-0.6716128367491544,0.4055628588504991
0.08,0.9656719113079318,-0.264770128335335,0.7239622267821244,0.9743102518793277,-0.5921261331755613,0.11350109741297805,0.9843456847502244,0.9495279443949397,-0.7465058799010007,-0.2093173643956451,-0.6526155636910371,0.3926537918654132
0.1,0.958024888606924,-0.2362011620615056,0.7102770901421926,0.9798528658561909,-0.6001942082622286,0.10387998185344352,0.9792715877786115,0.9420186362192156,-0.7524500260627754,-0.1841778574208788,-0.6331096245048127,0.3797165654930308
0.12,0.9496397396783343,-0.20722109996836705,0.6963477886820172,0.9847420668748837,-0.6080590200522573,0.09431882962172032,0.9734968707033446,0.9340050340520339,-0.7582055534007868,-0.158737845209962,-0.6130976436477661,0.3667551339877135
0.14,0.9405274518604213,-0.1778447915720767,0.6821827771156607,0.9889682816548736,-0.615721718903965,0.08481831788645872,0.9670272785692566,0.9254923501412166,-0.7637744820646315,-0.13300616790538358,-0.5925822945891028,0.3537734664292775
0.16,0.9306999735110042,-0.14808802012107658,0.6677906933512647,0.9925225482176386,-0.6231835191236854,0.0753791145825122,0.9598694359935451,0.9164863223299493,-0.769158860090282,-0.10699218811095176,-0.5715663061186345,0.34077554835553275
0.18,0.9201701999357821,-0.1179675668962996,0.6531803535642123,0.9953965531031455,-0.6304456920477728,0.06600188279994826,0.9520308484355908,0.9069932160991441,-0.7743607558887208,-0.08070583052003599,-0.5500524707178324,0.32776538319507476
0.2,0.9089519565881541,-0.08750127972255377,0.6383607467269435,0.9975826683224899,-0.6375095590746525,0.05668728500253424,0.9435199011592628,0.8970198253731242,-0.7793822506581995,-0.05415762474301801,-0.5280436552388468,0.31474699346287055
0.22,0.8970599795126928,-0.056708145758909166,0.6233410285643689,0.9990739878583764,-0.6443764846700204,0.047435987031717135,0.9343458557938987,0.8865734720179079,-0.7842254307363814,-0.02735875149743688,-0.5055428141597704,0.3017244216792744
0.24,0.8845098930152631,-0.02560836859950776,0.608130514903398,0.9998643635141458,-0.6510478693700827,0.03824866184959605,0.9245188444069112,0.8756620039628031,-0.7888923799097947,-0.0003210923184874256,-0.4825530057087766,0.28870173097128754
0.26,0.8713181845540543,0.0057765503281837875,0.5927386743847944,0.9999484399017645,-0.6575251428096877,0.029125992971875535,0.9140498610085631,0.8642937918779237,-0.793385171699337,0.02694271706155531,-0.4590774111757828,0.2756830053130888
0.28,0.857502176857408,0.03742372613410518,0.5771751205053931,0.9993216883497126,-0.6638097568043307,0.020068677539363457,0.9029507504178639,0.8524777243425957,-0.7977058616420746,0.05441922952936557,-0.43511935775801625,0.26267234936118333
0.3,0.8430799972862358,0.06930880073536543,0.5614496029586876,0.9979804395032253,-0.6699031785173534,0.011077428974209989,0.8912341944277347,0.8402232014424833,-0.8018564795913083,0.08209412548392274,-0.4106823453152269,0.24967388783792407
0.32,0.8280705444709381,0.10140584923006073,0.5455719982419486,0.9959219143820326,-0.6758068837462041,0.0021529791648449855,0.8789136952175557,0.8275401267366176,-0.8058390220588753,0.10995214771185616,-0.3857700774412572,0.23669176441572506
0.34,0.8124934522649829,0.13368728266772073,0.5295522994983681,0.9931442536547652,-0.6815223503644336,-0.006703919878512918,0.8660035559719116,0.8144388975394138,-0.8096554446259512,0.1379770321783683,-0.3603864972910909,0.2237301400530024
0.36,0.7963690510696212,0.16612374761031876,0.5134006055632999,0.9896465448847568,-0.6870510519591625,-0.015492494957809888,0.8525188586757341,0.8009303934671836,-0.8133076544512954,0.16615143470331323,-0.3345358286361742,0.21079319073180453
0.38,0.7797183265964966,0.19868402299417182,0.49712710918447484,0.9854288474992164,-0.6923944517071187,-0.02421195127224827,0.8384754390680847,0.7870259632036457,-0.8167975029089543,0.19445685353606443,-0.30822262265544514,0.19788510454626804
0.4,0.7625628761471165,0.23133491493563274,0.4807420843871806,0.9804922152328739,-0.6975539965360207,-0.03286147271756259,0.8238898587494555,0.7727374094445023,-0.8201267783910076,0.2228735478960213,-0.28145181100472727,0.18501007809048814
0.42,0.7449248625001862,0.2640411502732795,0.46425587295682114,0.9748387157983621,-0.7025311116220975,-0.04144022296351738,0.808779374450642,0.758076971987302,-0.8232971993150463,0.2513804526091366,-0.25422876574242226,0.1721723120942083
0.44,0.7268269655096271,0.29676526980719137,0.4476788700130768,0.968471447538961,-0.7073271952789135,-0.049947347374239656,0.7931619044849201,0.7430573089395728,-0.8263104073807838,0.27995508904592437,-0.22655936672409477,0.1593760062549273
0.46,0.7082923315276304,0.32946752238245797,0.43102150865210204,0.961394552825025,-0.7119436142974183,-0.05838197583605627,0.7770559924193543,0.7276914760255886,-0.8291679611256016,0.30857347265428103,-0.19845007711170803,0.1466253532157123
0.48,0.6893445207783078,0.362105761169512,0.41429424363588785,0.953613227963592,-0.7163816998022794,-0.06674322655696413,0.7604807680155399,0.7119929039801541,-0.831871329834982,0.3372100174824105,-0.16990802767385793,0.13392453163921364
0.5,0.6700074528183338,0.3946353437179477,0.39750753411115164,0.9451337294014205,-0.7206427436950944,-0.0750302109006299,0.7434559055048795,0.6959753740264687,-0.8344218878707472,0.36583743820442266,-0.14094111057999686,0.12127769833022703
0.52,0.6503053502314279,0.42700903760229103,0.3806718253439311,0.9359633760151287,-0.7247279957609831,-0.08324203931576116,0.7260015792785478,0.6796529914444825,-0.8368209094878931,0.394426650294968,-0.11155808341267807,0.10868897936170671
0.54,0.6302626807135572,0.45917693373605883,0.3637975294605688,0.9261105472982759,-0.7286386615213585,-0.09137782841871434,0.7081384170875673,0.663040157246202,-0.8390695642196004,0.4229466691506136,-0.08176868413524672,0.09616246016250314
0.56,0.6099040977153761,0.49108636970176495,0.34689500519101363,0.915584677274163,-0.7323759009222691,-0.09943670928316656,0.6898874508638567,0.6461515379851618,-0.8411689129198133,0.45136450912540127,-0.05158375775571808,0.08370217452938458
0.58,0.5892543798176603,0.5226818657255494,0.3299745366164421,0.9043962439848569,-0.7359408279546032,-0.1074178369854368,0.6712700652886715,0.6290020337387764,-0.8431199045635788,0.47964508363668407,-0.021015395417892366,0.07131209253122502
0.6,0.5683383690243605,0.5539050762107414,0.31304631093019963,0.8925567544314321,-0.7393345113094989,-0.11532040144745068,0.6523079442505058,0.611606744314533,-0.8449233739171781,0.5077511077050257,0.00992291337538361,0.05899610727970157
0.62,0.5471809081664484,0.5846947600283032,0.29612039522904543,0.8800787248676196,-0.7425579761794592,-0.12314363961125324,0.6330230153502318,0.5939809337440088,-0.8465800402028946,0.5356430045182375,0.04121611474852469,0.0467580205485758
0.64,0.525806777617995,0.6149867730354358,0.279206712360768,0.8669756563788509,-0.7456122073227225,-0.13088684896921385,0.6134373926269963,0.5761399931425065,-0.8480905068969915,0.5632788178533689,0.0728474100625899,0.03460152723276351
0.66,0.5042406315339709,0.6447140865464388,0.26231501586448125,0.8532620057109782,-0.748498153515224,-0.13854940246250277,0.5935733176941344,0.5580994020267058,-0.8494552628139758,0.5906141324496506,0.10479806066355452,0.022530198649022833
0.68,0.48250693382716764,0.6738068357000426,0.2454548640514,0.8389531513475398,-0.7512167335207387,-0.14613076474687733,0.5734530994901172,0.5398746881981364,-0.8506746846453137,0.6176020046969302,0.13704717742418945,0.010547464692348504
0.7000000000000001,0.46062989410945243,0.702192401840594,0.22863559328668523,0.8240653548711334,-0.7537688437152206,-0.15363050980916967,0.5530990528652469,0.521481386316462,-0.8517490411361457,0.6441929062836661,0.1695714949165493,-0.0013434051238479842
0.72,0.4386334038303965,0.7297955331404156,0.21186629054710485,0.8086157176829987,-0.7561553675055661,-0.16104833990000786,0.5325334362404879,0.5029349953035298,-0.8526784990988553,0.6703346837302422,0.20234513028520207,-0.013139321699909392
0.74,0.4165409728541799,0.7565385077192234,0.19515576534477513,0.7926221331950069,-0.7583771866856098,-0.16838410572810775,0.511778388590398,0.484250934736803,-0.8534631314770883,0.6959725370096851,0.23533932718339276,-0.024837397392911777
0.76,0.39437566672365354,0.782341343443921,0.17851252112416977,0.7761032346495714,-0.7604351948725582,-0.17563782783893536,0.4908558660175865,0.46544450040913465,-0.8541029276873635,0.7210490207194198,0.2685221854938589,-0.03643496798934443
0.78,0.37216004486855886,0.8071220583975887,0.16194472625782083,0.7590783387651693,-0.7623303131647222,-0.1828097190756039,0.4697875782014106,0.4465308192507203,-0.8545978064770218,0.7455040715030335,0.3018583779917923,-0.04792961550492118
0.8,0.3499161000231681,0.8307969856687897,0.14546018478566394,0.7415673854477856,-0.764063508155617,-0.18990020799264454,0.4485949250186595,0.42752480382839114,-0.8549476315459906,0.7692750656165935,0.3353088556281689,-0.059319191685654825
0.8200000000000001,0.3276651991270142,0.8532811456107303,0.12906630706363417,0.7235908738512209,-0.7656358124295329,-0.19690996306387065,0.4272989336486458,0.4084411066570073,-0.8551522301846255,0.7922969106741533,0.3688305437255129,-0.07060184205933549
0.84,0.30542802599084085,0.8744886780353271,0.11277008050873781,0.7051697951113711,-0.7670483476487141,-0.20383991749416522,0.4059201964893335,0.38929407457735643,-0.8552114151794795,0.8145021756739651,0.4023760320921582,-0.0817760303600232
0.86,0.283224526018352,0.8943333359240206,0.09657804065017164,0.6863255621207941,-0.7683023503214691,-0.2106912944120017,0.38447881022466446,0.37009770347445864,-0.8551250102318402,0.8358212633810739,0.4358932628803535,-0.09284056312038874
0.88,0.2610738532826072,0.9127290411441893,0.08049624271881663,0.6670799367496092,-0.7693992003129843,-0.21746563218523768,0.3629943163959505,0.35086559362917363,-0.8548928791187131,0.8561826290025513,0.4693252209403805,-0.10379461419805235
0.9,0.2389943202638043,0.9295905013529114,0.06453023403023864,0.6474549549565042,-0.7703404521254362,-0.22416480956777712,0.3414856438417959,0.33161090601421433,-0.8545149588009517,0.8755130488171131,0.5026096324554664,-0.11463774897291876
0.92,0.2170033505624688,0.944833885752868,0.0486850274387506,0.6274728502688087,-0.7711278689303909,-0.2307910703497208,0.31997105338124643,0.3123463198626828,-0.853991296646734,0.8937379419899811,0.5356786787734699,-0.12536994792341316
0.9400000000000001,0.19511743490842337,0.958377555653203,0.03296507616159908,0.607155976142714,-0.7717634592836913,-0.23734704714939342,0.29846808512340556,0.29308399185266126,-0.8533220918888115,0.910781748196736,0.5684587335669762,-0.13599162926112363
0.96,0.17335209079099018,0.9701428439083353,0.017374250292407873,0.5865267277432463,-0.7722495163905244,-0.24383578395305747,0.276993508793256,0.2738355172647405,-0.8525077413692965,0.9265683628796015,0.6008701327307074,-0.14650367027634692
0.98,0.15172182603930204,0.9800548753009658,0.0019158153409841476,0.565607463708056,-0.7725886597157944,-0.2502607569781835,0.25556327746750973,0.254611893480214,-0.8515488895447673,0.9410216309537244,0.6328269877307658,-0.15690742702221777
1.0,0.13024010668291092,0.9880434178573617,-0.013407586848150806,0.5444204284789806,-0.7727838786523084,-0.25662589340995334,0.2341924851155716,0.23542348619547324,-0.8504464826260373,0.9540658985636805,0.664237054408695,-0.16720475194331139
1.02,0.10891932942166029,0.9940437530035595,-0.028593954434319745,0.5229876758002869,-0.7728385778670086,-0.26293558753935525,0.21289532833873406,0.2162799987324592,-0.8492018266104636,0.9656266210643429,0.6950016704555023,-0.17739800903678626
1.04,0.0877707990295043,0.9979975504742371,-0.04364193880444204,0.5013309939920715,-0.7727566238444654,-0.26919471381599835,0.19168507269509807,0.19719044482535644,-0.8478166488301478,0.9756310237785948,0.7250157758326671,-0.18749008612116505
1.06,0.06680471100916438,0.9998537320669307,-0.058550854307191896,0.4794718336112079,-0.7725423920385468,-0.2754086363208024,0.1705740239880249,0.17816312525959116,-0.8462931624877014,0.9840088102928507,0.7541680312396899,-0.19748440378071547
1.08,0.04603013980269094,0.9995693067962999,-0.07332068412537272,0.45743123811013825,-0.7722008139297437,-0.2815832141641749,0.14957350488176835,0.15920560873018894,-0.8446341334842258,0.9906929111295271,0.782341050207414,-0.20738492055298102
1.1,0.025455032846663974,0.9971101588527002,-0.08795208192306522,0.4352297780955018,-0.7717374231699285,-0.28772480232523645,0.12869383718890046,0.14032471727224463,-0.8428429486648401,0.9956202636378556,0.8094117604173505,-0.21719613393421136
1.12,0.005086210739425455,0.9924517691099042,-0.10244636891959374,0.4128874897737913,-0.7711583998819096,-0.293840247468077,0.10794433014987423,0.12152651659629211,-0.8409236844197508,0.9987326119399651,0.8352519092854117,-0.22692307679305695
1.1400000000000001,-0.015070626239055739,0.9855798508519723,-0.11680552606513507,0.39042381814974936,-0.7704706120724251,-0.2999368783027189,0.08733327499517199,0.10281631163539362,-0.8388811743892144,0.9999773138409416,0.8597287275772828,-0.23657130880763713
1.16,-0.035010885046836776,0.9764908809750052,-0.13103218102336897,0.3678575655147816,-0.769681653019191,-0.30602249010207777,0.06686794604462878,0.08419864757847045,-0.8367210748358245,0.9993081398540444,0.8827057627217567,-0.24614690257558197
1.18,-0.05473106007044459,0.9651925092166419,-0.14512958970536857,0.3452068457270536,-0.7687998734109435,-0.3121053230421708,0.04655460855633818,0.06567731662549715,-0.8344499260757747,0.9966860480075873,0.9040438904542342,-0.25565642409136236
1.2,-0.07422870646333965,0.951703829993505,-0.1591016121462866,0.32248904474180556,-0.7678344069601961,-0.31819403410129876,0.02639853348868944,0.047255370654399526,-0.8320752082116036,0.9920799169930101,0.9236025093816945,-0.26510690734052095
1.22,-0.09350240656282086,0.9360555041655741,-0.1729526825726456,0.29972078779947314,-0.7667951881779408,-0.32429766233489277,0.006404019283245489,0.028935139936560186,-0.8296053892927908,0.985467219585504,0.9412409179838012,-0.2745058228264727
1.24,-0.11255172937658586,0.9182897214370894,-0.18668777357330005,0.27691791362005413,-0.7656929610040177,-0.3304255874357875,-0.013425579286972982,0.010718257977579663,-0.8270499639581953,0.9768346182093771,0.9568198674832135,-0.2838610399223782
1.26,-0.13137718319883185,0.8984599980449811,-0.20031235436151038,0.25409545588447624,-0.7645392770321653,-0.33658748159424395,-0.0330878152298773,-0.007394307507831941,-0.8244194805963669,0.9661784651016257,0.9702032770366682,-0.2931807830279973
1.28,-0.14998016149247037,0.8766308087380921,-0.21383234319888436,0.23126763220721785,-0.7633464821598265,-0.34279325478708267,-0.052581106511727205,-0.025402217553224936,-0.8217255551060083,0.95350519079409,0.9812600900078445,-0.30247358160893056
1.3,-0.16836288225863394,0.8528770566407811,-0.22725405414380503,0.20844784071901115,-0.7621276906333508,-0.3490529937494368,-0.071904686489686,-0.04330571897904989,-0.818980869457634,0.9388315665993826,0.9898662419669226,-0.3117482143024649
1.32,-0.18652832120679508,0.8272833892261658,-0.24058413838667345,0.18564866428423335,-0.7608967456513084,-0.3553768950140524,-0.0910585478825049,-0.06110559575108146,-0.816199153454634,0.9221848294228059,0.9959067028957181,-0.321013647389161
1.34,-0.20448013913764643,0.7999433730882989,-0.2538295205406346,0.16288188227512254,-0.7596681659320261,-0.36177519253943935,-0.11004338066147387,-0.07880311499267731,-0.8133951483702938,0.9036026604655186,0.9992775483192293,-0.3302789680506685
1.36,-0.22222260405505725,0.7709585442910568,-0.266997330367737,0.14015848971525574,-0.7584570779434957,-0.3682580805865745,-0.1288605043478801,-0.096399968085153,-0.8105845514957004,0.8831330131269428,0.9998880072541496,-0.33955331295977575
1.3800000000000001,-0.23976050863092252,0.7404373545915008,-0.28009483053434814,0.11748872348948815,-0.7572791338288803,-0.37483563264081704,-0.14751179531032116,-0.11389820739355089,-0.8077839410663039,0.8608337895140127,0.9976624295121542,-0.34884579287549106
1.4000000000000001,-0.2570990837548467,0.7084940366222049,-0.2931293411030617,0.09488209519909793,-0.756150415430459,-0.38151771730706147,-0.16599960976266612,-0.13130017925821566,-0.8050106815318415,0.836772369249087,0.9925421115586598,-0.3581654140404419
1.42,-0.2742439090059576,0.6752474130454388,-0.30610816157759796,0.07234743012233175,-0.7550873252074601,-0.3883139122272462,-0.18432670326795822,-0.14860845399263184,-0.8022828096801052,0.8110249985453333,0.9844869192832737,-0.36752099729582605
1.44,-0.2912008209826331,0.640819675685031,-0.3190384914179609,0.04989291162564535,-0.7541064652447061,-0.3952334171750729,-0.20249614765108473,-0.16582575372103578,-0.7996189026999645,0.7836760515889799,0.9734766480499536,-0.3769210959357604
1.46,-0.3079758205129713,0.6053351606748157,-0.3319273500305927,0.027526130264018667,-0.7532245059429664,-0.40228496756775317,-0.22051124630919383,-0.18295487897105348,-0.7970379298495882,0.7548171799388126,0.9595120654637296,-0.38637391341297284
1.48,-0.32457497983954875,0.568919144764609,-0.34478149730747115,0.005254136714424745,-0.7524580463506856,-0.40947674969355524,-0.2383754489788353,-0.19999863500246565,-0.7945590899558115,0.7245463687509625,0.9426155904143779,-0.3958872220760826
1.5,-0.3410043509215691,0.5316966861740958,-0.35760735583411896,-0.016916502390431697,-0.7518234684222053,-0.41681631898193844,-0.2560922670679939,-0.21695975889865393,-0.7922016374827517,0.6929669210192231,0.9228315729059737,-0.4054682841601667
1.52,-0.3572698760214191,0.49379153090267885,-0.3704109359049829,-0.03897964671626555,-0.7513367877523875,-0.42431052263615604,-0.2736651906852932,-0.2338408484682529,-0.7899847003454138,0.6601863925870296,0.90022615249448,-0.4151237762625277
1.54,-0.3733773017373153,0.45532510234236434,-0.3831977644721187,-0.060929523587279634,-0.7510135035263412,-0.4319654279035499,-0.2910976084941867,-0.25064429399779303,-0.7879270929829505,0.6263155013836985,0.8748866881634666,-0.4248597185112404
1.56,-0.389332097606666,0.41641558857464694,-0.39597281910743976,-0.0827606694719969,-0.7508684505236428,-0.43978625717527087,-0.3083927314846669,-0.2673722138595461,-0.7860471284266571,0.591467034161613,0.8469207683359269,-0.4346814095733311
1.58,-0.40513938033504776,0.3771771380424717,-0.40874046797941005,-0.10446787258718448,-0.7509156560211856,-0.447777330985592,-0.32555352168809404,-0.28402639491181597,-0.7843624331858807,0.5557547730083556,0.8164548255138515,-0.44459336855227644
1.6,-0.42080384460413867,0.3377191705518773,-0.4215044167333138,-0.12604611755556705,-0.7511682043448102,-0.45594201982425675,-0.3425826267630799,-0.3006082385325896,-0.7828897687242192,0.5192924621672075,0.7836323948025392,-0.454599284692857
1.62,-0.4363297012811378,0.2981458069371931,-0.43426766302326986,-0.14749053296917244,-0.7516381116298116,-0.46428270548833,-0.3594823212546268,-0.31711871300457195,-0.7816448631100023,0.48219283334463386,0.7486120684232221,-0.4647019756491949
1.6400000000000001,-0.45172062369652866,0.2585554173579286,-0.4470324592789682,-0.1687963426024791,-0.7523362130723715,-0.47280075248961045,-0.3762544551792392,-0.3335583128245526,-0.780642256108332,0.4445667048623672,0.7115652084976509,-0.4749033548848619
1.6600000000000001,-0.46697970248233933,0.21904028519500757,-0.45980028410711277,-0.1899588208927996,-0.7532720646009415,-0.4814964898080409,-0.39290041042123997,-0.3499270253485344,-0.7798951605534613,0.4065221668851971,0.6726734873602905,-0.48520440856959496
1.68,-0.4821094092763119,0.17968638095720257,-0.4725718225342776,-0.21097325316528168,-0.7544538604855937,-0.4903692030499082,-0.40942106524685246,-0.3662243050128232,-0.7794153423225664,0.3681638616856862,0.6321263281239013,-0.4956051821237671
1.7,-0.4971115694061983,0.14057323854172427,-0.4853469551023943,-0.23183490093289275,-0.7558883679542107,-0.49941713684144073,-0.4258167670600873,-0.38244905519751354,-0.7792130206519656,0.32959236464676733,0.590118318161243,-0.5061047763482167
1.72,-0.5119873434804856,0.1017739246318512,-0.49812475563840075,-0.2525389724541946,-0.7575808794182393,-0.5086375070728126,-0.4420873133455505,-0.39859961762971957,-0.7792967899236835,0.29090366858806044,0.5468466647884838,-0.5167013528720246
1.74,-0.526737217634521,0.06335509094863626,-0.5109034973432097,-0.27308059858978917,-0.7595351824486299,-0.5180265224127691,-0.45823194057490196,-0.4146737690661797,-0.7796735634333568,0.2521887711436627,0.5025087561777741,-0.5273921484623687
1.76,-0.5413610020206414,0.025377098470726122,-0.523680666688499,-0.2934548138674042,-0.7617535472040542,-0.5275794143468211,-0.4742493207019525,-0.43066872485423763,-0.7803485390573198,0.21353336240264773,0.4572998819806264,-0.5381734975754268
1.78,-0.5558578369927,-0.012105797452384475,-0.5364529844779249,-0.31365654255008535,-0.7642367306153167,-0.5372904748571607,-0.4901375647410876,-0.4465811488511899,-0.7813251861912814,0.17501760790473433,0.41141115799953243,-0.5490408623906028
1.8,-0.5702262063229718,-0.049045212002132715,-0.5492164333256173,-0.33368058940505724,-0.7669839962853424,-0.5471531007630519,-0.5058942328182551,-0.4624071690875881,-0.7826052528545425,0.13671602039127134,0.36502768822209647,-0.5599888694654586
1.82,-0.5844639567048936,-0.08539835625990046,-0.5619662907308889,-0.3535216347943529,-0.7699931487823771,-0.557159843677357,-0.5215163500049674,-0.47814239849184914,-0.7841887914558434,0.09869741244978816,0.31832698631915957,-0.5710113520770939
1.84,-0.5985683227389381,-0.1211277328151028,-0.5746971668840581,-0.3731742336529228,-0.773260580790117,-0.5673024645071133,-0.5370004271940039,-0.49378195995146157,-0.7860742014075912,0.061024921342125366,0.271477667916024,-0.582101397276988
1.86,-0.6125359565702713,-0.15620081054312204,-0.5874030463226999,-0.3926328178851046,-0.7767813314333227,-0.5775719914310864,-0.5523424862497344,-0.5093205149690094,-0.7882582865567471,0.023756096838461284,0.22463841507034282,-0.5932513966786126
1.8800000000000001,-0.6263629613435567,-0.19058968654009933,-0.6000773325679112,-0.41189170169455697,-0.780549154018594,-0.5879587803211727,-0.5675380886641334,-0.5247522951768055,-0.7907363252705164,-0.01305695725209658,0.17795720579553304,-0.6044531000172716
1.9000000000000001,-0.6400449276593971,-0.224270742206114,-0.6127128949028023,-0.43094508936390813,-0.7845565914119021,-0.5984525766326795,-0.582582366968639,-0.5400711359991527,-0.7935021509665757,-0.049367397010819915,0.13157079438224248,-0.6156976705655579
1.92,-0.6535769722548183,-0.25722429946381237,-0.6253021165063736,-0.4497870850157538,-0.7887950573097284,-0.6090425778657287,-0.5974700581885668,-0.5552705117925332,-0.7965482409013291,-0.08513341657198205,0.08560442279184055,-0.6269757415509325
1.94,-0.666953778183027,-0.2894342821204815,-0.6378369432209311,-0.4684117039134075,-0.7932549217403095,-0.619717495791007,-0.6121955386770578,-0.5703435718476756,-0.7998658111140572,-0.12031799873287732,0.040171739513561795,-0.6382774727994208
1.96,-0.6801696358314648,-0.3208878864540496,-0.6503089323059955,-0.4868128848950501,-0.7979255992460909,-0.6304656177327479,-0.6267528597257677,-0.5852831766997475,-0.803444915557374,-0.15488864554046491,-0.004625100109067396,-0.6495926069165956
1.98,-0.6932184841881641,-0.3515752642461246,-0.6627093006123022,-0.5049845035758757,-0.8027956383385576,-0.641274866305557,-0.6411357834161384,-0.6000819342604194,-0.8072745476126005,-0.18881709561930154,-0.048695179129913745,-0.6609105244094962
2.0,-0.7060939518411805,-0.3814892207099077,-0.6750289716924202,-0.5229203859970032,-0.8078528109732146,-0.6521328571054309,-0.655337818244912,-0.6147322353551612,-0.8113427423806063,-0.2220790342008701,-0.09195843680032459,-0.6722202972470782
2.02,-0.7187893972714545,-0.4106249290739397,-0.687258621446713,-0.5406143224451567,-0.8130842009575855,-0.6630269539557627,-0.6693522541277847,-0.6292262883182435,-0.8156366783436522,-0.25465380100293916,-0.1343451849013394,-0.6835107404489549
2.04,-0.7312979480733645,-0.43897966298586677,-0.6993887219823871,-0.558060081211641,-0.8184762903718061,-0.673944321403661,-0.6831721964534829,-0.6435561523644183,-0.8201427772025186,-0.28652410031559916,-0.17579554691656346,-0.6947704613799803
2.06,-0.7436125388075752,-0.46655254739191937,-0.7114095834373503,-0.5752514221015965,-0.8240150432440395,-0.68487197424868,-0.6967905989253148,-0.6577137695185244,-0.8248468008981309,-0.31767571689815693,-0.21625884219799724,-0.7059879065097208
2.08,-0.755725947256092,-0.4933443281231324,-0.7233113935882298,-0.5921821095438919,-0.8296859858771718,-0.6957968239638012,-0.7102002949871116,-0.6716909949411963,-0.8297339450220758,-0.34809724059242664,-0.2556929348250178,-0.7171514054697227
2.1,-0.7676308289087795,-0.5193571600722445,-0.7350842551223513,-0.6088459251876411,-0.835474283365871,-0.7067057219366295,-0.7233940276845989,-0.6854796255397322,-0.8347889280015078,-0.37777980192236454,-0.2940635642662227,-0.7282492123069559
2.12,-0.7793197495634259,-0.5445944135683478,-0.7467182205063664,-0.6252366799028731,-0.841364811972033,-0.7175854995170411,-0.7363644778611671,-0.6990714267976716,-0.8399960756081065,-0.40671682038246415,-0.3313436723528269,-0.7392695438885404
2.14,-0.790785215967521,-0.5690604983418122,-0.7582033244294958,-0.6413482251301705,-0.8473422271407454,-0.7284230049062203,-0.749104290628577,-0.7124581577947189,-0.8453394004863132,-0.4349037666194579,-0.36751273855917543,-0.7502006154609461
2.16,-0.8020197044693488,-0.5927607043117844,-0.7695296138372542,-0.6571744635472228,-0.8533910270377929,-0.7392051369616163,-0.7616061000884862,-0.7256315944205051,-0.8508026765224992,-0.46233793928255174,-0.4025561332321018,-0.7610306734066158
2.18,-0.8130156876790293,-0.6157010583148599,-0.780687175602462,-0.6727093590393823,-0.8594956115736804,-0.7499188760235571,-0.7738625523100784,-0.7385835508117073,-0.8563695079841841,-0.4890182569536175,-0.4364644962637129,-0.7717480252729403
2.2,-0.8237656591672204,-0.6378881958189931,-0.7916661619049179,-0.6879469459768028,-0.8656403369488259,-0.7605513118929159,-0.7858663265929654,-0.7513058990626879,-0.8620233934477992,-0.5149450652660311,-0.4692331467890655,-0.7823410671734461
2.22,-0.8342621562508112,-0.659329246624609,-0.8024568134099237,-0.7028813378128925,-0.8718095658110417,-0.771089669106214,-0.7976101550634151,-0.7637905872756716,-0.8677477846060592,-0.5401199590738787,-0.5008615278221965,-0.79279830867966
2.24,-0.844497780931699,-0.6800317335390921,-0.8130494803496255,-0.7175067350280611,-0.8779877131608794,-0.781521329665797,-0.8090868406663975,-0.7760296560280956,-0.8735261401032849,-0.5645456193362925,-0.5313526883197033,-0.8031083953352308
2.2600000000000002,-0.8544652190672182,-0.7000034830160071,-0.8234346416205516,-0.7318174324494431,-0.8841592881742096,-0.7918338533890991,-0.8202892736265083,-0.7880152533427377,-0.8793419745907411,-0.5882256642288135,-0.5607128039700487,-0.8132601289322815
2.2800000000000002,-0.8641572578595795,-0.7192525467718668,-0.8336029220164279,-0.745807825981851,-0.8903089321359162,-0.8020149960433628,-0.8312104464580542,-0.7997396482511496,-0.8851789032259259,-0.611164513879088,-0.5889507370322941,-0.8232424856944
2.3000000000000003,-0.8735668017573416,-0.7377871334269952,-0.8435451077180095,-0.7594724187879873,-0.8964214526951183,-0.8120527254312776,-0.8418434676090365,-0.8111952430432486,-0.891020681861497,-0.6333672680423906,-0.616077634769515,-0.8330446325118763
2.32,-0.882686886864986,-0.7556155492596962,-0.8532521601617883,-0.7728058269572771,-0.9024818546621961,-0.8219352355895075,-0.8521815738258927,-0.8223745842962131,-0.8968512431827574,-0.6548395959782178,-0.6421065654173682,-0.8426559413733421
2.34,-0.8915106939576025,-0.7727461472116947,-0.8627152284075943,-0.7858027847028604,-0.9084753675722218,-0.83165095925662,-0.8622181413261125,-0.8332703727744528,-0.9026547290588303,-0.675587637757883,-0.6670521901742503,-0.8520660021345062
2.36,-0.9000315601968987,-0.7891872833354165,-0.8719256601217087,-0.7984581491255558,-0.9143874702392691,-0.8411885787600206,-0.871946695864627,-0.843875472289796,-0.9084155193732001,-0.6956179162204152,-0.6909304693740295,-0.8612646337596274
2.38,-0.9082429896426337,-0.8049472799282457,-0.8808750112875525,-0.8107669045822142,-0.920203912522412,-0.8505370354635677,-0.8813609217774886,-0.8541829176074421,-0.9141182575953617,-0.7149372587964453,-0.7137584007844908,-0.8702418941652043
2.4,-0.9161386626504403,-0.8200343946539859,-0.8895550547506447,-0.822724166694002,-0.9259107345178548,-0.859685537908979,-0.8904546700831467,-0.8641859214789888,-0.9197478733479388,-0.7335527284339113,-0.7355537878453076,-0.8789880887883995
2.42,-0.9237124442431213,-0.8344567950062626,-0.8979577876985804,-0.8343251860279391,-0.9314942833832434,-0.8686235687752243,-0.8992219657177857,-0.8738778808791335,-0.9252896022137017,-0.7514715628825926,-0.7563350356014227,-0.8874937779952976
2.44,-0.9309583915381107,-0.8482225375216355,-0.9060754381705445,-0.8455653514826135,-0.9369412279903924,-0.8773408907710868,-0.907657013976946,-0.8832523825176914,-0.9307290030151739,-0.7687011216243221,-0.7761209720861875,-0.8957497834364018
2.46,-0.9378707603090729,-0.8613395512011566,-0.9139004706844595,-0.8564401934064693,-0.942238571591903,-0.885827551567138,-0.9157542062311833,-0.8923032076935125,-0.9360519727865851,-0.7852488397702969,-0.7949306929505416,-0.9037471934490616
2.48,-0.9444440107547083,-0.8738156246475729,-0.9214255910634773,-0.8669453864745479,-0.9473736626758514,-0.8940738878646716,-0.9235081249789189,-0.9010243365518105,-0.9412447596443065,-0.8011221882845792,-0.8127834272089866,-0.9114773675988799
2.5,-0.9506728125428956,-0.8856583964710358,-0.9286437505372404,-0.8770767523470615,-0.9523342041711985,-0.9020705286907663,-0.9309135482950562,-0.9094099518014656,-0.9462939737480021,-0.8163286399323456,-0.8296984220709006,-0.9189319404447307
2.52,-0.9565520491933817,-0.8968753485589018,-0.9355481491872459,-0.8868302621307734,-0.9571082611550819,-0.9098083980006897,-0.9379654537294234,-0.9174544419440637,-0.9511865965308551,-0.8308756403916497,-0.845694844939444,-0.9261028246048936
2.54,-0.962076821857447,-0.9074738018449089,-0.9421322387998156,-0.896202038661884,-0.9616842672018749,-0.9172787166613493,-0.9446590217047405,-0.9251524040618598,-0.9559099883636288,-0.8447705840075685,-0.8607917007837178,-0.9329822131950225
2.56,-0.9672424525483465,-0.9174609142497158,-0.9483897251846395,-0.9051883586269595,-0.9660510295029895,-0.9244730038824852,-0.9509896384596177,-0.9324986462075238,-0.9604518948041707,-0.8580207937069991,-0.8750077632182292,-0.9395625817022946
2.58,-0.9720444868719094,-0.9268436804985412,-0.9543145700116592,-0.9137856545364589,-0.9701977328759583,-0.9313830781557734,-0.9569528985781298,-0.9394881894344632,-0.9648004515714049,-0.87063350463052,-0.8883615177532387,-0.9458366893540928
2.6,-0.976478696302502,-0.9356289335525608,-0.959900992214185,-0.9219905165635768,-0.974113942771433,-0.9380010577559963,-0.9625446071437725,-0.9461162695027383,-0.9689441883709567,-0.882615851074352,-0.9008711158073831,-0.9517975800340294
2.62,-0.9805410800456218,-0.9438233474189243,-0.9651434690016131,-0.9297996942594423,-0.9777896073774115,-0.944319360852903,-0.9677607815521173,-0.9523783382920801,-0.9728720316883729,-0.893974856370232,-0.9125543381979196,-0.9574385827929688
2.64,-0.9842278665247122,-0.9514334411299111,-0.9700367365209374,-0.9372100981542075,-0.9812150589112957,-0.9503307052773251,-0.9725976530132346,-0.9582700649503004,-0.976573306655469,-0.9047174253638496,-0.9234285669425211,-0.9627533119979865
2.66,-0.9875355145263675,-0.958465583704997,-0.9745757902023872,-0.9442188012521877,-0.9843810141822721,-0.9560281079804976,-0.9770516677719625,-0.9637873368024266,-0.9800377380856541,-0.9148503391832792,-0.9335107643187123,-0.967735667157857
2.68,-0.9904607140349323,-0.9649259999306277,-0.9787558848209988,-0.9508230404279987,-0.987278574499005,-0.9614048842213594,-0.9811194880713265,-0.9689262600432007,-0.9832554507651382,-0.9243802520175382,-0.9428174582321449,-0.9723798324597023
2.7,-0.9930003867845749,-0.9708207768114671,-0.9825725343026982,-0.957020217729561,-0.9898992249907114,-0.9664546465128049,-0.9847979928818998,-0.9736831602331268,-0.9862169690787106,-0.9333136896520385,-0.9513647330426309,-0.9766802760478357
2.72,-0.9951516865542329,-0.9761558705639456,-0.9860215113005337,-0.9628079015928744,-0.9922348334033307,-0.9711713033544485,-0.988084278417567,-0.9780545826160317,-0.9889132160412356,-0.9416570495323164,-0.9591682250870921,-0.9806317490725508
2.74,-0.9969119992283668,-0.9809371140382633,-0.9890988465640241,-0.9681838279726368,-0.9942776484266773,-0.9755490577763766,-0.9909756584560605,-0.9820372922740978,-0.9913355117991359,-0.949416602150081,-0.9662431222214181,-0.984229284533648
2.7600000000000002,-0.9982789426442111,-0.985170224468734,-0.9918008281221664,-0.973145901392042,-0.996020297603142,-0.9795824057155951,-0.9934696644807187,-0.9856282741345165,-0.9934755716598563,-0.9565984935664194,-0.9726041667788812,-0.9874681959408125
2.7800000000000002,-0.99925036624416,-0.9888608114646498,-0.9941240002984565,-0.9776921959144613,-0.9974557848636555,-0.9832661342443999,-0.9955640456581848,-0.9888247328402892,-0.9953255037016057,-0.9632087489060264,-0.978265661411536,-0.9903440758105386
2.8000000000000003,-0.9998243505500632,-0.9920143851648197,-0.9960651625742979,-0.9818209560391584,-0.9985774877322118,-0.9865953196676691,-0.9972567686652003,-0.9916240924962416,-0.9968778060104988,-0.969253276673673,-0.9832414773433007,-0.9928527940171271
2.82,-0.9999992064745111,-0.9946363644887279,-0.9976213683153915,-0.9855305975227263,-0.9993791542362345,-0.9895653255040977,-0.9985460173762316,-0.9940239963000194,-0.9981253635875382,-0.9747378737599425,-0.9875450646196011,-0.9949904960133226
2.84,-0.999773474482655,-0.9967320854259716,-0.9987899233740918,-0.9888197081275274,-0.9998548995564265,-0.992171800364614,-0.9994301924223975,-0.9960223060666641,-0.9990614449636374,-0.9796682310176059,-0.9911894639889683,-0.9967536009344108
2.86,-0.9991459236167178,-0.9983068093133972,-0.9995683845792788,-0.9916870482980846,-0.9999992024464445,-0.9944106757396417,-0.9999079106310212,-0.9976171016543374,-0.999679698557058,-0.9840499393030225,-0.9941873200972611,-0.9981387995980202
2.88,-0.998115550394098,-0.9993657310562345,-0.9999545581239945,-0.9941315517660908,-0.9998069014497419,-0.9962781637054597,-0.9999780043541048,-0.9988066802978324,-0.9999741488041785,-0.9878884958887147,-0.9965508957156651,-0.9991430524104662
2.9,-0.9966815775888281,-0.9999139872556356,-0.9999464978599384,-0.9961523260844674,-0.9992731909382239,-0.997770754558665,-0.9996395206931035,-0.9995895558557015,-0.9999391920913915,-0.9911893111639039,-0.9982920867597128,-0.9997635871892204
2.92,-0.9948434529051385,-0.9999566642104365,-0.9995425035068728,-0.9977486530907134,-0.9983936169948994,-0.9988852143866251,-0.9988917206265555,-0.9999644579760933,-0.9995695925131163,-0.9939577155493737,-0.9994224378886674,-0.9999978969099608
2.94,-0.9926008475509457,-0.9994988057657409,-0.9987411187840641,-0.9989199892996352,-0.997164073160505,-0.9996185825808234,-0.9977340780463878,-0.99993033118576,-0.9988604774783771,-0.9961989665616658,-0.9999531585031134,-0.9998437373856561
2.96,-0.9899536547182638,-0.9985454209851572,-0.9975411294700521,-0.9996659662254248,-0.9955807960620657,-0.9999681692991208,-0.9961662787080602,-0.999486333906122,-0.9978073331861138,-0.9979182559693688,-0.9998951389838182,-0.9992991248842427
2.98,-0.9869019879767907,-0.9971014916272447,-0.9959415613962993,-0.9999863906329607,-0.993640360939546,-0.9999315528821835,-0.9941882190991308,-0.9986318373997796,-0.9964059999873287,-0.9991207169912361,-0.9992589670372312,-0.9983623336906541
3.0,-0.9834461795862525,-0.9951719794100167,-0.9939416783796123,-0.9998812447181409,-0.9913396770851053,-0.9995065772286336,-0.991800005230299,-0.9973664246504228,-0.9946526676503212,-0.9998114314921202,-0.9980549440326472,-0.9970318936182541
3.02,-0.9795867787324904,-0.9927618330502352,-0.9915409800976367,-0.999350686217007,-0.9886759832079851,-0.9986913491328747,-0.989001951352526,-0.9956898891787003,-0.992543870543583,-0.9999954371383077,-0.9962931012333709,-0.9953065874740876
3.04,-0.97532454969174,-0.9898759950667797,-0.9887391999112,-0.9983950484433918,-0.9856468427367162,-0.9974842355890013,-0.9857945786034185,-0.9936022337962745,-0.9900764827494162,-0.999677734478856,-0.993983215839421,-0.9931854484818085
3.06,-0.9706604699270667,-0.9865194083395912,-0.9855363026368164,-0.9970148402548052,-0.9822501390691156,-0.9958838610637271,-0.9821786135857018,-0.9911036692999908,-0.9872477131199794,-0.9988632939240071,-0.9911348267726411,-0.9906677576656349
3.08,-0.9655957281204995,-0.982697022417659,-0.9819324822722484,-0.9952107459462769,-0.9784840707794441,-0.9938891047408448,-0.9781549868802826,-0.9881946131078299,-0.9840551002862254,-0.9975570625957554,-0.9877572501467493,-0.9877530411982468
3.1,-0.9601317221440138,-0.9784137995712126,-0.9779281596776508,-0.9929836250718778,-0.9743471467911002,-0.9914990977393592,-0.9737248314961235,-0.9848756878380921,-0.9804965076290949,-0.9957639710292103,-0.9838595943750367,-0.9844410677151421
3.12,-0.9542700569721753,-0.9736747205847781,-0.9735239802145037,-0.9903345121936666,-0.9698381815223212,-0.9887132203071068,-0.968889481258896,-0.9811477198330636,-0.9765701182213129,-0.9934889397065729,-0.9794507748773016,-0.9807318455976184
3.14,-0.9480125425389561,-0.9684847902890541,-0.9687208113442458,-0.9872646165578298,-0.9649562900115441,-0.9855310989913885,-0.9636504691401633,-0.9770117376282481,-0.9722744297472379,-0.9907368854083678,-0.9745395283553153,-0.9766256202262448
3.16,-0.9413611915409549,-0.9628490428306875,-0.9635197401882691,-0.9837753216978163,-0.959700883028341,-0.9819526037878856,-0.9580095255286489,-0.9724689703681042,-0.967608249407381,-0.9875127273690891,-0.9691344266128009,-0.9721228712064062
3.18,-0.9343182171890211,-0.9567725466800107,-0.9579220710507093,-0.979868184964306,-0.9540716621751653,-0.9779778452689121,-0.9519685764449802,-0.9675208461691015,-0.9625706888134756,-0.9838213932266413,-0.9632438899016997,-0.9672243095672702
3.2,-0.9268860309100625,-0.9502604093776406,-0.9519293229052705,-0.9755449369818918,-0.9480686149845401,-0.9736071716918503,-0.9455297417011492,-0.9621689904308095,-0.9571611588792983,-0.9796678247569376,-0.9568761997814786,-0.9619308749353102
3.22,-0.9190672400006371,-0.94331778202157,-0.94554322684715,-0.9708074810323974,-0.9416920100157659,-0.9688411660884628,-0.9386953330058023,-0.9564152240956376,-0.9513793647118344,-0.9750569833867646,-0.9500395114825315,-0.9562437326833308
3.24,-0.9108646452337507,-0.9359498634970053,-0.9387657235109743,-0.9656578923648007,-0.9349423919547205,-0.9636806433356063,-0.9314678520163664,-0.9502615618577767,-0.9452253005068262,-0.9699938554795711,-0.9427418657683988,-0.9501642710557854
3.2600000000000002,-0.902281238420152,-0.9281619044517357,-0.9315989604555323,-0.9600984174317807,-0.9278205767198728,-0.9581266472077591,-0.9238499883389206,-0.9437102103218267,-0.9386992444522387,-0.9644834573901983,-0.9349912002946699,-0.9436940982710218
3.2800000000000002,-0.8933201999252737,-0.9199592110202733,-0.9240452895159681,-0.9541314730529519,-0.9203276465772185,-0.9521804474116532,-0.9158446174766408,-0.9367635661115482,-0.9318017536427263,-0.9585308402857817,-0.926795360465099,-0.936835039600982
3.3000000000000003,-0.8839848961428709,-0.9113471483003852,-0.9161072641240096,-0.9477596455049042,-0.9124649452664708,-0.945843536603208,-0.9074547987275784,-0.9294242139291333,-0.9245336590077646,-0.9521410947311006,-0.9181621097877252,-0.9295891344287586
3.3200000000000003,-0.8742788769262998,-0.9023311435859606,-0.9077876365967098,-0.9409856895382126,-0.9042340731405025,-0.9391176273868839,-0.8986837730324787,-0.9216949245653628,-0.9168960602557461,-0.9453193550375897,-0.9090991397356739,-0.9219586332843331
3.34,-0.8642058729783042,-0.892916689360418,-0.8990893553941218,-0.9338125273216314,-0.8956368823197309,-0.9320046492974952,-0.8895349607732921,-0.9135786528609923,-0.9088903208359906,-0.9380708033760363,-0.8996140791189126,-0.9139459948587316
3.36,-0.8537697932001052,-0.8831093460550874,-0.8900155623462532,-0.9262432473137415,-0.8866754718628566,-0.9245067457644748,-0.8800119595229963,-0.9050785356196909,-0.9005180629203218,-0.9304006736536966,-0.8897145029745349,-0.9055538829967696
3.38,-0.8429747220005223,-0.8729147445771654,-0.8805695898496101,-0.9182811030623586,-0.877352182955123,-0.9166262710585233,-0.8701185417473158,-0.8961978894728531,-0.8917811624055793,-0.9223142551571887,-0.8794079409842238,-0.8967851636685057
3.4,-0.8318249165658139,-0.8623385886119987,-0.8707549580335838,-0.909929511932072,-0.8676695941150333,-0.9083657872205432,-0.8598586524589029,-0.8869402086965932,-0.8826817439381869,-0.9138168959630492,-0.8687018854284172,-0.8876429019194668
3.42,-0.8203248040908745,-0.8513866567045472,-0.8605753718969184,-0.9011920537603192,-0.8576305164202651,-0.8997280609727222,-0.8492364068245237,-0.8773091629812315,-0.8732221759616708,-0.9049140061183173,-0.8576037986873889,-0.8781303587996837
3.44,-0.8084789789723953,-0.8400648041249704,-0.8500347184144558,-0.8920724694424554,-0.8472379887533362,-0.8907160606116097,-0.8382560877257809,-0.8673085951535924,-0.8634050657878187,-0.8956110605939004,-0.8461211202999972,-0.868250988271535
3.46,-0.7962921999645689,-0.828378964523341,-0.8391370636143484,-0.8825746594463214,-0.8364952730674174,-0.8813329528830071,-0.8269221432739039,-0.8569425188524353,-0.8532332546919855,-0.8859136020138264,-0.8342612735912638,-0.8580084340963768
3.48,-0.7837693872978939,-0.8163351513785139,-0.8278866496259086,-0.8727026822568533,-0.8254058496725426,-0.8715820998384852,-0.8152391842791258,-0.846215116157354,-0.842709813032892,-0.8758272431637772,-0.8220316718802375,-0.8474065266999264
3.5,-0.7709156197616241,-0.8039394592462189,-0.8162878916982632,-0.8624607527513314,-0.8139734125423377,-0.861467055673335,-0.8032119816751733,-0.8351307351714905,-0.8318380353971114,-0.8653576692825524,-0.8094397242798006,-0.8364492800163483
3.52,-0.7577361317503987,-0.7911980648114365,-0.8043453751899748,-0.8518532405058963,-0.8022018646412777,-0.8509915635457536,-0.7908454638994,-0.8236938875584321,-0.820621435768312,-0.8545106401403146,-0.7964928411001899,-0.8251408883109909
3.54,-0.7442363102755729,-0.7781172277501108,-0.7920638525297939,-0.8408846680340096,-0.7900953132723832,-0.8401595523770702,-0.778144714229098,-0.8119092460336723,-0.8090637427212075,-0.8432919919076419,-0.7831984388680506,-0.8134857229817237
3.56,-0.7304216919417879,-0.7647032914052412,-0.7794482401487154,-0.8295597089575734,-0.7776580654451789,-0.8289751336328258,-0.7651149680745392,-0.7997816418110377,-0.7971688946400666,-0.8317076388195641,-0.7695639449728323,-0.8014883293388233
3.58,-0.7162979598892971,-0.7509626832823565,-0.7665036153835146,-0.8178831861114624,-0.7648946232636646,-0.8174425980845289,-0.7517616102293024,-0.7873160620045091,-0.7849410349615421,-0.8197635746388642,-0.7555968019522733,-0.7891534233633649
3.6,-0.7018709407025929,-0.7369019153693422,-0.7532352133519606,-0.8058600695822612,-0.7518096793339858,-0.805566412551921,-0.7380901720784668,-0.7745176469858823,-0.7723845074415078,-0.8074658739230243,-0.7413044714286159,-0.7764858884440955
3.62,-0.6871466012858723,-0.722527584285551,-0.7396484237999083,-0.7934954746820351,-0.7384081121914342,-0.7933512166256043,-0.7241063287652583,-0.7613916876987433,-0.7595038514455194,-0.7948206930992636,-0.7266944377070625,-0.7634907720927652
3.64,-0.6721310457058962,-0.7078463712650678,-0.7257487879204987,-0.7807946598579962,-0.7246949817463708,-0.7808018193699009,-0.7098158963167666,-0.7479436229292534,-0.746303797262466,-0.7818342713521692,-0.7117742110478139,-0.7501732826379227
3.66,-0.6568305120028148,-0.6928650419789602,-0.7115419951457093,-0.7677630245389672,-0.71067552474862,-0.7679231960058353,-0.6952248287293541,-0.7341790365342712,-0.7327892614409287,-0.76851293132845,-0.6965513306228456,-0.7365387858971925
3.68,-0.6412513689695352,-0.6775904462012717,-0.6970338799105198,-0.7544061069195709,-0.6963551502698644,-0.7547204845741499,-0.680339215014417,-0.7201036546273593,-0.7189653421477261,-0.7548630796633755,-0.681033367168373,-0.7225928018280761
3.7,-0.625400112900235,-0.6620295173234669,-0.6822304183899823,-0.7407295816831126,-0.681739435203545,-0.7411989825783005,-0.6651652762051645,-0.7057233427232554,-0.7048373145480975,-0.7408912073334586,-0.6652279253437393,-0.7083410011573452
3.72,-0.6092833643086458,-0.6461892717219632,-0.6671377252095115,-0.7267392576641503,-0.6668341197817558,-0.7273641436073875,-0.6497093623251156,-0.6910441028414122,-0.6904106262069516,-0.7266038898399467,-0.6491426458072188,-0.6937892019891126
3.74,-0.5929078646167367,-0.6300768079833281,-0.6517620501287321,-0.7124410754517738,-0.6516451031086218,-0.7132215739390221,-0.6339779493190296,-0.6760720705692405,-0.6756908925105944,-0.7120077872276706,-0.6327852070190112,-0.6789433663917056
3.7600000000000002,-0.5762804728144623,-0.6136993059916452,-0.6361097746992489,-0.6978411049346575,-0.63617843870964,-0.6987770291221481,-0.617977635947015,-0.6608135120857163,-0.6606838921083382,-0.6971096439437837,-0.6161633267814349,-0.6638095969634782
3.7800000000000002,-0.5594081620912591,-0.5970640258824927,-0.6201874088967385,-0.6829455427889594,-0.620440330096471,-0.6840364105398731,-0.6017151406425842,-0.6452748211460444,-0.645395562373394,-0.6819162885408918,-0.599284763526101,-0.6483941333777474
3.8000000000000003,-0.542298016439991,-0.5801783068678995,-0.604001587727778,-0.667760709910185,-0.6044371263466763,-0.6690057619523905,-0.5851972983354397,-0.6294625160280916,-0.6298319948824489,-0.6664346332290484,-0.5821573173575909,-0.6327033489070517
3.8200000000000003,-0.5249572272340718,-0.5630495659365836,-0.587559067811869,-0.6522930487901488,-0.588175317697907,-0.653691266020115,-0.5684310572398152,-0.6133832364413401,-0.6139994309133381,-0.6506716732810477,-0.5647888308629101,-0.6167437469269728
3.84,-0.507393089778522,-0.5456852964337072,-0.5708667239391351,-0.6365491208401973,-0.57166153115607,-0.6380992408071738,-0.551423475609211,-0.5970437403991369,-0.5979042569602333,-0.6346344862954046,-0.54718718969576,-0.6005219573997864
3.86,-0.4896129998357282,-0.5280930665243079,-0.553931545604207,-0.6205356036618825,-0.5549025261170137,-0.6222361362654455,-0.5341817184583836,-0.5804509010550353,-0.5815530002657827,-0.6183302313213719,-0.5293603229444016,-0.5840447333382444
3.88,-0.47162445012671256,-0.5102805175445055,-0.5367606335168335,-0.6042592882662932,-0.5379051900013021,-0.6061085306993529,-0.5167130542534867,-0.5636117035040628,-0.5649523243696605,-0.6017661478502867,-0.5113162032916654,-0.5673189472498226
3.9,-0.4534350268087308,-0.49225536224450844,-0.5193611960897945,-0.5877270762432824,-0.5206765339016691,-0.5897231272116742,-0.4990248515712773,-0.5465332415497756,-0.5481090246730027,-0.584949554677497,-0.4930628469754079,-0.5503515875617987
3.92,-0.435052405930053,-0.47402538292738733,-0.5017405459047174,-0.5709459768818441,-0.5032236882427775,-0.5730867501306475,-0.48112457572832573,-0.5292227144379776,-0.5310300240182346,-0.5678878486390567,-0.47460831355750077,-0.5331497550275642
3.94,-0.4164843498628001,-0.45559842948750073,-0.4839060961564283,-0.5539231042429209,-0.48555389845293556,-0.5562063414186992,-0.4630197853811937,-0.511687423558021,-0.5137223682838237,-0.5505885032273283,-0.45596070550918266,-0.5157206591146032
3.96,-0.3977387037147349,-0.4369824173524092,-0.4658653570765052,-0.5366656741859339,-0.4676745206474571,-0.5390889570631492,-0.444718129098568,-0.49393476911262196,-0.4961932219935197,-0.5330590670895787,-0.43712816762041456,-0.49807161437460196
3.98,-0.37882339172092633,-0.41818532533204056,-0.4476259323367244,-0.5191810013503592,-0.4495930173233895,-0.5217417634492794,-0.4262273419063652,-0.47597224675715777,-0.47844986393968186,-0.5153071624135875,-0.4181188862406367,-0.4802100367961967
4.0,-0.3597464136162418,-0.3992151933788073,-0.42919551543312706,-0.5014764960936867,-0.431316953065365,-0.5041720337162022,-0.40755524180683445,-0.45780744420943015,-0.4604996828203234,-0.4973404832042429,-0.39894108835811776,-0.46214344014088965
4.0200000000000005,-0.34051584098963317,-0.3800801202623137,-0.41058188605145296,-0.4835596613871133,-0.41285399026237507,-0.4863871440959822,-0.38870972627272704,-0.4394480378309146,-0.44235017288954315,-0.4791667934550268,-0.37960304052489546,-0.44387943226270027
4.04,-0.3211398136212068,-0.36078826116223156,-0.39179290641473036,-0.4654380896703481,-0.39421188483530056,-0.46839457023650966,-0.3696987687176,-0.42090178918052534,-0.42400892962105213,-0.460793925218249,-0.36011304763409274,-0.4254257114121556
4.0600000000000005,-0.3016265358031023,-0.3413478251828663,-0.3728365176138324,-0.4471194596669133,-0.37539848197507514,-0.45020188350865575,-0.35053041494336584,-0.4021765415419634,-0.4054836453845416,-0.44222977657781964,-0.34047945155619924,-0.40679006252524935
4.08,-0.28198427264521364,-0.32176707279286526,-0.3537207359218331,-0.42861153316135386,-0.3564217118913968,-0.4318167472982718,-0.33121277956620626,-0.38328021642573107,-0.3867821051346797,-0.4234823095282977,-0.3207106296407341,-0.38798035349803967
4.1,-0.2622213463668118,-0.3020543131934732,-0.3344536490930396,-0.4099221517397703,-0.33728958557194566,-0.413246913283636,-0.3117540424219926,-0.3642208100469175,-0.3679121821125662,-0.4045595477638958,-0.3008149930895028,-0.36900453144757467
4.12,-0.2423461325751581,-0.2822179016186808,-0.31504341264758884,-0.391059233495113,-0.3180101905521067,-0.39450021769896954,-0.2921624449523796,-0.34500638977988574,-0.3488818335595165,-0.3854695743810617,-0.2808009852075078,-0.34987061895988086
4.14,-0.22236705653220212,-0.26226623657055337,-0.29549824614253234,-0.3720307696986915,-0.2985916866952386,-0.3755845775846943,-0.2724462865727519,-0.32564509059101027,-0.32969909644308776,-0.3662205294982032,-0.26067707953737634,-0.3305867103257699
4.16,-0.2022925894104944,-0.24220775699297384,-0.2758264294303532,-0.35284482143935275,-0.27904230198357177,-0.3565079870251202,-0.25261392102322944,-0.30614511145063844,-0.31037208319530424,-0.34682060779606055,-0.24045177788302277,-0.31116096776525287
4.18,-0.1821312445394511,-0.22205093938698592,-0.2560362989058923,-0.33350951623181496,-0.2593703283198602,-0.33727851337429365,-0.2326737527039447,-0.28651471172546017,-0.2909089774630818,-0.3272780559821907,-0.22013360822809427,-0.2916016176413789
4.2,-0.16189157364313167,-0.2018042948708638,-0.2361362437426739,-0.31403304459563547,-0.23958411733995452,-0.31790429347076726,-0.2126342329958351,-0.26676220755250196,-0.2713180298708941,-0.3076011701829556,-0.1997311225545957,-0.27191694666434907
4.22,-0.14158216307071136,-0.18147636618798574,-0.21613470211965935,-0.2944236566063165,-0.2196920762365042,-0.2983935298420693,-0.19250385656820299,-0.24689596819596715,-0.25160755379576677,-0.28779829326636114,-0.17925289456693774,-0.25211529808677313
4.24,-0.12121163002084034,-0.16107572466554457,-0.19604015743946293,-0.2746896584200569,-0.19970266359403913,-0.2787544868997017,-0.1722911576743058,-0.22692441238817096,-0.231785921154729,-0.2678778120990383,-0.15870751732650473,-0.23220506789097609
4.26,-0.1007886187611029,-0.1406109671270737,-0.17586113453910157,-0.2548394087736707,-0.17962438523572066,-0.2589954871255084,-0.15200470643627553,-0.2068560046558294,-0.2118615582048941,-0.24784815474061783,-0.1381036008017179,-0.21219470096928306
4.28,-0.08032179684380622,-0.1200907127617189,-0.15560619589436742,-0.2348813154611951,-0.15946579008209308,-0.2391249072502828,-0.13165310512064834,-0.18669925163298473,-0.191842941356383,-0.22771778757867092,-0.11744976933839786,-0.19209268729823456
4.3,-0.059819851319337106,-0.09952359995314307,-0.135283937818921,-0.21482383178873485,-0.13923546602220566,-0.2191511744255268,-0.11124498440583602,-0.16646269836185976,-0.171738592998347,-0.20749521240736898,-0.09675465905514227,-0.17190755810770972
4.32,-0.03929148494834953,-0.07891828307090239,-0.11490298665924578,-0.1946754530090796,-0.11894203579751467,-0.19908276238928294,-0.09078899964284813,-0.14615492458294102,-0.15155707733838683,-0.18718896345294497,-0.07602691516827347,-0.15164788204596513
4.34,-0.01874541241404389,-0.05828342922708878,-0.09447199498659783,-0.17444471273764942,-0.09859415289901292,-0.17892818762699028,-0.07029382711061437,-0.12578454101562916,-0.13130699625570538,-0.16680760434899963,-0.05527518925080734,-0.13132226134160757
4.36,0.0018096434641711857,-0.03762771500098873,-0.07399963778712301,-0.15414017935132893,-0.07820049747807074,-0.1586960055283526,-0.04976816026725413,-0.10536018563077432,-0.11099698516837231,-0.14635972506464395,-0.0345081364297743,-0.11093932796355656
4.38,0.022364955514345954,-0.016959823134462305,-0.05349460865131943,-0.1337704523717548,-0.057769772271510145,-0.13839480654120767,-0.029220705998647907,-0.08489051991645398,-0.09063570891511616,-0.12585393878842369,-0.013734412526101008,-0.09050773978006244
4.4,0.04291179599167961,0.0037115607992864196,-0.03296561596404241,-0.11334415883462137,-0.03731069854146825,-0.11803321232343661,-0.00866018086568228,-0.06438422513835104,-0.07023185765209956,-0.10529887877092389,0.007037328858836578,-0.07003617671786509
4.42,0.06344144035292067,0.024377751750932947,-0.012421379096268753,-0.09286994964658805,-0.01683201203064069,-0.09761987189394869,0.01190469264844715,-0.04384999859609761,-0.049794142765168824,-0.08470319512891283,0.02779843930599566,-0.04953333692261334
4.44,0.083945171024154,0.04503006857166339,0.008129375400159981,-0.07235649593136051,0.003657541066470519,-0.0771634577838168,0.03246518988949461,-0.023296549876965788,-0.029331292798106284,-0.06407555161382748,0.048540278586888995,-0.029007932921660647
4.46,0.10441428116064196,0.06565983740867341,0.02867791759356635,-0.05181248536652958,0.02414920811564835,-0.05667266218864833,0.05301258778059386,-0.002732597108292326,-0.008852049397448658,-0.04342462234737004,0.06925421771345376,-0.008468687790391507
4.48,0.12484007839738513,0.08625839511703509,0.04921551796799252,-0.03124661851275265,0.04463423403770366,-0.036156193123303655,0.0735381685664477,0.017833136789962234,0.011634836725531107,-0.022759088526940047,0.08993164202586756,0.012075668676765908
4.5,0.14521388858905238,0.10681709268546109,0.06973345121200927,-0.01066760513686625,0.06510386528515202,-0.015622770580079772,0.0940332235518834,0.0383919278511249,0.03212060981504795,-0.0020876351035721153,0.11056395431471062,0.03261640378945805
4.5200000000000005,0.1655270595379379,0.12732729867355608,0.09022299999951318,0.009915839469483378,0.08554935380007772,0.004918877308487617,0.11448905683335289,0.058935054804771424,0.052596513072572654,0.018581052564966862,0.13114257797395684,0.05314478577747015
4.54,0.18577096470858231,0.1477804026581514,0.11067545876121489,0.030494998174106742,0.10596196095241106,0.025460018101052407,0.13489698902197048,0.07945380281532936,0.07305379263945014,0.03923829208333816,0.15165896018137412,0.07365208759852399
4.5600000000000005,0.20593700692770575,0.16816781868639097,0.13108213744553815,0.05106115568983621,0.12633296145781814,0.0459919188719391,0.1552483609566639,0.09993946721489919,0.0934837015596461,0.05987540740748381,0.17210457510299185,0.09412959073659541
4.58,0.22601662206808767,0.18848098873323763,0.15143436526761275,0.07160560225981372,0.14665364727437727,0.06650585002748514,0.17553453740602332,0.12038335722886728,0.11387750372187046,0.0804837322506563,0.19247092711837363,0.1145685889895184
4.6000000000000005,0.24600128271503507,0.20871138616114035,0.17172349444506566,0.09211963734090056,0.16691533147719254,0.08699308911304685,0.19574691075742473,0.14077679969288326,0.13422647778030022,0.10105461350414902,0.21274955406352666,0.1349603922446381
4.62,0.26588250181406997,0.22885051917960986,0.1919409039192876,0.11259457328363615,0.1871093521100717,0.10744492460944884,0.21587690469199977,0.16111114275977234,0.15452192105309803,0.12157941467028233,0.2329320304883422,0.1552963302412585
4.64,0.28565183629847135,0.24888993430249973,0.2120780030608578,0.1330217390071517,0.20722707601337492,0.12785265971765528,0.23591597784403695,0.181377759594948,0.1747551533978975,0.14204951930524748,0.2530099709255482,0.1755677563186297
4.66,0.30530089069531413,0.2688212198008249,0.23212623535780086,0.153392483667471,0.2272599026271198,0.14820761613042577,0.2558556274433866,0.2015680520588884,0.19491752106340499,0.162456334469446,0.2729750331682211,0.19576605114820658
4.68,0.3248213207086328,0.28863600914897686,0.2520770820853506,0.173698180317612,0.2471992677684102,0.1685011377897059,0.2756873929394495,0.22167345437525116,0.21500040051624333,0.1827912941829876,0.2928189215529804,0.2158826264489003
4.7,0.34420483677835967,0.3083259844622374,0.2719220659558886,0.1939302295579226,0.2670366473822383,0.18872459462850286,0.2954028596053334,0.24168543678318455,0.23499520224214412,0.2030458628840649,0.3125333902460585,0.23590892868405292
4.72,0.3634432076136724,0.32788287992351883,0.29165275474773156,0.2140800631750843,0.28676356126469266,0.20886938629598048,0.31499366212076135,0.2615955091724079,0.25489337452057464,0.2232115388879442,0.3321102465294988,0.2558364427388396
4.74,0.38252826369940124,0.34729848519729656,0.311260764911424,0.23413914776822123,0.30637157675759075,0.2289269458645091,0.33445148813231834,0.2813952246996331,0.27468640717186826,0.24327985784435407,0.3515413540848153,0.275656695576816
4.76,0.4014519007741475,0.36656464882873524,0.3307377651522195,0.25409898836056166,0.3258523124135399,0.24888874351739135,0.35376808178963304,0.30107618338489367,0.2943658352759099,0.26324239619108347,0.37081863627149986,0.29536125987432243
4.78,0.4202060832787693,0.3856732816260359,0.350075479987407,0.2739511319951042,0.3451974416304191,0.26874629021599233,0.37293524725609517,0.3206300356863689,0.3139232428614127,0.28309077460164744,0.38993407939782243,0.3149417576314427
4.8,0.4387828477738995,0.40461636002406487,0.36926569327716335,0.2936871713127466,0.3643986962542607,0.28849114134498516,0.391944852192707,0.3400484860522788,0.3333502665648077,0.3028166614248916,0.40887973598144883,0.3343898637582289
4.82,0.45717430632516415,0.42338592942737335,0.38830025172760085,0.31329874811135205,0.3834478701495044,0.3081149003344308,0.41078883121368825,0.3593232964484329,0.3526385992577562,0.3224117761144675,0.42764772799744194,0.3536973096349003
4.84,0.4753726498547823,0.441974107530718,0.4071710683646923,0.3327775568842197,0.40233682273558324,0.32760922225740596,0.4294591893124536,0.37844628986003936,0.37177999364228215,0.34186789264611794,0.4462302501112757,0.3728558866447143
4.86,0.4933701514582316,0.4603730876152607,0.4258701259777556,0.3521153483364563,0.42105748248879754,0.3469658174018929,0.44794800525659034,0.3974093537663604,0.39076626581251067,0.3611768429207693,0.464619572894556,0.39185744967822383
4.88,0.5111591696846839,0.4785751418186264,0.44438948053118177,0.37130393287773755,0.43960185040842253,0.36617645481564143,0.4662474349504705,0.41620444358683095,0.4095892987819926,0.38033052015143853,0.4828080460211877,0.41069392060762916
4.9,0.5287321517799042,0.4965726243770532,0.4627212645431117,0.39033518408997514,0.4579620034459942,0.3852329658227188,0.48434971476415367,0.4348235860972521,0.4282410459755828,0.3993208822320122,0.5007881014417878,0.42935729172993986
4.92,0.5460816368903472,0.514357974837884,0.48085769042975435,0.40920104216839914,0.47613009789671057,0.40412724751046547,0.5022471648272332,0.4532588828146873,0.44671353468483826,0.41813995508598084,0.5185522565341985,0.4478396291776644
4.94,0.5632002592271702,0.5319237212406922,0.4987910538140619,0.4278935173345899,0.494098372751885,0.42285126618557584,0.519932192286298,0.47150251334969473,0.4649988694858914,0.4367798359932456,0.5360931172279987,0.466133076295747
4.96,0.580080751188907,0.54926248326536,0.5165137367974802,0.44640469322000687,0.511859153011385,0.44139706079802393,0.5373972945246913,0.48954673872453847,0.48308923561875416,0.4552326968931408,0.5534033811009796,0.4842298569834899
4.98,0.5967159464415608,0.5663669753454537,0.5340182111935002,0.4647267302185622,0.5294048529549911,0.45975674633156305,0.5546350623432619,0.507383904656043,0.5009769023270035,0.47349078766186237,0.5704758404455786,0.5021222790001909
5.0,0.6130987829548868,0.5832300097452889,0.5512970417217548,0.4828518688068165,0.5467279793716094,0.4779225171595394,0.5716381831008153,0.525006444801749,0.5186542261567959,0.49154643936250486,0.5873033853033406,0.5198027372332431
5.0200000000000005,0.6292223059936397,0.5998444995990926,0.568342889161406,0.5007724328303735,0.5638211347452742,0.49588665036474877,0.5883994438129935,0.5424068839680604,0.53611365421416,0.5093920674659617,0.6038790064654967,0.5372637169274518
5.04,0.6450796710625996,0.6162034619107036,0.5851485134625894,0.5184808327550792,0.5806770203968784,0.5136415090220913,0.6049117342083102,0.5595778412790724,0.5533477273795165,0.5270201750409573,0.620195798437827,0.5544977968743258
5.0600000000000005,0.6606641468041767,0.6323000205122972,0.6017067768146841,0.5359695688816357,0.5972884395805766,0.531179545442779,0.6211680497401029,0.5765120333047886,0.5703490834783735,0.5444233559115231,0.6362469623679986,0.5714976525601227
5.08,0.6759691178474387,0.6481274089806319,0.6180106466702058,0.5532312345222626,0.6136483005338066,0.5484933043788568,0.6371614945531693,0.5932022771474499,0.5871104604071519,0.5615942977802588,0.6520258089336246,0.5882560592714294
5.1000000000000005,0.6909880876074046,0.6636789735093629,0.6340531987231143,0.5702585191380463,0.6297496194798828,0.5655754261868132,0.6528852844038716,0.6096414934847167,0.6036246992130962,0.5785257853157455,0.6675257611893413,0.6047658951570709
5.12,0.7057146810334695,0.6789481757359915,0.6498276198403629,0.587044211435651,0.6455855235821243,0.5824186499490687,0.6683327495325136,0.6258227095684551,0.6198847471272327,0.5952107032025151,0.6827403573712362,0.6210201442451615
5.14,0.7201426473058539,0.6939285955220468,0.6653272109455136,0.6035812024220633,0.6611492538484823,0.599015816552132,0.6834973374868129,0.641739062177896,0.6358836605493408,0.6116420391520174,0.6976632536570091,0.6370118994141154
5.16,0.7342658624789735,0.7086139336851408,0.6805453898532726,0.6198624884160792,0.676434167985649,0.6153598717202395,0.6983726158953047,0.6573838005259578,0.6516146079839118,0.6278128868730376,0.7122882268802924,0.6527343653164555
5.18,0.748078332070662,0.7229980146815541,0.6954756940538077,0.6358811740152385,0.6914337432016308,0.6314438690032889,0.7129522751895392,0.6727502891175369,0.6670708729260791,0.6437164490000715,0.7266091771975994,0.6681808612542688
5.2,0.7615741935961828,0.7370747892380519,0.7101117834457351,0.651630475016961,0.7061415789557859,0.647260972717917,0.7272301312739496,0.687832010558589,0.6822458566965054,0.659346039978184,0.7406201307064126,0.6833448240051774
5.22,0.7747477190460054,0.7508383369316568,0.7244474430166713,0.6671037212926272,0.720551399655338,0.6628044608405542,0.7412001281422924,0.7026225683148434,0.6971330812242323,0.6746950889029094,0.7543152420129627,0.6982198105977064
5.24,0.7875933173063235,0.7642828687161335,0.738476585470277,0.6822943596133885,0.7346570572973837,0.6780677278513346,0.7548563404395724,0.7171156894190123,0.7117261917764994,0.6897571423137858,0.7676887967482996,0.7127995010349459
5.26,0.8001055365213333,0.7774027293939821,0.7521932537987233,0.6971959564265032,0.7484525340554337,0.6930442875277322,0.7681929759684055,0.7313052271253793,0.726018959634558,0.7045258669401492,0.7807352140312902,0.7270777009654296
5.28,0.8122790663962943,0.7901924000327598,0.7655916237995488,0.7118022005810192,0.7619319448095361,0.707727775686825,0.7812043781387724,0.7451851635106657,0.7400052847145128,0.7189950523978349,0.7934490488772206,0.7410483443001583
5.3,0.8241087404404358,0.8026465003245811,0.7786660065358824,0.7261069060016393,0.7750895396190475,0.7221119528751004,0.7938850283601522,0.7587496120200997,0.7536791981322412,0.7331586138354794,0.8058249945507234,0.7547054957747295
5.32,0.8355895381487809,0.8147597908876876,0.7914108507390322,0.7401040143096418,0.7879197061371324,0.7361907070047315,0.8062295483750443,0.7719928199576404,0.767034864711452,0.7470105945291359,0.8178578848617931,0.7680433534555403
5.34,0.846716587121992,0.8265271755090048,0.803820745152468,0.7537875973897346,0.8004169719660893,0.7499580559352772,0.8182327025329132,0.7849091709193093,0.7800665854339625,0.760545168423954,0.8295426964036837,0.7810562511890621
5.36,0.8574851651233668,0.8379437033266328,0.8158904208162363,0.7671518599017535,0.8125760069526194,0.7634081499997749,0.8298894000036062,0.7974931871686366,0.7927687998312856,0.7737566426217044,0.8408745507315324,0.7937386609931996
5.38,0.8678907020721311,0.8490045709512544,0.8276147532908814,0.7801911417361409,0.8243916254221708,0.7765352744742144,0.8411946969293306,0.8097395319532248,0.8051360883166402,0.7866394598129608,0.8518487164805878,0.8060851953897692
5.4,0.8779287819722119,0.8597051245254783,0.838988764819959,0.7928999204121594,0.8358587883515092,0.7893338519894046,0.8521437985142913,0.82164301176147,0.81716317445651,0.7991882006527825,0.8624606114229619,0.8180906096771559
5.42,0.8875951447756868,0.8700408617201579,0.8500076264302615,0.8052728134178208,0.8469726054786912,0.801798444884261,0.8627320610511195,0.8331985785185023,0.8288449271808971,0.8113975860787775,0.8727058044618616,0.8297498041422273
5.44,0.8968856881801439,0.8800074336667703,0.8606666599688905,0.8173045804905376,0.8577283373496283,0.8139237574995678,0.8729549938832524,0.8444013317204316,0.8401763629314373,0.8232624795704507,0.8825800175622974,0.841057826210609
5.46,0.9057964693592047,0.889600646824964,0.8709613400763412,0.8289901258375306,0.8681213973004569,0.8257046384112893,0.8828082613024394,0.8552465205060102,0.8511526477465591,0.8347778893487787,0.8920791276173026,0.8520098725344462
5.48,0.9143237066254931,0.8988164647844223,0.8808872960947927,0.8403245002950459,0.8781473533749499,0.8371360826025268,0.8922876843805896,0.8657295456648456,0.8617690992828917,0.8459389705149862,0.9011991682487395,0.8626012910168035
5.5,0.9224637810253625,0.9076510100002154,0.8904403139108088,0.8513029034254673,0.8878019301762251,0.8482132335732406,0.901389242735194,0.8758459615813304,0.872021188772149,0.8567410271275259,0.9099363315417986,0.8728275827718762
5.5200000000000005,0.9302132378647154,0.9161005654608536,0.8996163377317022,0.8619206855514345,0.8970810106520318,0.8589313853868813,0.9101090762275827,0.8855914781134767,0.8819045429127345,0.8671795142163004,0.9182869697123446,0.8826844040202125
5.54,0.9375687881652842,0.9241615762882864,0.9084114717948203,0.8721733497260993,0.9059806378129185,0.8692859846531007,0.9184434865933122,0.8949619624058647,0.8914149456953393,0.8772500397331958,0.926247596706293,0.8921675679181739
5.5600000000000005,0.9445273100507655,0.9318306512691166,0.9168219820090506,0.8820565536386898,0.9144970163826075,0.8792726324457291,0.9263889390039965,0.9039534406359588,0.9005483401618225,0.8869483664380308,0.9338148897302411,0.9012730463208821
5.58,0.9510858500622321,0.9391045643163437,0.924844297527869,0.8915661114545679,0.9226265143799303,0.888887086155243,0.9339420635599338,0.9125620996930516,0.9093008300966914,0.8962704137190511,0.9409856907126186,0.9099969714779311
5.6000000000000005,0.957241624402275,0.9459802558609764,0.9324750122532743,0.9006979955890042,0.930365664631698,0.8981252612749633,0.9410996567128985,0.9207842887891375,0.91766868165052,0.905212259347145,0.9477570076946527,0.9183356376611674
5.62,0.9629920201073553,0.9524548341728876,0.9397108862699937,0.9094483384139159,0.9377111662159104,0.9069832331202525,0.947858682618507,0.9286165210010419,0.9256483248946712,0.9137701411629705,0.9541260161504846,0.9262855027238688
5.64,0.9683345961478773,0.958525576610321,0.9465488472093577,0.9178134338968403,0.9446598858347299,0.9154572384800098,0.9542162744175898,0.9360554747431596,0.9332363553067086,0.9219404586962358,0.9600900602358119,0.9338431895906805
5.66,0.9732670844555258,0.9641899307974933,0.9529859915422845,0.925789739171455,0.9512088591166751,0.9235436771997829,0.9601697354460309,0.9430979951701847,0.9404295351859148,0.9297197747163944,0.9656466539644638,0.9410054876776957
5.68,0.9777873908774352,0.9694455157297593,0.9590195858008308,0.9333738760389731,0.9573552918475157,0.9312391136958497,0.9657165403725706,0.9497410955092461,0.9472247949983548,0.9371048167140553,0.9707934823123577,0.9477693542420913
5.7,0.9818935960567945,0.9742901228058565,0.9646470677278082,0.9405626323997796,0.9630965611293754,0.9385402783996444,0.9708543362640907,0.9559819583208876,0.9536192346509522,0.9440924783124398,0.9755284022483178,0.9541319156607656
5.72,0.9855839562395178,0.9787217167867639,0.9698660473539806,0.9473529636146991,0.9684302164675789,0.9454440691319352,0.9755809435779383,0.9618179366883662,0.959610124694069,0.9506798206082524,0.9798494436912747,0.9600904686374447
5.74,0.9888569040066443,0.9827384366807549,0.9746743080023998,0.9537419937953228,0.9733539807848064,0.9519475524061861,0.9798943570808697,0.9672465553347673,0.9651949074521128,0.9568640734413618,0.9837548103934036,0.965642481337763
5.76,0.9917110489321601,0.986338596554248,0.9790698072194548,0.9597270170228392,0.9778657513621479,0.9580479646605653,0.9837927466942282,0.97226551166747,0.9703711980817153,0.9626426365927252,0.987242880748789,0.9707855944518419
5.78,0.9941451781659676,0.9895206862681017,0.9830506776322532,0.9653054984948609,0.9819636007066765,0.9637427134180916,0.9872744582650025,0.9768726767495205,0.9751367855570628,0.9680130809100203,0.9903122085272459,0.9755176221839321
5.8,0.9961582569417565,0.9922833721390254,0.9866152277319716,0.9704750755997539,0.9856457773451912,0.9690293783744387,0.9903380142624402,0.9810660961975107,0.979489633581977,0.9729731493604853,0.9929615235329586,0.9798365531687033
5.82,0.9977494290095651,0.9946254975258173,0.9897619425828517,0.9752335589180182,0.9889107065438061,0.973905712412947,0.9929821143999233,0.9848439910055794,0.9834278814283842,0.9775207580104975,0.9951897321876371,0.9837405513138042
5.84,0.9989180169928487,0.9965460833401721,0.9924894844565435,0.979578933150293,0.9917569909530956,0.978369642546422,0.9952056361818455,0.9882047582951927,0.9869498447008314,0.9816539969314549,0.9969959180379239,0.9872279565683414
5.86,0.9996635226699074,0.9980443284818329,0.9947966933915321,0.9835093579715947,0.9941834111785318,0.9824192707853316,0.9970076353752593,0.9911469719903886,0.9900540160267398,0.9853711310315633,0.998379342186824,0.9902972856169566
5.88,0.9999856271795533,0.999119610197898,0.9966825876774125,0.9870231688114242,0.9961889262759827,0.9860528749320367,0.9983873464060966,0.9936693834181984,0.9927390656721193,0.9886706008131578,0.9993394436489589,0.9929472324992146
5.9,0.9998841911509307,0.9997714843661258,0.9981463642638111,0.9901188775594132,0.9977726741720668,0.9892689093007305,0.9993441826797939,0.9957709218339981,0.9950038420824897,0.9915510230552267,0.9998758396294879,0.9951766691540422
5.92,0.9993592547574364,0.9999996857021151,0.9991873990937823,0.9927951731962111,0.9989339720091955,0.9920660053627844,0.9998777368261882,0.9974506948715613,0.9968473723487904,0.9940111914208374,0.9999883257265716,0.9969846458889936
5.94,0.9984110376947146,0.9998041278902676,0.99980524736154,0.9950509223493452,0.9996723164151586,0.9944429723172324,0.99998778086858,0.9987079889176314,0.9982688625980903,0.9960500769891962,0.9996768760572858,0.9983703917741426
5.96,0.9970399390827391,0.9991849036384811,0.9999996436944156,0.9968851697738164,0.9999873836971435,0.9963987975861569,0.9996742663168924,0.9995422694108494,0.9992676983089351,0.9976668287121104,0.9989416433069329,0.9993333149604403
5.98,0.9952465372920201,0.9981422846565454,0.9997705022589676,0.99829713875723,0.9998790299601086,0.9979326472347696,0.9989373241848867,0.9999531810649163,0.9998434445512047,0.9988607737946522,0.9977829587017287,0.999873002922405
6.0,0.9930315896940106,0.9966767215582533,0.9991179167911962,0.9992862314492886,0.9993472911494609,0.9990438663160118,0.9977772649314266,0.9999405480158908,0.9999958461503824,0.9996314179998571,0.9962013319048789,0.9999892226250395
6.0200000000000005,0.9903960323358177,0.9947888436872698,0.998042160550852,0.999852029115506,0.9983923830180201,0.9997319791395312,0.9961945783258173,0.9995043738935663,0.9997248277761678,0.9999784458773262,0.9941974508360938,0.9996819206149103
6.04,0.9873409795393546,0.9924794588668353,0.9965436861998557,0.9999942923150371,0.9970147010172833,0.9999966894649217,0.9941899332372737,0.998644841816891,0.9990304939553958,0.9999017209156319,0.9917721814146218,0.9989512230353472
6.0600000000000005,0.9838677234251003,0.9897495530734113,0.9946231256048816,0.9997129610025476,0.9952148201130322,0.9998378806191477,0.9917641773486091,0.9973623143134375,0.9979131290092581,0.999401285618461,0.9889265672259195,0.9977974355657584
6.08,0.9799777333606721,0.9866002900344122,0.9922812895641867,0.9990081545540799,0.992993494525362,0.9992556155381003,0.9889183367942629,0.9956573331629536,0.996373196914851,0.9984773615044623,0.9856618291121079,0.9962210432850853
6.1000000000000005,0.9756726553344376,0.9830330107501972,0.9895191674587992,0.9978801717169046,0.9903516573932356,0.9982501367322718,0.9856536157228204,0.993530619165061,0.9944113410911058,0.997130349030802,0.9819793646863956,0.9942227104594555
6.12,0.9709543112544334,0.9790492329405298,0.9863379268282148,0.9963294904833796,0.9872904203637028,0.9968218661765608,0.9819713957842098,0.990983071831199,0.9920283841091915,0.9953608274404563,0.9778807477716889,0.9918032802541212
6.140000000000001,0.9658246981728842,0.9746506504157435,0.9827389128707769,0.9943567678888698,0.9838110731059546,0.9949714051242537,0.977873235541792,0.9880157690009445,0.9892253273275067,0.9931695545333129,0.9733677277636377,0.9889637743698045
6.16,0.9602859874366481,0.9698391323728912,0.9787236478689526,0.9919628397338132,0.9799150827504121,0.992699533845262,0.973360869809591,0.9846299663828679,0.9860033504514131,0.9905574663611783,0.9684422289183972,0.9857053926036018
6.18,0.95434052376395,0.9646167226171738,0.9742938305397435,0.9891487202300505,0.9756040932530825,0.9900072112887236,0.9684362089149464,0.9808270970201226,0.9823638110178904,0.9875256768468254,0.9631063495654237,0.9820295123346314
6.2,0.9479908242477867,0.9589856387089943,0.9694513353105068,0.9859156015715714,0.9708799246854463,0.9868955746701105,0.9631013378868946,0.9766087706809876,0.978308243805326,0.9840754773272461,0.9573623612456525,0.9779376879346406
6.22,0.9412395772864279,0.9529482710369993,0.9641982115204896,0.982264853429854,0.9657445724501686,0.9833659389830155,0.9573585155706271,0.9719767731746263,0.9738383601686854,0.9802083360213091,0.9512127077754359,0.9734316501038186
6.24,0.9340896414414614,0.9465071818175071,0.9585366825484138,0.9781980223740171,0.9602002064229623,0.9794197964358228,0.9512101736683958,0.9669330655923474,0.9689560473003345,0.9759258974220512,0.9446600042366533,0.9685133051320935
6.26,0.9265440442238672,0.9396651040207613,0.9524691448664786,0.9737168312160279,0.9542491700209562,0.9750588158134983,0.9446589157072695,0.9614797834746881,0.9636633674168251,0.9712299816138679,0.9377070358934426,0.9631847340862273
6.28,0.9186059808086273,0.9324249402244623,0.9459981670211751,0.9688231782812424,0.947893979197959,0.9702848417647701,0.9377075159341834,0.955619235904671,0.9579625568719764,0.966122583514897,0.9303567570360171,0.9574481919230453
6.3,0.9102788126784184,0.9247897613950792,0.9391264885413494,0.9635191366045903,0.9411373213670354,0.9650998940149933,0.9303589181387382,0.9493539045276199,0.9518560251966244,0.9606058720449241,0.9226122897520902,0.951306106529176
6.32,0.9015660661969586,0.9167628055974587,0.931857018773967,0.957806953052743,0.9339820542508421,0.9595061665050365,0.9226162344042562,0.9426864424979461,0.9453463540654351,0.9546821892191699,0.9144769226264281,0.944761077687706
6.34,0.8924714311126075,0.9083474766332924,0.9241928356480735,0.9516890473726368,0.926431204660205,0.9535060264565446,0.9144827437876161,0.9356196733533515,0.9384362961912136,0.9483540491683474,0.9059541093691138,0.9378158759721802
6.36,0.8829987589928531,0.8995473426090232,0.9161371843674686,0.9451680111667551,0.9184879672014453,0.9471020133639786,0.9059618909284252,0.9281565898169224,0.9311287741471683,0.9416241370854149,0.8970474673731097,0.9304734415684162
6.38,0.873152061590347,0.8903661344338071,0.9076934760326507,0.9382466067956045,0.9101557029129937,0.9402968379138481,0.8970572845881155,0.9203003525276219,0.9234268791176202,0.9344953080994769,0.8877607762017576,0.9227368830246288
6.4,0.8629355091411784,0.8808077442481733,0.8988652861926042,0.9309277662078494,0.9014379378318641,0.9330933808315987,0.8877726961195862,0.912054288699715,0.9153338695776795,0.9269705860773203,0.878097976006863,0.9146094759303882
6.42,0.8523534285961,0.8708762237840605,0.8896563533270485,0.9232145896986014,0.8923383614905822,0.9254946916566321,0.8781120578680321,0.9034218907116981,0.906853169902438,0.9190531623530966,0.8680631658780636,0.9060946615249729
6.44,0.8414103017854608,0.8605757826569292,0.8800705772597847,0.9151103445963851,0.8828608253452007,0.917503987445982,0.8680794615036395,0.8944068146253208,0.8979883689062605,0.9107463943867019,0.8576606021241887,0.8971960452356932
6.46,0.8301107635186123,0.8499107865906821,0.8701120175038055,0.9066184638793474,0.8730093411350563,0.9091246514071848,0.857679156286848,0.8850128786353337,0.8887432183127826,0.902053804351427,0.8468946964873636,0.887917395146817
6.48,0.8184595996186008,0.8388857555761522,0.859784891538878,0.8977425447212849,0.8627880791749566,0.9003602314609253,0.8469155472669228,0.8752440614506131,0.8791216311562559,0.8929790776514881,0.8357700142906241,0.8782626403997256
6.5,0.8064617448929622,0.827505361963951,0.849093573022313,0.8884863469681112,0.8522013665805094,0.8912144387340584,0.8357931934145827,0.8651045006073486,0.8691276801149078,0.8835260613700694,0.8242912725198565,0.8682358695249867
6.5200000000000005,0.7941222810414951,0.8157744284924866,0.8380425899336835,0.878853791545413,0.8412536854273411,0.8816911459836483,0.8243168056894895,0.8545984907150085,0.8587655957770148,0.8736987626485503,0.8124633378408749,0.8578413287070438
6.54,0.7814464345018767,0.8036979262520014,0.8266366226542748,0.8688489587977622,0.8299496708449728,0.8717943859526809,0.8124912450434064,0.8437304816358171,0.8480397648404124,0.8635013469976041,0.8002912245525149,0.8470834199822498
6.5600000000000005,0.7684395742340447,0.7912809725854955,0.8148805019820727,0.8584760867604907,0.8182941090461541,0.8615283496581497,0.8003215203598679,0.8325050765985231,0.8369547282461981,0.8529381365408986,0.7877800924766051,0.8359666993710073
6.58,0.7551072094442798,0.7785288289274348,0.8027792070831354,0.8477395693646652,0.8062919352924824,0.8508973846122304,0.7878127863312445,0.8209270302472543,0.8255151792474077,0.8420136081921484,0.7749352447857476,0.8244958749448098
6.6000000000000005,0.7414549872499442,0.7654468985811658,0.7903378633802051,0.8366439545760166,0.7939482317971592,0.8399059929773005,0.7749703412740832,0.8090012466262756,0.8137259614134744,0.8307323917662982,0.7617621257698278,0.8126758048289839
6.62,0.7274886902858718,0.7520407244359881,0.7775617403794601,0.8251939424686098,0.781268225565765,0.8285588296555778,0.7617996248836645,0.7967327771015161,0.8015920665713092,0.8190992680256484,0.74826631854223,0.8005114951419947
6.640000000000001,0.7132142342534159,0.7383159866248586,0.7644562494363163,0.813394383234082,0.7682572861759596,0.8168607003141841,0.7483062159287139,0.7841268182197301,0.7891186326838636,0.8071191666617551,0.7344535426867336,0.7880080978721647
6.66,0.6986376654131923,0.7242785001237293,0.7510269414612292,0.8012502751272815,0.7549209234970397,0.8048165593464648,0.7344958298872429,0.7711887095062125,0.7763109416670662,0.7947971642139711,0.7203296518461164,0.7751709086927173
6.68,0.6837651580225783,0.7099342122935369,0.7372795045664625,0.7887667623491804,0.7412647853503124,0.7924315077704338,0.7203743165245317,0.7579239312019839,0.7631744171460507,0.7821384819255192,0.7059006312534885,0.7620053647160584
6.7,0.6686030117190527,0.6952892003658983,0.7232197616548156,0.7759491328679632,0.7272946551112682,0.7797107910652175,0.7059476574142639,0.7443381019414204,0.7497146221516153,0.7691484835380024,0.6911725952074272,0.7485170421882491
6.72,0.6531576488504753,0.6803496688735822,0.708853667951333,0.7628028161792076,0.7130164492545618,0.7666597969464216,0.6912219634038708,0.7304369763712898,0.7359372567578826,0.7558326730253119,0.676151784491998,0.7347116541246391
6.74,0.6374356117534513,0.665121947026855,0.6941873084790379,0.7493333810061088,0.6984362148428325,0.7532840530813509,0.6762034720251526,0.7162264427122242,0.7218481556621529,0.7421966922678824,0.6608445637427584,0.7205950478876619
6.76,0.6214435599809092,0.6496124860368132,0.6792268954797522,0.7355465329407268,0.6835601269604219,0.7395892247450567,0.6608985448512744,0.701712520263641,0.7074532857079668,0.7282463186682995,0.645257418759892,0.7061732027078124
6.78,0.605188267480087,0.6338278563868485,0.663978765781098,0.7214481120272439,0.668394486093068,0.7255811124181915,0.6453136648012554,0.6869013568531799,0.6927587433524223,0.71398746270927,0.6293969537696111,0.6914522271488571
6.8,0.5886766197221028,0.6177747450534079,0.6484493781107948,0.707044090288275,0.6529457154546777,0.7112656493276946,0.6294554333930948,0.6717992262317337,0.677770752078805,0.6994261654550044,0.6132698886350045,0.676438356518348
6.82,0.5719156107843364,0.6014599526772255,0.6326453103593767,0.692340569195257,0.6372203582623067,0.6966488989313355,0.6133305679466889,0.656412525415164,0.6624956597556273,0.684568595997066,0.5968830560175346,0.6611379502245263
6.84,0.5549123403868474,0.5848903906862399,0.6165732567925085,0.677343777084004,0.6212250749604913,0.6817370523471892,0.5969458987377283,0.6407477719738494,0.6469399359431843,0.6694210488457824,0.5802433984903865,0.6455574890807447
6.86,0.5376740108840878,0.5680730783714169,0.6002400252140518,0.6620600665165204,0.6049666403961008,0.6665364257291226,0.5803083661037798,0.6248116012711841,0.6311101691487607,0.6539899412683396,0.5633579656049138,0.629703572558539
6.88,0.5202079242131867,0.5510151399167222,0.583652534081105,0.6464959115901883,0.5884519409449045,0.6510534575894081,0.5634250175037809,0.6086107636522249,0.6150130640316436,0.6382818105746716,0.5462339109114369,0.6135829159905078
6.9,0.5025214788000785,0.5337238013845083,0.5668178095722232,0.6306579051954635,0.5716879715910617,0.635294706069578,0.5463030045321775,0.5921521215836525,0.5986554385591203,0.622303311352323,0.5288784889356566,0.597202347724198
6.92,0.4846221664248166,0.5162063876576007,0.5497429826100606,0.6145527562232554,0.5546818329607652,0.6192668461606985,0.528949579888991,0.5754426467462743,0.582044221114659,0.6060612126514544,0.5112990521119933,0.5805688062281744
6.94,0.46651756904736125,0.49847031933938274,0.5324352858397003,0.5981872867231589,0.5374407283112906,0.6029766668742146,0.5113720943070696,0.558489417081282,0.5651864475594893,0.5895623951211822,0.49350304767514874,0.5636893371515207
6.96,0.4482153555952195,0.4805231096131938,0.5149020505639373,0.5815684290137556,0.5199719604767198,0.5864310683645764,0.49357799343785663,0.5412996137915416,0.5480892582488214,0.5728138480984871,0.4754980145112204,0.5465710903380003
6.98,0.4297232787142685,0.46237236106238455,0.49715070363682606,0.5647032227461963,0.5022829287716292,0.5696370590048563,0.47557481469696217,0.5238805182991482,0.5307598950039636,0.5558226666509126,0.4572915799697262,0.5292213167961437
7.0,0.41104917148415676,0.44402576245237224,0.47918876431679813,0.5475988119223155,0.48438112585404547,0.552601752416595,0.45737018407089414,0.5062395091605701,0.513205698041612,0.5385960485743346,0.4388914566378776,0.5116473656265408
7.0200000000000005,0.39220094409966283,0.425491085476072,0.4610238410806751,0.5302624418685457,0.4662741345489931,0.5353323644551338,0.4389718128862953,0.48838405894066017,0.4954341028616099,0.5211412913470526,0.4203054390785007,0.4938566809076486
7.04,0.3731865805194166,0.40677618146408245,0.4426636283999437,0.5127014561669013,0.44796962463397816,0.5178362101517046,0.4203874945430487,0.4703217310468743,0.47745263709448726,0.5034657890415215,0.4015414005329832,0.475856798541414
7.0600000000000005,0.35401413508341106,0.3878889780610239,0.424115903480631,0.4949232935443436,0.4294753495877593,0.5001207006135688,0.40162510121264605,0.4520601765250267,0.4592689173101117,0.4855770291950277,0.38260728959066137,0.4576553430600582
7.08,0.3346917291007185,0.3688374758694476,0.40538852296818945,0.47693548472183567,0.4107991433037801,0.4821933398835233,0.3826925805031995,0.4336071308179505,0.44089064578879733,0.4674825896406358,0.36351112682605946,0.4392600243953691
7.1000000000000005,0.3152275474088777,0.34962974506273353,0.38648941961875405,0.4587456492244333,0.39194891676965393,0.46406172176009486,0.36359795209252305,0.41497041048842176,0.4223256072562336,0.4491901352997667,0.3442610014054227,0.4206786346118686
7.12,0.29562983490638345,0.3302739219684209,0.36742659893820395,0.44036149215374626,0.3729326547140983,0.44573352657977183,0.34434930433070743,0.3961579099077431,0.4035816655836112,0.4307074149377552,0.3248650676639897,0.4019190446052385
7.140000000000001,0.275906893059773,0.31077820562342096,0.34820813579044363,0.42179080092415777,0.35375841222273724,0.4272165179626272,0.32495479081362116,0.3771775979113872,0.3846667604543404,0.41204225788377885,0.305331541655454,0.38298920076739396
7.16,0.2560670763867611,0.29115085430258014,0.3288421709763337,0.4030414419641666,0.33443431132419876,0.40851853952272027,0.30542262692878686,0.3580375144231172,0.36558890399876764,0.39320257071654596,0.2856686976750977,0.3638971216196276
7.18,0.2361187889169343,0.27140018202205635,0.3093369077847214,0.3841213573842607,0.3149685375479545,0.3896475115446565,0.28576108637510794,0.33874576704900633,0.34635617739831037,0.3741963339171539,0.2658848647580707,0.34465089441524177
7.2,0.2160704806314919,0.2515345550190063,0.28970060851704,0.36503856161272935,0.2953693364553487,0.37061142762772337,0.26597849765790227,0.3193105276428136,0.3269767274604451,0.3550315984905332,0.24598842315430425,0.3252586717130981
7.22,0.1959306438835395,0.23156238820907116,0.2699415909869325,0.34580113800084233,0.2756450101452868,0.35141835129901317,0.24608324056074193,0.29974002884415,0.3074587631659967,0.3357164825569267,0.22598780078156644,0.3057286679235543
7.24,0.1757078098004539,0.21149214162316557,0.2500682249963924,0.3264172353988233,0.2558039137360595,0.33207641259696374,0.226083742595584,0.28004256059091925,0.2878105521901845,0.3162591679148359,0.20589146965816488,0.2860691558282305
7.26,0.1554105446698504,0.19133231682508378,0.2300889287899105,0.30689506470408456,0.23585445182478626,0.3125938046267755,0.20598847543269155,0.2602264666074947,0.2680404173988966,0.29666789657690684,0.18570794231681315,0.2662884630750883
7.28,0.13504744631066382,0.17109145331144554,0.21001216548812016,0.28724289538317926,0.21580507492597845,0.2929787800891424,0.1858059513118772,0.240300140870134,0.24815673332167254,0.2769509672802198,0.1654457682011972,0.24639496865030217
7.3,0.11462714043089389,0.15077812489550518,0.18984643950246824,0.26746905196892784,0.19566427589072402,0.2732396477837917,0.1655447194365558,0.22027202405111607,0.22816792260288316,0.2571167319724659,0.1451135300467615,0.22639709932841584
7.32,0.09415827697355446,0.13040093607636064,0.16960029293240889,0.2475819105342368,0.17544058630800857,0.25338476908928215,0.145213362352169,0.20015059994311143,0.20808245243261028,0.23717359227550616,0.12471984024725492,0.20630332610228802
7.34,0.07364952645237396,0.10996851839510693,0.14928230194666528,0.22758989514406766,0.15514257288969524,0.2334225544205716,0.12482049231048396,0.1799443918652972,0.1879088309587304,0.21712999592781126,0.10427333720860164,0.186122160594337
7.36,0.05310957627879015,0.08948952677947397,0.12890107315007351,0.20750147428708107,0.1347788338406893,0.2133614596658506,0.10437474762132981,0.15966195905274555,0.16765560368172402,0.19699443320728893,0.08378268169161844,0.16586215145060354
7.38,0.03254712708181324,0.068972635878505,0.10846523993755303,0.18732515728846488,0.11435799521582292,0.19320998260413735,0.08388478899329743,0.1393118930306045,0.14733134983372917,0.17677543333602713,0.06325655314515082,0.14553188071915601
7.4,0.011970889022286955,0.04842653638882913,0.08798345883675555,0.16706949070546018,0.09388870726500208,0.17297665930516207,0.06335929586497105,0.118902813974614,0.12694467874337192,0.1564815608684746,0.04270364603118757,0.1251399602143742
7.42,-0.00861042189685657,0.027859931374085465,0.06746440584093033,0.1467430547071104,0.07337964076815894,0.1526700605130665,0.04280696272822767,0.09844336705949532,0.10650422618791475,0.1361214120645822,0.02213266614350689,0.10469502786864589
7.44,-0.02918808752282333,0.007281532579059628,0.04691677273356059,0.12635445943978163,0.05283948336156146,0.13229878801543188,0.022236495445169653,0.0779422187967583,0.08601865073425563,0.11570361124946361,0.0015523269214276674,0.08420574407303108
7.46,-0.049753391246064906,-0.013299943259897576,0.026349263406325884,0.1059123413799684,0.032276935857032236,0.11187147099919198,0.00165660756025564,0.05740805336348359,0.06549663007033606,0.09523680716110328,-0.0190286542397835,0.06368078800842471
7.48,-0.07029762169273704,-0.03387577810661214,0.0057705901719572105,0.0854253596759641,0.01170070855563282,0.09139676239496516,-0.018923983390824895,0.03684956892362779,0.04494685732850038,0.07472966928766632,-0.039601559680255374,0.04312885396879153
7.5,-0.09081207641491762,-0.054437256317419226,-0.014810529926462899,0.06490219247990844,-0.008880482442624337,0.07088333521134967,-0.039496559573947196,0.01627547394341609,0.024378037402365996,0.05419088419596892,-0.06015767516706547,0.02255864767801154
7.5200000000000005,-0.11128806557704468,-0.0749756683325226,-0.035385378808191384,0.04435153327179744,-0.029457918931476607,0.05033987886073576,-0.06005240654947459,-0.004305516497629751,0.0037988832587607197,0.03362915185266812,-0.08068829358441813,0.0019788826019072007
7.54,-0.13171691563699234,-0.09548231436480757,-0.05594524104794171,0.023782087176988563,-0.05002288429196657,0.029775095478198132,-0.08058281696374053,-0.02488468439844832,-0.016781887753713195,0.013053181939718366,-0.10118471862088715,-0.018601723742990274
7.5600000000000005,-0.15208997302024377,-0.11594850808455828,-0.0764814075678547,0.003202567278783913,-0.07056666718528185,0.009197696235012248,-0.10107909423750838,-0.0454533125294294,-0.037355557597924895,-0.007528309834328542,-0.12163826845214677,-0.0391744534823732
7.58,-0.1723986077855914,-0.13636558029850185,-0.09698517932677972,-0.01737830907236951,-0.0910805652433246,-0.011383602351631031,-0.12153255624987357,-0.06600268812507147,-0.05791341124171325,-0.028106605425616445,-0.14204027941764877,-0.05973059207723055
7.6000000000000005,-0.19263421728082622,-0.1567248826216219,-0.11744787100528833,-0.03795182395147953,-0.11155588875544378,-0.03196008211116127,-0.14193453901603229,-0.08652410657474557,-0.07844674035006946,-0.04867298814731466,-0.16238210968966174,-0.08026143201547915
7.62,-0.21278822978685255,-0.1770177911401966,-0.13786081468485858,-0.058509262551860224,-0.13198396434977372,-0.05252302691284312,-0.16227640035736085,-0.10700887510998681,-0.09894684697444459,-0.06921874636140715,-0.18265514293312626,-0.10075827650062057
7.640000000000001,-0.2328521081486956,-0.19723571006449078,-0.15821536351968998,-0.07904191687665475,-0.15235613866761985,-0.07306372635811374,-0.18254952356225,-0.12744831648677848,-0.11940504723762378,-0.08973517716838143,-0.20285079195477052,-0.12121244313582846
7.66,-0.2528173533918611,-0.21737007536956757,-0.178502895399568,-0.0995410894274836,-0.1726637820293374,-0.09357347947046937,-0.20274532103615234,-0.14783377266124462,-0.13981267501260264,-0.11021359009325535,-0.22296050233994355,-0.14161526760193538
7.68,-0.27267550832251686,-0.2374123584226626,-0.19871481660225387,-0.11999809688863433,-0.1928982920901503,-0.11404359838135178,-0.22285523793928697,-0.16815660845721053,-0.1601610855939135,-0.13064531076636873,-0.24297575607560362,-0.1619581073277388
7.7,-0.2924181611099672,-0.2573540695955962,-0.2188425654338337,-0.1404042738052607,-0.21305109748436654,-0.13446541201046713,-0.24287075581046583,-0.1884082152240637,-0.18044165935984868,-0.15102168459738552,-0.2628880751579494,-0.182232345151094
7.72,-0.3120369488499079,-0.2771867618606868,-0.2388776158554929,-0.16075097625400087,-0.23311366145644355,-0.1548302697389741,-0.26278339617551044,-0.20858001448338379,-0.20064580542402524,-0.17133408044094955,-0.282689025183142,-0.20242939296921922
7.74,-0.331523561106953,-0.29690203436863133,-0.2588114810951798,-0.18102958550448328,-0.25307748547737013,-0.17512954507399706,-0.2825847241387156,-0.22866346156278164,-0.22076496527475345,-0.19157389425243895,-0.30237021891960847,-0.22254069537669566
7.76,-0.35086974343492816,-0.31649153600685614,-0.27863571724263003,-0.20123151167016318,-0.272934112844834,-0.1953546393029057,-0.30226635195586443,-0.24865004921541511,-0.24079061640066426,-0.2117325527322647,-0.32192331986039935,-0.24255773328959412
7.78,-0.37006730087344447,-0.335946968936808,-0.29834192682622657,-0.2213481973469335,-0.2926751322656487,-0.21549698513581272,-0.3218199425872499,-0.2685313112236457,-0.26071427590106316,-0.23180151695716986,-0.341340045754106,-0.2624720275542116
7.8,-0.38910810141926616,-0.35526009210870607,-0.31792176237018027,-0.24137112123798915,-0.3122921814189277,-0.23554805033475576,-0.3412372132292323,-0.28829882598531825,-0.2805275040794814,-0.25177228599699936,-0.36061217211282554,-0.28227514253888475
7.82,-0.4079840794710131,-0.3744227247522455,-0.33736692993053247,-0.2612918017633833,-0.33177695049849276,-0.2554993413280138,-0.3605099388228068,-0.3079442200811291,-0.3002219080189032,-0.27163640051538906,-0.37973153569569884,-0.3019586897073603
7.84,-0.4266872392457261,-0.3934267498417919,-0.3566691926084671,-0.28110180065277096,-0.351121185733022,-0.2753424068080413,-0.3796299555377101,-0.3274591718215899,-0.3197891451371605,-0.29138544635286123,-0.3986900379665319,-0.32151433117220435
7.86,-0.44520965816585323,-0.4122641175345815,-0.3758203740394587,-0.30079272651980254,-0.3703166928824431,-0.29506884131148814,-0.3985891642305955,-0.34683541477206853,-0.339220926720982,-0.311011058090805,-0.4174796485240411,-0.3409337832267526
7.88,-0.46354349021522795,-0.43092684858048,-0.39481236185677343,-0.32035623841665456,-0.38935534070909594,-0.31467028877978653,-0.41737953387579385,-0.36606474125442834,-0.3585090214372094,-0.33050492259483005,-0.4360924085032687,-0.3602088198541009
7.9,-0.48168096926261383,-0.4494070377018496,-0.41363711112785373,-0.33978404936720574,-0.40822906442219115,-0.3341384460988107,-0.43599310496722476,-0.38513900582376887,-0.377645258819688,-0.34985878253598734,-0.4545204339467177,-0.3793312762116539
7.92,-0.4996144123513994,-0.46769685694209717,-0.4322866477621353,-0.3590679298773418,-0.4269298690941088,-0.35346506661609406,-0.4544219928900105,-0.4040501287188093,-0.3966215327303602,-0.36906443988837,-0.47275591914378734,-0.3982930520897512
7.94,-0.5173362229540683,-0.48578855898148,-0.45075307188885144,-0.3781997114209128,-0.4454498330470918,-0.3726419636341273,-0.47265839126035925,-0.4227900992844399,-0.4154298047930922,-0.38811375940160897,-0.49079113993708295,-0.41708611534291495
7.96,-0.5348388941900455,-0.5036744804187616,-0.46902856120339453,-0.3971712898998709,-0.4637811112088977,-0.3916610138782496,-0.4906945752323119,-0.4413509793650014,-0.43406210779878623,-0.40699867204679535,-0.5086184569942026,-0.43570250529225557
7.98,-0.5521150120055787,-0.5213470450173345,-0.4871053742808122,-0.4159746290771086,-0.48191593843598934,-0.4105141609376729,-0.5085229047699484,-0.4597249066668527,-0.4525105490803311,-0.4257111784343605,-0.5262303190436153,-0.4541343360975975
8.0,-0.5691572583142861,-0.5387987669144241,-0.5049758538550513,-0.43460176398056044,-0.49984663280285896,-0.42919341867816746,-0.5261358278836659,-0.4779040980888016,-0.47076731385596565,-0.44424335220247346,-0.5436192660732547,-0.4723738000979071
8.02,-0.5859584140970572,-0.5560222537920266,-0.5226324300625392,-0.45304480427711247,-0.5175655988560904,-0.4476908746249848,-0.5435258838291566,-0.49588085301898444,-0.4888246685396392,-0.46258734337451657,-0.5607779324904762,-0.49041317111859295
8.040000000000001,-0.6025113624599853,-0.5730102100082246,-0.540067623648739,-0.4712959376148957,-0.5350653308317841,-0.46599869331456417,-0.5606857062677418,-0.5136475565968082,-0.5066749640169662,-0.48073538168421426,-0.5776990502420285,-0.5082448077442847
8.06,-0.618809091649041,-0.589755439687559,-0.5572740491363306,-0.48934743293254596,-0.5523384158349813,-0.4841091196136188,-0.5776080263867059,-0.531196682938565,-0.5243106388853905,-0.4986797798670132,-0.5943754518927327,-0.525861156555708
8.08,-0.6348446980202036,-0.6062508497691508,-0.5742444179536512,-0.5071916437340347,-0.569377536979741,-0.5020144820041836,-0.594285675978321,-0.5485207983253493,-0.5417242226571842,-0.5164129369163031,-0.6108000736615451,-0.5432547553292811
8.1,-0.6506113889637978,-0.6224894530112723,-0.590971541522098,-0.5248210113276752,-0.5861754764885417,-0.519707195833248,-0.610711590476257,-0.565612564351944,-0.5589083389239281,-0.5339273413031211,-0.6269659584137337,-0.5604182361980754
8.120000000000001,-0.6661024857817971,-0.6384643709511059,-0.6074483343011648,-0.5422280680279339,-0.6027251187496944,-0.5371797665255792,-0.626878811948085,-0.5824647410353231,-0.5758557084811325,-0.5512155741579523,-0.642866258607885,-0.5773443287728027
8.14,-0.6813114265168738,-0.6541688368184214,-0.6236678167898289,-0.5594054403186964,-0.6190194533314717,-0.5544247927583965,-0.6427804920426134,-0.599070189881461,-0.5925591524116743,-0.5682703124132917,-0.6584942391965063,-0.5940258632215143
8.16,-0.6962317687319919,-0.6695961984019566,-0.6396231184830274,-0.5763458519766417,-0.6350515779516784,-0.5714349695965307,-0.6584098948908018,-0.61542187690916,-0.6090115951267485,-0.5850843319056354,-0.6738432804789789,-0.610455773306698
8.18,-0.7108571922393795,-0.6847399208672694,-0.6553074807819497,-0.5930421271534058,-0.6508147014014053,-0.5882030915867587,-0.6737603999590293,-0.6315128756295932,-0.6252060673630406,-0.6016505104355834,-0.6889068809056648,-0.6266270993784885
8.2,-0.72518150177771,-0.6995935895248726,-0.670714259856936,-0.60948719341522,-0.6663021464217269,-0.6047220558099876,-0.6888255048535094,-0.6473363699803274,-0.6411357091348583,-0.6179618307847485,-0.703678659831976,-0.6425329913227317
8.22,-0.7391986296363647,-0.7141509125474844,-0.6858369294617517,-0.6256740847387575,-0.6815073525321286,-0.6209848648900127,-0.7035988280746548,-0.6628856572125534,-0.6567937726399634,-0.6340113836882159,-0.7181523602212302,-0.6581667114626422
8.24,-0.752902638225669,-0.7284057236352359,-0.700669083698057,-0.6415959444618906,-0.6964238788094604,-0.6369846299575569,-0.7180741117202363,-0.6781541507303326,-0.6721736251178841,-0.649792370761266,-0.7323218512951596,-0.6735216374128364
8.26,-0.7662877225920048,-0.742351984627712,-0.7152044397288964,-0.6572460281881312,-0.7110454066162448,-0.6527145735683482,-0.7322452241361824,-0.6931353828806267,-0.6872687516594881,-0.6652981073791465,-0.7461811311309421,-0.6885912648845218
8.28,-0.7793482128767406,-0.7559837880617101,-0.7294368404400554,-0.6726177066435164,-0.7253657422771814,-0.6681680325740007,-0.7461061625139054,-0.7078230076929536,-0.70207275796663,-0.68052202550865,-0.7597243292036553,-0.7033692104406636
8.3,-0.792078576717937,-0.769295359673643,-0.7433602570481657,-0.6877044684847277,-0.7393788197027157,-0.6833384609444674,-0.7596510554330457,-0.7222108035674953,-0.716579373060708,-0.6954576764903166,-0.7729457088730755,-0.717849214199957
8.32,-0.8044734215938086,-0.7822810608455241,-0.7569687916544454,-0.7024999230572515,-0.7530787029585593,-0.6982194325408925,-0.7728741653485585,-0.7362926759105226,-0.7307824519389767,-0.7100987337700714,-0.7858396698137725,-0.7320251424884572
8.34,-0.8165274971069441,-0.7949353909934874,-0.770256679743,-0.7169978031024266,-0.7664595887800764,-0.7128046438376708,-0.7857698910210962,-0.7500626597160189,-0.7446759781774962,-0.7244389955791386,-0.7984007503874619,-0.7458909904377562
8.36,-0.8282356972083336,-0.8072529898978494,-0.783218292622618,-0.7311919674122085,-0.7795158090304692,-0.727087916592566,-0.7983327698896472,-0.7635149220924125,-0.7582540664796118,-0.7384723875611073,-0.810623629956613,-0.7594408845285849
8.38,-0.8395930623602421,-0.819228639973705,-0.7958481398110354,-0.7450764034305545,-0.7922418331017225,-0.7410632004637637,-0.8105574803854364,-0.7766437647333464,-0.7715109651688882,-0.7521929653450248,-0.8225031311383396,-0.7726690850787881
8.4,-0.8505947816370256,-0.830857268481115,-0.8081408713606563,-0.7586452298002999,-0.8046322702572883,-0.7547245755727405,-0.8224388441860969,-0.7894436263314376,-0.7844410586254378,-0.7655949170634317,-0.8340342219976054,-0.7855699886745958
8.42,-0.8612361947629933,-0.8421339496739294,-0.8200912801247372,-0.7718926988544665,-0.8166818719155234,-0.7680662550118695,-0.8339718284091682,-0.8019090849340038,-0.797038869664619,-0.7786725658142715,-0.8452120181788212,-0.7981381305441788
8.44,-0.8715127940864581,-0.8530539068863551,-0.8316943039630873,-0.7848131990509372,-0.8283855338729078,-0.7810825872957022,-0.8451515477439815,-0.814034860239759,-0.8092990618570876,-0.7914203720656356,-0.8560317849749328,-0.8103681868724713
8.46,-0.8814202264891343,-0.8636125145563699,-0.8429450278863424,-0.7974012573494739,-0.8397382984661051,-0.7937680587548838,-0.8559732665210387,-0.8258158158355104,-0.8212164417892264,-0.8038329360023132,-0.8664889393331208,-0.8222549770562873
8.48,-0.8909542952300754,-0.8738053001851305,-0.8538386861379066,-0.8096515415300594,-0.850735356671947,-0.8061172958716852,-0.8664324007180024,-0.8372469613718987,-0.8327859612629932,-0.8159049998131688,-0.8765790517962573,-0.8337934658987685
8.5,-0.9001109617233737,-0.8836279462315444,-0.8643706642126783,-0.821558862451596,-0.861372050144457,-0.8181250675561761,-0.8765245199014488,-0.8483234546772728,-0.8440027194342544,-0.8276314499183605,-0.8862978483793047,-0.8449787657422455
8.52,-0.9088863472488659,-0.8930762919412064,-0.8745365008117091,-0.8331181762499924,-0.8716438731880447,-0.8297862873620592,-0.886245349103562,-0.8590406038087934,-0.8548619648886981,-0.8390073191354692,-0.8956412123798587,-0.8558061385385949
8.540000000000001,-0.917276734595118,-0.9021463351089181,-0.8843318897319643,-0.8443245864747128,-0.8815464746660391,-0.8410960156412332,-0.8955907706329754,-0.8693938690399016,-0.8653590976544523,-0.8500277887836151,-0.9046051861220643,-0.8662709978562283
8.56,-0.9252785696339995,-0.910834233774046,-0.8937526816903848,-0.8551733461628841,-0.8910756598437521,-0.8520494616361781,-0.9045568258189861,-0.8793788647833093,-0.8754896711505502,-0.8606881907246687,-0.9131859726331742,-0.8763689108228522
8.58,-0.9328884628261744,-0.9191363078480054,-0.902794886081482,-0.8656598598500813,-0.9002273921652897,-0.8626419855092673,-0.9131397166884166,-0.8889913614486965,-0.8852493940704202,-0.8709840093406958,-0.9213799372520278,-0.886095600003185
8.6,-0.940103190656875,-0.9270490406731708,-0.9114546726677132,-0.8757796855169373,-0.90899779496336,-0.8728691003081491,-0.9213358075744024,-0.8982272872343321,-0.8946341321996022,-0.8809108834467924,-0.9291836091687822,-0.8954469452108305
8.620000000000001,-0.9469196970013477,-0.9345690805125625,-0.91972837320193,-0.8855285364707525,-0.9173831531013545,-0.8827264738663724,-0.929141626656426,-0.9070827298518529,-0.9036399101669202,-0.8904646081385095,-0.9365936828952303,-0.9044189852535403
8.64,-0.9533350944193933,-0.94169324196967,-0.9276124829812051,-0.8949022831613158,-0.9253799145470041,-0.8922099306384408,-0.9365538674309498,-0.9155539381834761,-0.9122629131283722,-0.8996411365730728,-0.9436070196650952,-0.9130079196111279
8.66,-0.9593466653784565,-0.948418507337818,-0.9351036623313874,-0.9038969549301544,-0.9329846918769478,-0.9013154534685234,-0.9435693901120217,-0.9236373238709397,-0.9204994883830178,-0.9084365816836517,-0.950220648763695,-0.921210110045326
8.68,-0.9649518634047399,-0.9547420278784956,-0.9421987380217482,-0.9125087416924809,-0.9401942637115723,-0.9100391852920762,-0.9501852229612572,-0.931329462835499,-0.9283461469201869,-0.916847217825946,-0.9564317687864262,-0.9290220821408987
8.700000000000001,-0.9701483141618613,-0.9606611250281123,-0.9488947046091254,-0.9207339955511222,-0.947005576079518,-0.9183774307696471,-0.9563985635466412,-0.9386270967283372,-0.935799564897349,-0.9248694823563981,-0.9622377488255242,-0.936440526777359
8.72,-0.9749338164565938,-0.9661732915326706,-0.9551887257109923,-0.9285692323417464,-0.9534157437112727,-0.9263266578521746,-0.9622067799296113,-0.9455271343107714,-0.9428565850480183,-0.9324999771413551,-0.9676361295846015,-0.9434623015306736
8.74,-0.9793063431712659,-0.9712761925098696,-0.9610781352069157,-0.9360111331087336,-0.9594220512613041,-0.9338834992771209,-0.9676074117799207,-0.9520266527636733,-0.9495142180190996,-0.9397354699965483,-0.9726246244204935,-0.9500844320043506
8.76,-0.9832640421224202,-0.9759676664381947,-0.9665604383678896,-0.9430565455110662,-0.965021954458214,-0.9410447539947987,-0.9725981714178095,-0.9581228989255485,-0.9557696436371073,-0.9465728960562758,-0.9772011203119637,-0.9563041130893554
8.78,-0.9868052368453762,-0.9802457260725682,-0.971633312913073,-0.9497024851576401,-0.9702130811824283,-0.9478073885242946,-0.9771769447830442,-0.96381329045875,-0.9616202121027209,-0.9530093590717096,-0.9813636787548664,-0.9621187101523168
8.8,-0.9899284273043556,-0.984108559286183,-0.9762946099934744,-0.9559461368714353,-0.974993232470964,-0.9541685382384111,-0.9813417923304101,-0.969095416943332,-0.9670634451131734,-0.959042132637777,-0.9851105365833807,-0.9675257601515204
8.82,-0.9926322905278776,-0.9875545298381497,-0.9805423551021768,-0.9617848558820087,-0.9793603834488498,-0.9601255085770816,-0.9850909498512828,-0.9739670408980793,-0.9720970369119941,-0.9646686613480983,-0.9884401067169717,-0.9725229726802183
8.84,-0.9949156811691486,-0.990582178066644,-0.9843747489107103,-0.9672161689458024,-0.9833126841868045,-0.9656757761887473,-0.9884228292209267,-0.9784260987282827,-0.9767188552656622,-0.9698865618774866,-0.9913509788327616,-0.9771082309368112
8.86,-0.9967776319912115,-0.9931902215072513,-0.9877901680312207,-0.9722377753937942,-0.9868484604848106,-0.9708169899992142,-0.991336019071208,-0.9824707015998566,-0.9809269423667597,-0.9746936239915585,-0.9938419199630244,-0.9812795926214924
8.88,-0.9982173542766505,-0.9953775554362552,-0.990787165704112,-0.976847548106048,-0.98996621458125,-0.9755469722075293,-0.9938292853884318,-0.9860991362394295,-0.9847195156632386,-0.9790878114830207,-0.9959118750175537,-0.9850352907589762
8.9,-0.9992342381616753,-0.9971432533386313,-0.9933644724108697,-0.9810435344127493,-0.9926646257873043,-0.9798637192084647,-0.9959015720360553,-0.9893098656600681,-0.9880949686134506,-0.9830672630342409,-0.9975599672306794,-0.9883737344469573
8.92,-0.9998278528944452,-0.9984865673005541,-0.9955209964118061,-0.9848239569213436,-0.9949425510463463,-0.9837654024412111,-0.9975520012020536,-0.9921015298123269,-0.9910518713666228,-0.986630293005734,-0.9987854985327468,-0.9912935095299894
8.94,-0.999997947017521,-0.9994069283262484,-0.997255824208501,-0.9881872142694308,-0.9967990254180915,-0.987250369163925,-0.9987798737707471,-0.9944729461603505,-0.9935889713684879,-0.9897753921502344,-0.9995879498458977,-0.9937933791984954
8.96,-0.9997444484743714,-0.999903946579051,-0.9985682209307399,-0.9911318818030916,-0.998233262487299,-0.9903171431538004,-0.9995846696189353,-0.99642311018278,-0.9957051938918138,-0.9925012282520446,-0.9999669813040312,-0.9958722845126535
8.98,-0.9990674646398853,-0.9999774115465804,-0.9994576306477866,-0.9936567121803641,-0.999244654696853,-0.992964425332368,-0.9999660478362112,-0.9979511957982551,-0.9973996424916084,-0.9948066466913981,-0.9999224323968485,-0.9975293448509408
9.0,-0.9979672822748785,-0.9996272921299462,-0.9999236766038592,-0.9957606358996093,-0.9998327736050809,-0.9951910943157574,-0.9999238468693616,-0.9990565557153303,-0.9986715993848049,-0.9966906709335885,-0.9994543220379228,-0.9987638582831426
9.02,-0.9964443674046141,-0.998853736656958,-0.9999661613777088,-0.9974427617525463,-0.9999973700672011,-0.9969962068896906,-0.9994580845907929,-0.9997387217066563,-0.9995205257542694,-0.9981525029426659,-0.9985628485567634,-0.999575301867669
9.040000000000001,-0.9944993651213879,-0.9976570728193297,-0.9995850669662335,-0.998702377201764,-0.9997383743408219,-0.9983789984090036,-0.9985689582909544,-0.9999974048073121,-0.9999460619769999,-0.9991915235195182,-0.9972483896148785,-0.9999633318730533
9.06,-0.9921330993112623,-0.9960378075339055,-0.9987805547920917,-0.9995389486825473,-0.9990558961154479,-0.999338883121527,-0.9972568445947612,-0.9998324954372018,-0.9999480277764201,-0.9998072925642002,-0.9955115020458734,-0.9999277839235396
9.08,-0.9893465723050646,-0.993996626727967,-0.9975529656353135,-0.9999521218288928,-0.9979502244659814,-0.9998754544161904,-0.9955222993020514,-0.9992440634474659,-0.9995264222987059,-0.999999549262394,-0.9933529216196487,-0.9994686730686959
9.1,-0.9861409644537973,-0.9915343950487098,-0.9959028194889363,-0.9999417216236166,-0.996421827730238,-0.9999884849952435,-0.9933660571521473,-0.9982323580908868,-0.9986814241131092,-0.9997682121959259,-0.9907735627308017,-0.9985861937770243
9.120000000000001,-0.9825176336286406,-0.9886521554970176,-0.9938308153387285,-0.9995077524724908,-0.9944713533105284,-0.9996779269705209,-0.9907890315126187,-0.9967978079163015,-0.9974133911362799,-0.9991133793772906,-0.9877745180113611,-0.9972807198535711
9.14,-0.9784781146457592,-0.9853511289856826,-0.9913378308670922,-0.9986503982023789,-0.9920996273993906,-0.9989439118837125,-0.9877923139923801,-0.9949410205870637,-0.9957228604806202,-0.9980353282081694,-0.9843570578680191,-0.9955528042815716
9.16,-0.974024118616156,-0.9816327138222654,-0.9884249220812716,-0.9973700219833671,-0.9893076546295884,-0.9977867506506263,-0.984377173979287,-0.9926627826236379,-0.9936105482267318,-0.9965345153619579,-0.9805226299440584,-0.9934031789881957
9.18,-0.9691575322208477,-0.9774984851168087,-0.9850933228660268,-0.9956671661749298,-0.9860966176485252,-0.9962069334294729,-0.9805450581024258,-0.9899640590704274,-0.9910773491200553,-0.9946115765903569,-0.9762728585062007,-0.9908327545344957
9.200000000000001,-0.963880416911673,-0.9729501941146594,-0.981344444460955,-0.9935425520961891,-0.9824678766172527,-0.9942051294132216,-0.9762975896193257,-0.986845993086983,-0.988124336191829,-0.9922673264541029,-0.9716095437566357,-0.9878426197296849
9.22,-0.9581950080380668,-0.9679897674546789,-0.9771798748626921,-0.9909970797203699,-0.9784229686342856,-0.9917821865461206,-0.971636567728352,-0.9833099054637625,-0.9847527603045282,-0.9895027579779582,-0.9665346610705244,-0.984434041169913
9.24,-0.9521037139001731,-0.9626193063531566,-0.9726013781522348,-0.9880318272935771,-0.97396360708447,-0.9889391311645,-0.9665639668065729,-0.9793572940626476,-0.9809640496219765,-0.986319042230102,-0.9610503601592993,-0.9806084627017311
9.26,-0.9456091147286995,-0.9568410857137751,-0.9676108937476811,-0.9846480508780581,-0.9690916809131764,-0.9856771675620072,-0.9610819355734203,-0.9749898331824537,-0.9767598090043549,-0.9827175278261031,-0.9551589641601113,-0.976367504810477
9.28,-0.9387139615919385,-0.9506575531639986,-0.962210535582694,-0.9808471838201436,-0.9638092538261291,-0.9819976774794645,-0.9551927961805021,-0.9702093728497032,-0.9721418193283649,-0.9786997403576838,-0.9488629686518182,-0.9717129639338357
9.3,-0.9314211752304283,-0.9440713280182975,-0.9564025912110451,-0.9766308361430911,-0.9581185634152074,-0.9779022195195582,-0.948899043227948,-0.965017938034962,-0.9671120367328312,-0.9742673817465178,-0.9421650405979219,-0.9666468117008684
9.32,-0.9237338448197402,-0.9370852001686469,-0.9501895208376137,-0.9720007938650909,-0.9520220202105923,-0.9733925284866127,-0.9422033427077111,-0.9594177277950703,-0.9616725917900675,-0.9694223295233327,-0.9350680172169088,-0.9611711940968329
9.34,-0.9156552266619167,-0.9297021289027676,-0.9435739562762507,-0.9669590182427191,-0.945522206659657,-0.9684705146517268,-0.9351085308742629,-0.9534111143416304,-0.9558257886033528,-0.9641666360326279,-0.9275749047804677,-0.9552884305541475
9.36,-0.9071887428061162,-0.9219252416506133,-0.9365586998349527,-0.9615076449401637,-0.9386218760330363,-0.9631382629435825,-0.9276176130431729,-0.9470006420361509,-0.9495741038309029,-0.958502527563338,-0.9196888773400995,-0.9490010129698838
9.38,-0.8983379795990519,-0.9137578326596308,-0.9291467231288127,-0.9556489831245706,-0.9313239512583354,-0.9573980320652726,-0.9197337623180708,-0.9401890263122661,-0.9429201856367483,-0.9524324034058183,-0.9114132753826523,-0.942311604650206
9.4,-0.8891066861658298,-0.9052033615993585,-0.9213411658212574,-0.9493855144878954,-0.9236315236819764,-0.9512522535375159,-0.9114603182465371,-0.9329791525254926,-0.9358668525689653,-0.9459588348355419,-0.902751604415353,-0.9352230391822014
9.42,-0.8794987728218411,-0.8962654520959509,-0.9131453342940986,-0.9427198921956753,-0.9155478517597025,-0.9447035306686709,-0.9028007854054875,-0.925374074731007,-0.9284170923657344,-0.9390845640239482,-0.8937075334809403,-0.9277383192335814
9.44,-0.8695183094163706,-0.8869478901972524,-0.9045627002469628,-0.9356549397631655,-0.9070763596762957,-0.9377546374519807,-0.8937588319166541,-0.917377014389963,-0.9205740606897307,-0.9318125028769,-0.8842848936035173,-0.9198606152807631
9.46,-0.8591695236086304,-0.8772546227690704,-0.8955968992266973,-0.9281936498593168,-0.898220635895097,-0.9304085173905178,-0.884338287892788,-0.9089913590048992,-0.9123410797913839,-0.9241457318012373,-0.8744876761657951,-0.9115932642658663
9.48,-0.8484567990769475,-0.8671897558233235,-0.8862517290873677,-0.9203391830390987,-0.888984431637936,-0.9226682822503244,-0.8745431438152452,-0.9002206606848107,-0.9037216371015728,-0.9160874983999596,-0.8643200312184033,-0.902939768183198
9.5,-0.8373846736618582,-0.8567575527787802,-0.8765311483815057,-0.9120948664047112,-0.8793716592961199,-0.9145372107422786,-0.864377548843641,-0.8910686346404938,-0.8947193837543536,-0.9076412160965821,-0.8537862657219901,-0.8939037925958223
9.52,-0.825957837443906,-0.8459624326551163,-0.8664392746832849,-0.9034641921962437,-0.8693863907731519,-0.9060187471332468,-0.8538458090582893,-0.8815391576108045,-0.8853381330403408,-0.8988104626892486,-0.8428908417228548,-0.8844891650828435
9.540000000000001,-0.8141811307569494,-0.8348089682010605,-0.8559803828443387,-0.894450816312387,-0.8590328557598824,-0.8971164997871031,-0.8429523856361726,-0.871636266220495,-0.8755818587914055,-0.889598978835221,-0.8316383744628876,-0.8746998736180608
9.56,-0.8020595421378208,-0.8233018839574247,-0.845158903182955,-0.8850585567618163,-0.8483154399428238,-0.8878342396362419,-0.8317018929612107,-0.861364155270318,-0.8654546936973665,-0.8800106664663749,-0.8200336304246114,-0.8645400648806802
9.58,-0.7895982062132134,-0.8114460542558297,-0.8339794196074131,-0.8752913920459081,-0.8372386831463842,-0.8781758985842281,-0.8200990966696373,-0.8507271759601385,-0.8549609275553922,-0.8700495871363876,-0.8080815253121618,-0.8540140424988028
9.6,-0.7768024015246813,-0.7992465011539877,-0.8224466676742679,-0.865153459473472,-0.8258072774098144,-0.8681455678402582,-0.8081489116313018,-0.8397298340457862,-0.8441050054528527,-0.8597199603003017,-0.7957871219690532,-0.8431262652264268
9.620000000000001,-0.7636775482926796,-0.7867083923083987,-0.8105655325823937,-0.8546490534082138,-0.8140260649996737,-0.857747496186144,-0.7958563998677606,-0.8283767879304447,-0.8328915258843939,-0.8490261615272114,-0.783155628233621,-0.8318813450547424
9.64,-0.7502292061205897,-0.7738370387853797,-0.7983410471036374,-0.8437826234496726,-0.8019000363586646,-0.8469860881765492,-0.7832267684080346,-0.8166728466913812,-0.8213252388040286,-0.8379727206468122,-0.770192394733038,-0.8202840452585154
9.66,-0.7364630716397055,-0.7606378928113421,-0.7857783894509677,-0.8325587725483947,-0.7894343279916983,-0.8358659022732389,-0.770265367082943,-0.8046229680428463,-0.809411043613072,-0.8265643198306106,-0.7569029126168504,-0.8083392783783876
9.68,-0.7223849760961714,-0.7471165454632744,-0.7728828810850097,-0.8209822550561569,-0.7766342202900935,-0.8243916489141399,-0.7569776862589457,-0.7922322562360187,-0.7971539870847719,-0.8148057916085973,-0.7432928112309867,-0.7960521041399523
9.700000000000001,-0.7080008828809027,-0.733278724300411,-0.759659984459907,-0.8090579747120533,-0.7635051352948224,-0.8125681885180223,-0.743369354512458,-0.779505959896871,-0.7845592612265145,-0.8027021168222358,-0.7293678557332247,-0.783427727310481
9.72,-0.6933168850035261,-0.7191302909380831,-0.7461153007094535,-0.7967909825653002,-0.7500526343997573,-0.800400529425651,-0.7294461362456175,-0.7664494698028876,-0.7716322010805092,-0.7902584225146196,-0.7151339446511293,-0.77047149549421
9.74,-0.6783392025114197,-0.7046772385647869,-0.7322545672744889,-0.7841864748356481,-0.7362824159958897,-0.7878938257782769,-0.715213929244522,-0.7530683165995593,-0.7583782824638875,-0.7774799797587049,-0.7005971073834976,-0.7571888968671262
9.76,-0.6630741798549342,-0.6899256894035146,-0.718083655472549,-0.7712497907122919,-0.7222003130575158,-0.7750533753343716,-0.7006787621809604,-0.7393681684576379,-0.7448031196491682,-0.7643722014245281,-0.685763501646362,-0.7435855578522059
9.78,-0.6475282831999283,-0.6748818921184344,-0.7036085680108107,-0.7579864100922286,-0.7078122906714169,-0.7618846172255266,-0.6858467920587046,-0.725354828672134,-0.7309124629860776,-0.7509406398863616,-0.6706394108646431,-0.7296672407360928
9.8,-0.6317080976887326,-0.6595522191679987,-0.6888354364433807,-0.744401951259006,-0.693124443510077,-0.7483931296524629,-0.670724301605438,-0.7110342332040724,-0.7167121964657251,-0.7371909846707716,-0.6552312415105498,-0.7154398412282255
9.82,-0.6156203246507268,-0.6439431641056265,-0.6737705185740027,-0.7305021685028527,-0.6781429932500078,-0.73458462752214,-0.6553176966114354,-0.6964124481660604,-0.7022083352281729,-0.723129060046586,-0.6395455203898535,-0.7009093859634505
9.84,-0.5992717787636961,-0.628061338829077,-0.6584201958052922,-0.7162929496832009,-0.6628742859362775,-0.720464960026949,-0.6396335032161048,-0.6814956672527139,-0.6874070230144496,-0.708760822557778,-0.6235888918771951,-0.6860820299491707
9.86,-0.5826693851671773,-0.611913470779706,-0.6427909704356091,-0.7017803137346226,-0.6473247892943595,-0.7060401081670306,-0.6236783651435572,-0.6662902091170522,-0.6723145295640919,-0.6940923585003241,-0.6073681151015848,-0.6709640539581211
9.88,-0.5658201765290093,-0.5955064000927675,-0.6268894629047235,-0.6869704081172519,-0.6315010899904351,-0.691316182216754,-0.6074590408883666,-0.650802514693951,-0.656937247959314,-0.6791298813440949,-0.5908900610832982,-0.6555618618678707
9.9,-0.5487312900663378,-0.578847076699984,-0.6107224089894395,-0.6718695062127567,-0.6154098908413163,-0.6762994191364438,-0.5909824008527099,-0.6350391444718023,-0.6412816919169276,-0.6638797291008812,-0.5741617098233632,-0.6398819779481781
9.92,-0.5314099645223354,-0.5619425573856086,-0.5942966569503584,-0.6564840046669758,-0.5990580079751683,-0.6609961799304349,-0.5742554244361129,-0.6190067757135349,-0.6253544930291672,-0.6483483616396596,-0.5571901473468978,-0.6239310440973455
9.94,-0.5138635370999154,-0.5448000027972223,-0.5776191646309946,-0.6408204206803403,-0.5824523679442345,-0.6454129469525901,-0.5572851970790142,-0.6027121996281641,-0.6091623979545808,-0.6325423579502389,-0.5399825627015246,-0.6077158170287532
9.96,-0.49609944035373454,-0.5274266744125335,-0.5606969965104796,-0.6248853892472295,-0.5656000047907845,-0.6295563211604114,-0.5400789072614198,-0.5861623184940783,-0.5927122655601795,-0.616468413356453,-0.5225462449121488,-0.5912431654087539
9.98,-0.4781251990418117,-0.5098299314634687,-0.5435373207110882,-0.6086856603454299,-0.5485080570675334,-0.6134330193189155,-0.5226438434579065,-0.5693641427352777,-0.5760110640160585,-0.6001333366800723,-0.5048885798933905,-0.5745200669471479
10.0,-0.4599484269380841,-0.4920172278188561,-0.5261474059618685,-0.5922280960768859,-0.5311837648137899,-0.5970498711554492,-0.5049873910502696,-0.5523247879518014,-0.5590658678437179,-0.583544047356636,-0.4870170473209663,-0.5575536054414639
10.02,-0.44157682360726447,-0.473996108827018,-0.5085346185196479,-0.5755196677609604,-0.5136344664886157,-0.5804138164666556,-0.48711702919912314,-0.5350514719056038,-0.5418838549193348,-0.5667075725044293,-0.4689392174633566,-0.5403509677763089
10.040000000000001,-0.423018171143347,-0.45577420811961683,-0.4907064190487376,-0.5585674529814257,-0.49586759586229606,-0.5635319021788234,-0.4690403276757699,-0.5175515114631543,-0.5244723034332512,-0.5496310439478501,-0.450662747975103,-0.5229194408790449
10.06,-0.40428033087316456,-0.4373592443780968,-0.4726703594606349,-0.5413786325884457,-0.47789067886743547,-0.546411279362844,-0.4507649436556972,-0.49983231949606105,-0.5068385888069755,-0.5323216951964163,-0.4321953806530813,-0.5052664086330905
10.08,-0.3853712400263804,-0.41875901806410953,-0.4544340797150858,-0.5239604876568118,-0.459711330411017,-0.5290592002050647,-0.43229861847504486,-0.48190140174102036,-0.4889901805689941,-0.5147868583807045,-0.41354493815713755,-0.4873993487501541
10.1,-0.3662989083733252,-0.3999814081152917,-0.43600530458384257,-0.5063203964017298,-0.44133725114877054,-0.5114830149353073,-0.41364917435142223,-0.46376635362044,-0.4709346391907213,-0.4970339611465157,-0.3947193206964666,-0.4693258296027182
10.120000000000001,-0.34707141483210757,-0.3810343686078006,-0.41739184037849403,-0.4884658310534501,-0.4227762242232189,-0.49369016871334914,-0.39482451107046823,-0.44543485702505997,-0.4526796128839269,-0.4790705235085714,-0.37572650268314356,-0.4510535070181251
10.14,-0.32769690404643625,-0.36192592538702206,-0.3986015716437694,-0.4704043546920832,-0.40403611196678474,-0.4756881984752058,-0.3758326026395482,-0.42691467705995384,-0.4342328343609972,-0.4609041546650925,-0.3565745293542236,-0.43259012103561406
10.16,-0.3081835829356023,-0.3426641726678765,-0.3796424578176834,-0.4521436180439245,-0.3851248525713529,-0.4574847297405245,-0.3566814939100176,-0.40821365875528065,-0.41560211755940124,-0.44254254977459434,-0.33727151336383443,-0.41394349262768926
10.18,-0.28853971721807264,-0.3232572696061647,-0.36052252985997685,-0.4336913562406554,-0.36605045672569825,-0.4390874733824665,-0.33737929716947296,-0.38933972374317705,-0.3967953543317544,-0.42399348669627146,-0.3178256313467192,-0.3951215203872041
10.200000000000001,-0.2687736279101915,-0.30371343684240804,-0.341249886850248,-0.4150553855427924,-0.3468210042222053,-0.4205042223614212,-0.31793418870543594,-0.3703008669022036,-0.37782051110287507,-0.4052648226953515,-0.29824512045467255,-0.37613217718156217
10.22,-0.24889368780144408,-0.28404095301963644,-0.3218326925572307,-0.39624360002876896,-0.32744464053431516,-0.40174284842396113,-0.2983544053419327,-0.35110515297076567,-0.3586856254952517,-0.3863644911148107,-0.278538274867339,-0.3569835067754652
10.24,-0.22890831790780086,-0.2642481512766139,-0.3022791719806754,-0.3772639682510531,-0.3079295733661546,-0.382811298768419,-0.2786482409504247,-0.3317607131309406,-0.33939880292435604,-0.36730049801486614,-0.2587134422788618,-0.33768362042362
10.26,-0.20882598390462032,-0.24434341571797374,-0.2825976078672934,-0.35812452986072046,-0.28828406917579746,-0.3637175926784961,-0.2588240429365788,-0.3122757415641599,-0.3199682131652358,-0.3480809187816595,-0.23877902036185694,-0.3182406934348623
10.28,-0.18865519254065227,-0.22433517786277124,-0.26279633720223144,-0.3388333922019068,-0.2685164496736457,-0.3444698181263535,-0.23889020870435695,-0.2926584919802088,-0.30040208689184655,-0.32871389470658147,-0.21874345321021857,-0.2986629617091506
10.3,-0.16840448803462535,-0.20423191307294836,-0.24288374767758175,-0.3193987268775931,-0.24863508829740255,-0.32507612834658794,-0.2188551820989282,-0.2729172741210015,-0.28070871219058685,-0.3092076295376785,-0.19861522776225804,-0.27895871824888274
10.32,-0.14808244845596924,-0.1840421369632232,-0.22286827413940383,-0.2998287662881637,-0.22864840666513483,-0.305544738382578,-0.19872744982991453,-0.25306045024062973,-0.26089643104951626,-0.2895703860045935,-0.17840287020570098,-0.259136309646038
10.34,-0.12769768209120538,-0.1637744017939353,-0.20275839501478143,-0.2801318001442141,-0.20856487100792512,-0.28588392160663995,-0.17851553787646857,-0.23309643156316484,-0.2409736358247384,-0.2698104823185365,-0.15811494236604756,-0.23920413254660827
10.36,-0.10725882379752531,-0.1434372928483645,-0.18256262872041018,-0.2603161719550823,-0.18839298858363068,-0.26610200621547975,-0.15822800787572439,-0.2130336747197159,-0.22094876568544813,-0.24993628864874448,-0.13776003807984552,-0.21917063009383597
10.38,-0.08677453134512113,-0.12303942479606135,-0.16228953005424912,-0.24039027549459466,-0.16814130407325936,-0.2462073717024181,-0.1378734534961454,-0.19288067816625573,-0.20083030303915383,-0.22995622357692846,-0.1173467795543991,-0.19904428835174715
10.4,-0.06625348174980847,-0.10258943804373105,-0.14194768657176868,-0.22036255124551052,-0.14781839596149465,-0.2262084453078919,-0.11746049679729352,-0.17264597858372505,-0.18062676993857807,-0.2098787505312253,-0.09688381371546038,-0.17883363271050892
10.42,-0.04570436759749882,-0.0820959950752084,-0.12154571494830702,-0.20024148282419402,-0.12743287290290253,-0.2061136984497288,-0.09699778457758781,-0.15233814726195335,-0.16034672447177067,-0.1897123742011423,-0.0763798085444513,-0.15854722427512885
10.44,-0.02513589336207301,-0.06156777678209468,-0.10109225732910891,-0.18003559338700678,-0.10699337007535877,-0.18593164313470514,-0.07649398471157189,-0.13196578646891113,-0.13999875713695284,-0.16946563693502856,-0.055843449406764376,-0.13819365623902383
10.46,-0.004556771718222691,-0.04101347878658305,-0.08059597766856193,-0.15975344201994796,-0.0865085455222405,-0.16567082835291247,-0.05595778247825332,-0.11153752580684331,-0.11959148720363573,-0.14914711512159096,-0.03528343537270321,-0.11778155024399863
10.48,0.016024280149182096,-0.020441807758054487,-0.06006555806020297,-0.13940362011308705,-0.06598707648493393,-0.14533983645645987,-0.035397876882081396,-0.0910620185568296,-0.09913355906155048,-0.12876541555699378,-0.014708475532611787,-0.09731955272816845
10.5,0.03659854423764101,0.00013852227501824497,-0.03950969505903621,-0.11899474772130048,-0.04543765572720576,-0.12494727952404623,-0.014822976968098516,-0.0705479380133021,-0.07863363855893847,-0.10832917179907972,0.005872714692235464,-0.07681633126338513
10.52,0.057157305419910764,0.02071879361626635,-0.018937095997728658,-0.09853546991287672,-0.02486898785300467,-0.10450179571293382,0.0057582018671526874,-0.05000397381009971,-0.0581004093317519,-0.08784704051024593,0.026451417241432802,-0.056280570883711356
10.540000000000001,0.07769185513567982,0.041290288594190504,0.0016435247017595226,-0.07803445310751521,-0.004289785619245071,-0.08401204559988015,0.026336941567417987,-0.029438828239586986,-0.03754256912531814,-0.06732769779054157,0.04701891510834803,-0.03572097040648728
10.56,0.09819349508045781,0.06184429325491064,0.022223449219554697,-0.05750038140528788,0.01629123375486355,-0.06348670851257335,0.046904525109641465,-0.008861212566427072,-0.016968826110028472,-0.04677983550252816,0.06756649603259371,-0.015146238747574826
10.58,0.11865354089012234,0.08237210105333753,0.04279396003067458,-0.03694195290811343,0.03686535228037558,-0.04293447885312129,0.06745224019644842,0.011720156662463859,0.003612104807385568,-0.02621215758946458,0.08808545619048269,0.005434908767691717
10.6,0.13906332581956257,0.10286501654120796,0.0633463435977223,-0.01636787603528964,0.05742385489149503,-0.022364062415160573,0.08797138294661046,0.032296561310181805,0.024191505675437062,-0.005633376388372923,0.1085671038819068,0.026013754096255812
10.620000000000001,0.15941420441385587,0.12331435905042294,0.0838718940618877,0.0042131341653322005,0.07795803313722294,-0.00178417269613323,0.10845326158195982,0.05285928534278966,0.04476065919075115,0.01494779106045142,0.1290027632120889,0.04658158017025238
10.64,0.1796975561704261,0.14371146637012008,0.10436191693068725,0.024792359708985936,0.09845918887020448,0.018796472793691052,0.12888920010916974,0.07339961852137043,0.06531085239065958,0.03552262670592023,0.14938377776663142,0.06712967458949949
10.66,0.19990478919063745,0.16404769841593447,0.12480773276089972,0.045361083366875124,0.11891863793120519,0.039369156223899464,0.14927054199485018,0.0939088600916293,0.08583338034395903,0.05608241517906302,0.16970151427831867,0.08764933331201638
10.68,0.22002734381926475,0.18431444088987856,0.14520068083512716,0.06591059235873735,0.13932771382767153,0.059925163136758,0.1695886538324006,0.11437832246947618,0.10631954983826476,0.07661844748480158,0.1899473662841088,0.1081318643410009
10.700000000000001,0.24005669627030937,0.20450310892930232,0.16553212283041122,0.08643218204351882,0.15967777140479916,0.08045578613859221,0.1898349289990661,0.13479933492103488,0.1267606830624008,0.09712202469102117,0.21011275777077748,0.1285685914067047
10.72,0.25998436223762267,0.2246051507433905,0.18579344647737758,0.10691715960660664,0.17996019050756665,0.10095232858819339,0.2100007913016466,0.15516324723550917,0.1471481212822672,0.11758446161338271,0.2301891468076649,0.1489508576416447
10.74,0.27980190048880244,0.24461205123564006,0.2059760692083388,0.12735684774204784,0.20016637963218079,0.12140610828065233,0.23007769860931948,0.1754614333893572,0.1674732285086227,0.13799709049431338,0.2501680291649753,0.16927002924759946
10.76,0.2995009164408474,0.2645153356108086,0.22607144179281388,0.1477425883282044,0.2202877795653812,0.14180846112509202,0.25005714647203386,0.1956852952002187,0.187727395155239,0.15835126467461014,0.27004094191611766,0.18951749915282973
10.78,0.31907306571604577,0.2843065729647753,0.24607105195892842,0.16806574609527497,0.24031586701007002,0.1621507448147203,0.2699306717229346,0.21582626596905036,0.2079020416858652,0.17863836225610633,0.28979946702254467,0.20968469065798
10.8,0.33851005767660575,0.30397737985581913,0.2659664279991589,0.18831771228314342,0.26024215819572716,0.18242434248765485,0.28968985606331465,0.23587581410892863,0.2279886222484662,0.19884978975386,0.309435234899582,0.22976306106911235
10.82,0.35780365893651056,0.3235194238557956,0.28574914235889287,0.2084899082879897,0.280058212472081,0.20262066637697324,0.3093263296285462,0.25582544675897245,0.2479786282951906,0.21897698573628951,0.3289399279617273,0.24974410531634106
10.84,0.37694569684913326,0.3429244270796955,0.30541081520628915,0.22857378929613853,0.2997556358845157,0.2227311614484353,0.3288317745335054,0.2756667133818668,0.26786359218653943,0.2390114244517452,0.34830528414592604,0.2696193595565232
10.86,0.3959280629691167,0.3621841696921058,0.32494311798192343,0.24856084790358124,0.31932608472969615,0.24274730902434152,0.34819792839597413,0.2953912093434532,0.28763509077820276,0.25894461943996594,0.3675231004113306,0.2893804047584907
10.88,0.41474271648705735,0.3812904933890765,0.34433777692670825,0.26844261771966293,0.33876126908990856,0.2626606303919912,0.36741658783653236,0.3149905794728846,0.3072847489890536,0.2787681271268833,0.3865852362140514,0.30901887026929514
10.9,0.4333816876355432,0.4002353048539308,0.36358657658660615,0.2882106769533899,0.3580529563446158,0.2824626903952117,0.3864796119534594,0.334456521601819,0.32680424334877567,0.29847355040126977,0.4054836169554439,0.3285264373599689
10.92,0.4518370810650962,0.4190105791855383,0.3826813632926478,0.30785665198084666,0.3771929746577454,0.302145101007437,0.4053789257711666,0.35378079008116375,0.34618530552363547,0.3180525421716973,0.4242102374024515,0.3478948427492788
10.94,0.4701010791885909,0.4376083632976133,0.40161404861476907,0.32737222089220624,0.39617321643922543,0.32169952488482134,0.4241065236607034,0.3729551992738835,0.36541972581889376,0.33749680890231626,0.44275716507857454,0.36711588210400514
10.96,0.48816594549273606,0.45602077928759077,0.4203766127880205,0.34674911701684485,0.4149856417793097,0.3411176788978835,0.44265447273089664,0.3919716270223821,0.38449935665638196,0.3567981141259385,0.4611165436240158,0.38618141351424357
10.98,0.5060240278152124,0.47424002777365487,0.4389611081096889,0.365979132425046,0.4336222818542326,0.3603913376401948,0.4610149161886656,0.41082201808899865,0.40341611602576455,0.37594828193295815,0.47928059612358137,0.4050833609422646
11.0,0.5236677615860755,0.49225839119851056,0.4573596623058951,0.3850541214048287,0.45207524230175045,0.37951233691260083,0.4791800766671147,0.42949838756815195,0.42216199090802675,0.3949392004346109,0.4972416284009382,0.42381371764347553
11.02,0.5410896730320671,0.5100682370984878,0.47556448186623623,0.4039660039124208,0.4703367065651456,0.3984725771815278,0.4971422595199766,0.44799282426869846,0.44072904066973745,0.41376282519911783,0.5149920322778107,0.44236454955802007
11.040000000000001,0.5582823823424519,0.5276620213366058,0.4935678553450687,0.4227067689949093,0.488398939204267,0.41726402700989534,0.5148938560810107,0.46629749406505816,0.4591094004266547,0.43241118265925466,0.5325242887967601,0.4607279986716039
11.06,0.5752386067950611,0.5450322912982206,0.5113621566280261,0.4412684781836335,0.5062542891722177,0.43587872645917897,0.5324273468869904,0.48440464321570803,0.4772952843752363,0.4508763734899099,0.5498309714061668,0.4788962863440932
11.08,0.5919511638412048,0.5621716890479074,0.5289398481623957,0.4596432688568685,0.5238951930562854,0.45430879046119144,0.5497353048628983,0.5023066016476083,0.4952789890906586,0.4691505759541803,0.5669047491060707,0.49686171660449713
11.1,0.6084129741481551,0.5790729544462316,0.5462934841499751,0.4778233575703799,0.5413141782817589,0.4725464121581457,0.5668103984679864,0.5199957862052029,0.5130528967899403,0.4872260492166129,0.583738389553534,0.5146166794109389
11.120000000000001,0.6246170645979091,0.5957289282251023,0.5634157137010662,0.4958010433544442,0.5585038662772625,0.4905838662095921,0.5836453948013716,0.537464703862594,0.530609478558784,0.5050951366221745,0.6003247621262177,0.5321536538742115
11.14,0.6405565712409534,0.612132555020386,0.5802992839482624,0.513568710975929,0.5754569756002701,0.508413512064822,0.6002331626658479,0.5547059548975406,0.5479412975407767,0.5227502689395591,0.6166568409428662,0.5494652114435881
11.16,0.6562247422037892,0.628276886360521,0.5969370431187203,0.5311188341640559,0.5921663250214803,0.5260277971993564,0.6165666755886119,0.5717122360259331,0.5650410120875959,0.5401839675674663,0.6327277078394251,0.5665440190534992
11.18,0.6716149405489871,0.6441550836098417,0.6133219435636053,0.548443978798482,0.6086248365667386,0.5434192603141478,0.6326390147976348,0.5884763434954173,0.5819013788688847,0.5573888477024924,0.6485305552995353,0.5833828422297797
11.200000000000001,0.6867206470865459,0.6597604208653813,0.6294470447434285,0.5655368060583476,0.6248255385152208,0.5605805344961399,0.6484433721524102,0.6049911761368574,0.5985152559404814,0.5743576214672813,0.664058689338149,0.5999745481541436
11.22,0.7015354631353846,0.6750862878059211,0.6453055161680163,0.582390075530951,0.6407615683526121,0.5775043503388427,0.66397305302784,0.621249738372349,0.6148756057696985,0.5910831009976254,0.6793055323370616,0.6163121086855999
11.24,0.7160531132337798,0.6901261924920816,0.6608906402898631,0.5989966482787443,0.6564261756780218,0.5941835390216083,0.6792214791500303,0.6372451431785005,0.6309754982163803,0.6075582014871986,0.6942646258311496,0.6323886033375292
11.26,0.7302674477976142,0.7048737641162686,0.6761958153496389,0.6153494898633369,0.6718127250634114,0.6106110353462976,0.6941821913828108,0.6529706150037284,0.6468081134684643,0.623775944188637,0.7089296332441325,0.648197222209158
11.28,0.7441724457252982,0.7193227557013011,0.691214558172656,0.631441673325245,0.6869146988643197,0.6267798807300546,0.7088488524637834,0.6684194926383437,0.6623667449308097,0.6397294593696893,0.7232943425727089,0.663731268870188
11.3,0.7577622169482708,0.733467046746598,0.7059405069150969,0.6472663821181034,0.701725699980695,0.6426832261529131,0.723215249688744,0.6835852320361931,0.6776448020660688,0.655411989223192,0.7373526690179208,0.6789841631973614
11.32,0.7710310049259989,0.7473006458207775,0.7203674237588544,0.6628169129961116,0.7162394545666659,0.6583143350590034,0.7372752975433449,0.6984614090866783,0.6926358131863972,0.6708168907296334,0.751098657562637,0.6939494441617596
11.34,0.7839731890844042,0.760817693099593,0.7344891975538297,0.6780866788534858,0.7304498146881028,0.6736665862101118,0.7510230402808812,0.7130417223359649,0.7073334281948199,0.6859376384710949,0.7645264854940567,0.7086207725656557
11.36,0.7965832871967096,0.7740124628481154,0.7482998464065751,0.6930692115147185,0.7443507609268424,0.6887334764903931,0.7644526544451068,0.7273199956562433,0.7217314212750892,0.7007678273953785,0.7776304648701788,0.7229919337277538
11.38,0.8088559577056703,0.7868793658461177,0.7617935202141898,0.7077581644744518,0.757936404930477,0.7035086236610542,0.7775584513370114,0.7412901808618911,0.7358236935289036,0.7153011755291423,0.7904050449291756,0.7370568401156947
11.4,0.8207860019862269,0.7994129517556361,0.7749645031423821,0.7221473155858192,0.7712009919066194,0.7179857690638236,0.7903348794245204,0.7549463602714508,0.7496042755593606,0.7295315266389069,0.8028448144406586,0.750809533924688
11.42,0.8323683665476065,0.8116079114296954,0.7878072160466628,0.7362305696961048,0.7841389030606004,0.7321587802720844,0.8027765266940864,0.7682827492143193,0.7630673299995553,0.7434528528387963,0.8149445039978455,0.7642441896012068
11.44,0.8435981451739517,0.8234590791612302,0.800316218835635,0.7500019612286147,0.7967446579755514,0.7460216536885267,0.8148781229431832,0.7812936984810989,0.7762071539852531,0.757059257143911,0.8266989882496435,0.7773551163106525
11.46,0.8544705810025629,0.8349614348712479,0.8124862127753816,0.7634556567096552,0.8090129169338753,0.7595685170882357,0.8266345420127318,0.7939736967165655,0.7890181815705842,0.7703449759682555,0.838103288071717,0.7901367603479561
11.48,0.8649810685388721,0.8461101062353003,0.8243120427339748,0.776585957239556,0.8209384831791157,0.7727936321061302,0.838040803958506,0.8063173727542429,0.8014949860857448,0.7833043815661538,0.8491525726756156,0.8025837074900911
11.5,0.8751251556073034,0.8569003707473701,0.8357886993651581,0.7893873009066855,0.832516305117271,0.7856913966676939,0.8490920771606085,0.8183194978915955,0.8136322824356983,0.7959319844161296,0.8598421616550616,0.8146906852895063
11.52,0.8848985452371847,0.8673276577202927,0.846911321230273,0.8018542651434445,0.8437414784566158,0.7982563473619791,0.8597836803701122,0.8299749881048749,0.8254249293389091,0.8082224355462296,0.870167526968542,0.8264525653074983
11.540000000000001,0.8942970974829193,0.8773875502218729,0.8576751968575338,0.8139815690232293,0.8546092482851295,0.810483161755876,0.870111084692007,0.8412789062026772,0.8368679315051555,0.8201705287998171,0.8801242948573595,0.8378643652865875
11.56,0.9033168311776368,0.8870757869458682,0.8680757667377759,0.825764075497399,0.8651150110846453,0.8223666606486576,0.8800699155036118,0.8522264639173074,0.8479564417515029,0.8317712030408653,0.8897082476983285,0.8489212512609704
11.58,0.9119539256195934,0.8963882640170511,0.8781086252558349,0.8371967935712956,0.8752543166808707,0.8339018102658579,0.8896559543076359,0.8628130239330597,0.8586857630555399,0.8430195442978229,0.8989153257903314,0.8596185396041557
11.6,0.920204722190596,0.905321036729583,0.887769522556739,0.8482748804183983,0.885022870128454,0.8450837243915462,0.8988651405191096,0.8730341018505513,0.8690513505450068,0.8539107878451396,0.9077416290739858,0.869951699012918
11.620000000000001,0.9280657259057677,0.9138703212179695,0.8970543663459176,0.8589936434317148,0.8944165335302948,0.8559076664380972,0.9076935731854197,0.8828853680862899,0.8790488134229749,0.864440320221576,0.9161834187836824,0.8799163524267312
11.64,0.9355336068940034,0.9220324960598806,0.9059592236226741,0.8693485422115396,0.9034313277903316,0.8663690514525795,0.9161375126387288,0.892362649706656,0.8886739168277584,0.8746036811844351,0.9242371190313035,0.8895082788818615
11.66,0.9426052018084802,0.9298041038101602,0.9144803223461776,0.8793351904887362,0.9120634342990608,0.876463448058911,0.9241933820800756,0.9014619321955291,0.8979225836267765,0.8843965655988935,0.9318993183209465,0.8987234152993415
11.68,0.9492775151666322,0.9371818524653818,0.922614053033276,0.8889493579827349,0.9203091965510747,0.8861865803349631,0.9318577690944837,0.9101793611548137,0.9067908961435995,0.8938148252616277,0.9391667709940128,0.907557858206064
11.700000000000001,0.9555477206190174,0.9441626168583167,0.93035697028745,0.8981869721934524,0.9281651216939357,0.8955343296238145,0.9391274270964388,0.9185112439371368,0.9152750978174526,0.9028544706579692,0.9460363986040466,0.9160078653882688
11.72,0.9614131621465406,0.9507434399817376,0.9377057942582622,0.9070441201263771,0.9356278820077237,0.9045027362783855,0.945999276705121,0.9264540512100298,0.9233715947944702,0.9115116726518345,0.9525052912207471,0.9240698574767205
11.74,0.9668713551855274,0.9569215342409862,0.9446574120306794,0.9155170499500862,0.9426943163146395,0.913088001338721,0.9524704070488108,0.9340044184509311,0.9310769574500285,0.9197827641077253,0.9585707086625959,0.9317404194629063
11.76,0.9719199876801683,0.9626942826347815,0.9512088789436842,0.923602172585502,0.9493614313180573,0.9212864881412065,0.9585380769979176,0.9411591473723759,0.9383879218415148,0.9276642414441031,0.9642300816575805,0.9390163021456119
11.78,0.9765569210618916,0.9680592398637655,0.9573574198376137,0.9312960632261982,0.9556264028704672,0.9290947238590332,0.9641997163261035,0.9479152072767713,0.9453013910909108,0.9351527661174835,0.9694810129315218,0.945894423507262
11.8,0.9807801911552467,0.9730141333663155,0.9631004302297006,0.9385954627891296,0.9614865771697657,0.9365094009732675,0.9694529267990138,0.9542697363401803,0.9518144366966113,0.9422451660366229,0.9743212782235451,0.9523718700194446
11.82,0.984588009009917,0.9775568642811875,0.9684354774173152,0.9454972792951579,0.9669394718833897,0.943527378673893,0.9742954831901554,0.9602200428245719,0.9579242997739177,0.9489384369061958,0.9787488272282618,0.9584458978770602
11.84,0.9879787616585077,0.9816855083365803,0.9733603015084421,0.9519985891787927,0.9719827771998154,0.9501456841902393,0.9787253342234877,0.965763606218024,0.963628392223685,0.9552297434993959,0.9827617844642674,0.9641139341605836
11.86,0.990951012799788,0.9853983166652446,0.9778728163789567,0.9580966385265975,0.9766143568069812,0.9563615140502276,0.9827406034423304,0.9708980783023963,0.9689242978286237,0.9611164208589188,0.9863584500685821,0.9693735779259337
11.88,0.9935035034070991,0.9886937165452927,0.9819711105562938,0.9637888442437297,0.9808322487972145,0.9621722352679037,0.9863395900042182,0.9756212841480214,0.9738097732767931,0.9665959754258224,0.9895373005167033,0.9742226012214991
11.9,0.9956351522616711,0.9915703120663931,0.9856534480291352,0.9690727951481204,0.9846346664982846,0.9675753864587548,0.9895207694013672,0.9799312230349896,0.978282749111855,0.9716660860957821,0.9922969892679601,0.9786589500318836
11.92,0.9973450564106183,0.9940268847210696,0.9889182689827727,0.9739462529918397,0.9880199992302235,0.9725686788823348,0.9922827941064462,0.983826069300642,0.9823413306096815,0.9763246052022959,0.9946363473359006,0.9826807451479748
11.94,0.9986324915494261,0.9960623939208527,0.9917641904598358,0.9784071534092013,0.9909868129876019,0.9771499974117611,0.9946244941433813,0.9873041731129094,0.9859837985809481,0.9805695594264223,0.9965543837834663,0.9862862829629646
11.96,0.999496912328761,0.9976759774370675,0.9941900069461043,0.9824536067912162,0.9935338510469632,0.9813174014296691,0.9965448775829499,0.9903640611691712,0.9892086100993713,0.9843991506326656,0.9980502861427474,0.9894740361939859
11.98,0.9999379525854769,0.9988669517660675,0.9961946908811552,0.9860838990860177,0.9956600344991637,0.9850691256502444,0.9980431309629553,0.9930044373203357,0.9920143991552821,0.9878117566306555,0.9991234207591394,0.9922426545290604
12.0,0.9999554254977197,0.9996348124187625,0.9977773930936314,0.9892964925249247,0.997364462706392,0.9884035808669874,0.9991186196328049,0.9952241831198817,0.9943999772342591,0.9908059318622953,0.9997733330597547,0.9945909651990813
12.02,0.9995493236640639,0.9999792341343176,0.9989374431609456,0.9920900262738288,0.998646413683673,0.9913193546258906,0.9997708880223436,0.9970223582976244,0.9963643338205752,0.9933804080140931,0.9999997477459773,0.9965179734745919
12.040000000000001,0.9987198191066476,0.9999000710179307,0.999674349693266,0.9944633170096362,0.9995053444046961,0.9938152118237451,0.9999996598348302,0.9983982011580091,0.9979066368252463,0.9955340945544093,0.9998025689100781,0.9980228630871458
12.06,0.9974672631983053,0.9993973566026338,0.999987800541667,0.9964153594215157,0.9999408910318376,0.9958900952313225,0.9998048381639751,0.9993511289027593,0.9990262329384977,0.9972660791954006,0.9991818800758401,0.9991049965750733
12.08,0.995792186513728,0.9984713038350883,0.9998776629303526,0.9979453266367412,0.99995286907028,0.9975431259412103,0.9991865055349898,0.999880737877747,0.9997226479065028,0.9985756282794583,0.9981379441631788,0.9997639155535056
12.1,0.9936952986047156,0.9971223049853817,0.9993439835128997,0.9990525705709504,0.999541273446163,0.9987736037401115,0.9981449238696286,0.999986803743978,0.9999955867322736,0.9994621870899819,0.9966712033767716,0.9999993409085447
12.120000000000001,0.9911774876996154,0.995350931480865,0.9983869883524961,0.9997366222026692,0.9987062785087318,0.9995810074054505,0.9966805343752412,0.9996692815726199,0.9998449338006193,0.9999253800863529,0.994782279018742,0.999811172915493
12.14,0.9882398203270736,0.9931579336640999,0.997007082826181,0.9999971917719858,0.9974482379564851,0.9999649949261598,0.9947939573578796,0.9989283058640345,0.9992707529271205,0.9999650110630118,0.9924719712254813,0.9991994912810972
12.16,0.9848835408642613,0.9905442404750187,0.9952048514531306,0.9998341689032916,0.9957676846873493,0.9999254036475532,0.9924859919595401,0.9977641904908037,0.9982732873310965,0.9995810632325699,0.9897412586287141,0.9981645551097837
12.18,0.9811100710097636,0.9875109590574305,0.992981057647059,0.9992476226520352,0.9936653305729475,0.9994622503402257,0.9897576158196528,0.996177428564775,0.9968529595325801,0.9987736992329195,0.9865912979409586,0.9967068027939052
12.200000000000001,0.9769210091813574,0.9840593742900425,0.9903366433928407,0.9982378014754714,0.991142066157054,0.9985757311929495,0.9866099846609587,0.9941686922281829,0.9950103711733399,0.9975432610583427,0.9830234234655495,0.9948268518280388
12.22,0.9723181298389318,0.9801909482421949,0.9872727288474926,0.9968051331274158,0.9881989602783663,0.9972662217295692,0.9830444317999534,0.9917388323689336,0.9927463027620289,0.9958902699146442,0.9790391465314352,0.9925254985474201
12.24,0.9673033827328383,0.9759073195545356,0.9837906118656822,0.9949502244770514,0.9848372596177518,0.9955342766499331,0.9790624675821028,0.9888888782601737,0.9900617133435662,0.993815425998372,0.9746401548529897,0.9898037177906209
12.26,0.9618788920779884,0.9712103027449038,0.9798917674499641,0.9926738612518626,0.9810583881701609,0.9933806295949248,0.9746657787420703,0.9856200371242974,0.9869577400928911,0.9913196082002188,0.9698283118151069,0.9866626624866134
12.280000000000001,0.9560469556540505,0.966101887439712,0.9755778471259793,0.9899770077048056,0.9768639466414331,0.9908061928356984,0.9698562276892265,0.981933693621575,0.9834356978332632,0.9884038737327293,0.9646056556838833,0.983103663166396
12.3,0.9498100438321245,0.9605842375311523,0.9708506782428786,0.9868608062058579,0.9722557117702468,0.9878120568872462,0.9646358517187447,0.9778314092636184,0.979497078479312,0.9850694576824726,0.9589743987432212,0.9791282273993905
12.32,0.9431707985283084,0.9546596902605858,0.9657122631992695,0.983326576758117,0.967235635575505,0.9843994900464627,0.9590068621486153,0.9733149217519356,0.9751435504050705,0.9813177724868657,0.9529369263577193,0.9747380391548445
12.34,0.9361320320846002,0.9483307552285019,0.960164778595013,0.9793758164386551,0.9618058445294714,0.9805699378549027,0.9529716433829463,0.9683861442418514,0.9703769577372632,0.9771504073358762,0.9464957959622484,0.9699349580885116
12.36,0.9286967260776063,0.9416001133314684,0.9542105743092297,0.9750101987643679,0.9559686386570118,0.9763250224864596,0.946532751901944,0.963047164532107,0.9651993195741456,0.97256912749885,0.9396537359786377,0.9647210187549148
12.38,0.9208680300555655,0.9344706156265196,0.9478521725049058,0.9702315729830828,0.9497264905613169,0.9716665420602214,0.9396929151790057,0.9573002441804809,0.959612829130227,0.9675758735767553,0.9324136446599323,0.9590984297455214
12.4,0.912649260204221,0.9269452821234682,0.9410922665605206,0.9650419632902297,0.9430820443765235,0.9665964698788003,0.9324550305253765,0.9511478175458093,0.9536198528072385,0.9621727606801561,0.9247785888627125,0.9530695727531979
12.42,0.9040438979421038,0.9190273005056466,0.9339337199291492,0.9594435679714042,0.9360381146476772,0.961116953592454,0.924822163862871,0.9445924907568047,0.9472229291917399,0.9563620775332656,0.9167518027479932,0.9466370015633396
12.44,0.8950555884458281,0.9107200247796262,0.9263795649255214,0.9534387584711871,0.928597685138507,0.9552303142893533,0.9167975484251637,0.9376370406081187,0.9404247679797919,0.950146285504456,0.9083366864112541,0.9398034409721034
12.46,0.885688139106015,0.9020269738544803,0.9184330014415529,0.9470300783886184,0.9207639075675238,0.948939045512386,0.9083845833882155,0.9302844133841078,0.9332282488291448,0.9435280175636397,0.8995368044421791,0.9325717856322019
12.48,0.8759455179145074,0.8929518300511984,0.9100973955908919,0.9402202423997421,0.9125401002729724,0.9422458122029066,0.8995868324304015,0.9225377236108074,0.9256364201394339,0.9365100771669593,0.8903558844147224,0.9249450988267477
12.5,0.8658318517835549,0.8834984375428772,0.9013762782830546,0.9330121351076882,0.9039297468072018,0.9351534495718846,0.8904080222229626,0.9144002527366369,0.9176524977608977,0.9290954370692619,0.8807978153081278,0.9169266111716644
12.52,0.8553514247976794,0.8736708007263535,0.8922733437277524,0.9254088098207718,0.8949364944610588,0.9276649618989273,0.8808520408514089,0.9058754477424009,0.9092798636321635,0.9212872380648598,0.8708666458595856,0.908519719247219
12.540000000000001,0.844508676398963,0.8634730825259682,0.8827924478700508,0.9174134872591334,0.8855641527189159,0.919783521259685,0.8709229361685522,0.8969669196811687,0.9005220643476797,0.913088787657108,0.8605665828492114,0.8997279841592525
12.56,0.8333081995065306,0.8529096026301765,0.872937606757015,0.9090295541904598,0.8758166916449985,0.9115124661821828,0.8606249140798627,0.8876784421486557,0.8913828096554006,0.9045035586573698,0.8499019893180815,0.8905551300307176
12.58,0.8217547385710166,0.8419848356617567,0.8627129948365373,0.9002605619953737,0.8656982402016924,0.9028553002326377,0.8499623367618707,0.878013949684752,0.8818659708853622,0.8955351877139536,0.8388773827200757,0.8810050424241649
12.6,0.8098531875648469,0.8307034092823884,0.8521229431890683,0.8911102251630885,0.8552130845005379,0.8938156905313724,0.8389397208143791,0.867977536106877,0.8719755793098102,0.8861874737716535,0.8274974330083146,0.8710817666958429
12.620000000000001,0.7976085879091837,0.8190701022324038,0.8411719376929983,0.8815824197179762,0.8443656659866652,0.8843974661994467,0.8275617353472613,0.857573452775864,0.8617158244355776,0.8764643764625383,0.8157669606569959,0.8607895062821098
12.64,0.7850261263384116,0.8070898423065442,0.829864617124467,0.8716811815777091,0.8331605795574232,0.8746046167366641,0.8158332000026544,0.8468061067951108,0.8510910522294395,0.8663700144286798,0.8036909346194733,0.8501326209188859
12.66,0.7721111327030692,0.7947677042665784,0.8182057711924098,0.8614107048436674,0.8216025716160116,0.8644412903316483,0.8037590829133886,0.8356800591437592,0.8401057632771871,0.8559086635775203,0.7912744702234372,0.8391156247948961
12.68,0.7588690777121573,0.7821089076916652,0.8062003385096658,0.850775340024348,0.8096965380609329,0.8539117921046947,0.7913444985985213,0.8242000227446926,0.8287646108772072,0.8450847552706259,0.7785228270040971,0.82774318463949
12.700000000000001,0.7453055706157852,0.7691188147673725,0.7938534045010114,0.8397795921925147,0.7974475222121229,0.8430205822841479,0.7785947057968551,0.8123708604681715,0.8170723990693777,0.8339028744465887,0.7654414064762756,0.8160201177458436
12.72,0.7314263568291248,0.7558029280142907,0.7811701992490121,0.8284281190768799,0.7848607126746319,0.8317722743170818,0.7655151052393713,0.8001975830719557,0.8050340806001036,0.8223677576788794,0.7520357498463593,0.8039513899303853
12.74,0.7172373154986903,0.7421668879571987,0.7681560952785859,0.8167257290891184,0.7719414411407656,0.8201716329150668,0.7521112373615174,0.7876853470787742,0.7926547548243679,0.8104842911694611,0.7383115356650816,0.7915421134293077
12.76,0.7027444570119692,0.7282164707357754,0.7548166052812416,0.8046773792870564,0.7586951801316116,0.8082235720358727,0.7383887799563094,0.7748394525920587,0.7799396655456748,0.7982575086790284,0.7242745774221242,0.7787975447330554
12.780000000000001,0.6879539204514591,0.713957585657862,0.741157379779935,0.7922881732748926,0.7451275406789185,0.795933152801947,0.7243535457692566,0.7616653410508539,0.76689419879481,0.7856925893947359,0.7099308210835595,0.765723082359712
12.8,0.6728719709941957,0.6993962726963184,0.7271842047355449,0.7795633590413446,0.731244269948292,0.783305581356553,0.7100114800361229,0.748168592924856,0.7535238805483514,0.7727948557363307,0.6952863425731759,0.7523242645682205
12.82,0.6575049972578579,0.6845386999305281,0.7129029990959738,0.7665083267366333,0.7170512488047392,0.7703462066584836,0.6953686579645573,0.734354925350563,0.7398343743879019,0.7595697711016063,0.6803473451987585,0.7386067670124112
12.84,0.6418595085945948,0.669391160933638,0.698319812288924,0.7531286063892495,0.7025544893215689,0.7570605182162754,0.6804312821606772,0.7202301897095311,0.7258314791010283,0.7460229375521422,0.6651201570244059,0.7245764003368332
12.86,0.6259421323337034,0.6539600721066452,0.6834408216593938,0.7394298655634719,0.6877601322337128,0.743454143762888,0.6652056800016855,0.7058003691497684,0.7115211262249381,0.7321600934403102,0.6496112281900002,0.7102391077154001
12.88,0.6097596109743335,0.638251969960446,0.6682723298529981,0.7254179069586202,0.6726744443365544,0.729532846871832,0.6496983009556322,0.6910715760513093,0.6969093775339127,0.7179871109785403,0.6338271281789726,0.6956009623339006
12.9,0.5933187993294119,0.6222735083470129,0.6528207621462035,0.7110986659510674,0.6573038158313498,0.7153025245157535,0.6339157138494602,0.6760500494370516,0.6820024224715804,0.7035099937518903,0.6177745430355114,0.6806681648174364
12.92,0.5766266616219814,0.6060314556408655,0.6370926637246265,0.6964782080800571,0.6416547576183821,0.7007692045685204,0.6178646040864928,0.6607421523299453,0.6668065755291078,0.6887348741749681,0.601460272532394,0.6654470406038755
12.94,0.5596902685352039,0.5895326918720316,0.6210946969105298,0.6815627264783757,0.6257338985389851,0.6859390432518471,0.601551770814541,0.645154369057655,0.6513282735704213,0.6736680108942759,0.5848912272906477,0.6499440372644371
12.96,0.5425167942172644,0.5727842058117091,0.6048336383407105,0.66635853924898,0.6095479825676082,0.6708183225275606,0.5849841240458266,0.6292933025058413,0.6355740731055943,0.6583157861370894,0.5680744258522574,0.6341657217725435
12.98,0.5251135132424473,0.5557930920118651,0.5883163760959539,0.6508720867886941,0.5931038659551083,0.655413447436603,0.5681686817299417,0.613165671321222,0.6195506475135469,0.6426847030079893,0.5510169917071525,0.6181187777220881
13.0,0.5074877975296707,0.5385665478000338,0.5715499067832911,0.6351099290600921,0.5764085143244936,0.6397309433858941,0.551112566781098,0.5967783070655948,0.6032647842152475,0.626781382734183,0.533726150275742,0.6018100024963124
13.02,0.48964711321979193,0.5211118702305685,0.5545413325722779,0.6190787428127458,0.5594689997203205,0.6237774533842124,0.5338230040608961,0.5801381513220296,0.5867233817986084,0.6106125618607978,0.5162092258482754,0.5852463043884731
13.040000000000001,0.47159901751299627,0.5034364529936599,0.537297858186565,0.6027853187549916,0.5422924976130287,0.6075597352282581,0.5163073173179282,0.5632522527544602,0.5699334470962794,0.5941850893973237,0.4984736384823165,0.5684346996755377
13.06,0.4533511554676135,0.48554778328341525,0.5198267878520174,0.5862365586774303,0.5248862838594527,0.5910846586400959,0.49857292608548165,0.5461277641219143,0.5529020922176064,0.5775059239164144,0.4805269008596586,0.5513823096461296
13.08,0.43491125676172165,0.46745343862632993,0.5021355222026955,0.5694394725293745,0.5072577316208156,0.574359202357179,0.48062734253866857,0.5287719392486524,0.5356365315359841,0.5605821306062829,0.4623766151039946,0.534096357583999
13.1,0.41628713241890575,0.44916108367149615,0.4842315551459903,0.5524011754494795,0.4894143082395088,0.5573904511762074,0.4624781683123231,0.5111921299514922,0.5181440786328898,0.5434208782779315,0.44403046956071046,0.5165841657082867
13.120000000000001,0.3974866714995553,0.4306784669439076,0.4661224706882551,0.5351288847518112,0.4713635720759698,0.5401855929520467,0.4441330912809936,0.4933957829256236,0.5004321431999034,0.526029436328489,0.4254962355401512,0.4988531520718741
13.14,0.3785178377591117,0.4120134175622307,0.4478159397222673,0.517629916868644,0.4531131693070077,0.5227519155530043,0.4255998823024055,0.47539043659024116,0.48250822790000475,0.5084151716619407,0.40678176402574157,0.4809108274191457
13.16,0.3593886662746686,0.3931738419224414,0.4293197167778856,0.49991168425126037,0.43467083068693546,0.5050968037737305,0.4068863919257811,0.45718371789531526,0.46437992518949317,0.4905855455685546,0.38789498234835834,0.46276479200448944
13.18,0.3401072600413682,0.3741677203487279,0.4106416367372835,0.48198169223008863,0.4160443682728696,0.487227736207067,0.3880005470663943,0.4387833390908616,0.4460549141018744,0.4725481105643264,0.36884389082836616,0.44442273237287083
13.200000000000001,0.32068178654002044,0.35500310371307264,0.39178961151614006,0.46384753583549254,0.39724167211559114,0.469152282076165,0.3689503476477764,0.42019709446008724,0.42754095699507116,0.4543105071917818,0.3496365593867301,0.4258924181038661
13.22,0.30112047427741206,0.33568811002495796,0.37277162671220604,0.4455168965805604,0.3782707069173717,0.45087809802820933,0.3497438632130059,0.40143285701777903,0.40884589626333284,0.43588046078349174,0.33028112412665317,0.40718169852051633
13.24,0.28143160930076355,0.3162309209926271,0.35359573822265244,0.4269975392072695,0.35913950865818006,0.43241292489111127,0.3303892295064965,0.3824985751753412,0.38997765101525056,0.4172657781896719,0.3107857838871701,0.3882984993644028
13.26,0.26162353168781377,0.2966397785573632,0.33427006883164684,0.40829730839739126,0.33985618119168365,0.41376458439454344,0.31089464502774955,0.36340226937390563,0.37094421371927466,0.39847434447124797,0.29115879677017303,0.36925081943835625
13.280000000000001,0.24170463201401488,0.27692298140225863,0.3148028047695907,0.38942412544952887,0.32042889281251624,0.3949409758567033,0.2912683675585233,0.3441520286869192,0.3517536468181547,0.3795141195597969,0.2714084766423321,0.35004672721821356
13.3,0.22168334779833437,0.25708888143694436,0.29520219224548755,0.37038598492371066,0.3008658727962353,0.37595007283821513,0.2715187106648842,0.3247560073936653,0.33241407931373806,0.36039313488576763,0.2515431896133963,0.330694357435061
13.32,0.2015681599291827,0.23714588025977407,0.27547653395389793,0.35119095125494554,0.2811754079134567,0.3567999197645795,0.25165404017564014,0.3052224215251632,0.3129337033235785,0.34111948997642155,0.23157135049236094,0.3112019076294175
13.34,0.18136758907195785,0.21710242559895895,0.25563418555797457,0.3318471553371746,0.26136583891962634,0.33749862851860546,0.23168277063862344,0.2855595453839114,0.29332077061080875,0.32170134902492104,0.21150141922300672,0.2915776346788052
13.36,0.16109019205974923,0.196967007734169,0.23568355215005132,0.3123627910790813,0.24144555702193626,0.3180543750042673,0.21161336175634557,0.26577570803894224,0.2735835890887431,0.30214693743203436,0.19134189730032453,0.27182985130019216
13.38,0.14074455826871418,0.17674815590009965,0.2156330846913083,0.2927461119332023,0.22142300032485734,0.29847539568344517,0.1914543148025158,0.24587928979768336,0.2537305193017016,0.2824645383218998,0.17110132416933496,0.25196692252877506
13.4,0.12033930597967304,0.15645443467354211,0.19549127643198821,0.2730054273998176,0.20130665025581396,0.27876998408701403,0.17121416902096273,0.22587871865611253,0.23376997088353144,0.2626624890333574,0.15078827360783367,0.231997262174607
13.42,0.09988307872746727,0.1360944403454885,0.17526665931371835,0.25314909950710063,0.18110502797250524,0.2589464873017552,0.15090149800845998,0.20578246672871417,0.21371039899534675,0.24274917758829842,0.13041135009459207,0.21192932925855767
13.44,0.07938454163960261,0.11567679727979087,0.15496780035542926,0.23318553926901173,0.160826690753397,0.23901330243458183,0.1305249060830068,0.18559904665974214,0.1935603007439709,0.22273303913855264,0.10997918516456011,0.19177162442912954
13.46,0.058852377765765164,0.09521015425994256,0.13460329802442356,0.21312320312245103,0.14048022837291138,0.2189788730555815,0.11009302463909382,0.16533700801731788,0.17332821158261624,0.20262255239281726,0.089500433752598,0.17153268636163385
13.48,0.038295284399731504,0.07470318082550337,0.11418177859411661,0.19297058934516403,0.12007425946285834,0.1988516856213718,0.08961450849149939,0.1450049336718931,0.15302270169532564,0.1824262360251227,0.06898377052730262,0.1512210881412639
13.5,0.017721969395252276,0.054164563599739673,0.09371189249000364,0.1727362344559253,0.09961742786163288,0.17864026588028792,0.06909803220916699,0.12461143616059696,0.13265237236669208,0.16215264506638377,0.04843788621647492,0.13084543363159246
13.52,-0.002858852522539191,0.03360300261002786,0.07320231062539476,0.15242870959852536,0.07911839895274025,0.15835317526093717,0.048552286440707706,0.1041651540390168,0.11222585233841084,0.14181036728053598,0.02787148392577961,0.11041435383002657
13.540000000000001,-0.023438463448628898,0.01302720760257469,0.05266172072847305,0.13205661691108342,0.05858585599419814,0.1379990072456286,0.02798597423310399,0.0836747482219663,0.09175179415419792,0.12140801952682041,0.0072932754521667234,0.08993650321177375
13.56,-0.04400814599096943,-0.007554105646973939,0.032098823662224746,0.11162858588224175,0.03802849644036216,0.11758638373022713,0.0074078073451491165,0.06314889831477712,0.07123887049463277,0.10095424410973028,-0.013288022406388227,0.06942055606386324
13.58,-0.06455918696311522,-0.028132219025480017,0.011522329738810887,0.09115326969576766,0.017455028257737887,0.09712395137197674,-0.013173497442796587,0.04259629893666988,0.05069577050345917,0.08045770511819261,-0.03386369154326608,0.04887520281077151
13.6,-0.08508288107507102,-0.04869841577524879,-0.009059044970065433,0.07063934156511983,-0.0031258337636529973,0.07662037792682641,-0.03374922202117834,0.022025656037770673,0.030131196106924465,0.059927084755510264,-0.05442501623614021,0.02830914633321027
13.620000000000001,-0.10557053462079728,-0.06924398418639535,-0.02963658232522969,0.05009549105953052,-0.02370537170180932,0.05608434857783089,-0.054310650644182557,0.0014456832113259985,0.00955385832769736,0.039371079661639385,-0.07496328683889743,0.007731098281648767
13.64,-0.12601346916080863,-0.08976022128706761,-0.050201565812987695,0.02953042042315926,-0.04427486819560305,0.03552456225615904,-0.07484907362166948,-0.019134901997319775,-0.01102752640506756,0.018798397229342904,-0.09546980347099204,-0.012850224613891157
13.66,-0.14640302519830378,-0.11023843652996795,-0.07074528423738348,0.008952840888879572,-0.06482561013739442,0.014949727956280216,-0.09535579100854771,-0.039707381783421064,-0.03160423994795015,-0.0017822480841985155,-0.1159358797026546,-0.033426104236184605
13.68,-0.16673056584727847,-0.1306699554736173,-0.09125903541020638,-0.011628531011749134,-0.08534889236385762,-0.005631438953108528,-0.11582211629000845,-0.06026304177563761,-0.05216756613621646,-0.022362138448778508,-0.13635284623441518,-0.053987824773740735
13.700000000000001,-0.18698748049104824,-0.15104612345678953,-0.11173412983718255,-0.03220497714074347,-0.10583602134342192,-0.02621022042085529,-0.13623938006108488,-0.0807931747273849,-0.07270879447593061,-0.04293255635398589,-0.1567120545693581,-0.07452667641276853
13.72,-0.2071651884296562,-0.17135830926457454,-0.13216189439878748,-0.052767781446645505,-0.12627831885880508,-0.04677789940626958,-0.15659893369894978,-0.1012890842051736,-0.09321922383366622,-0.06348478830187942,-0.17700488067657189,-0.09503395902659661
13.74,-0.22725514251460102,-0.19159790878450234,-0.1525336760241279,-0.07330823365658665,-0.14666712568304738,-0.06732576357159809,-0.17689215302642244,-0.12174208827235633,-0.11369016612224765,-0.0840101284979753,-0.19722272864423554,-0.11550098586099153
13.76,-0.24724883276935447,-0.21175634865119178,-0.1728408453563272,-0.09381763296590373,-0.16699380524750312,-0.087845108972519,-0.1971104419651132,-0.14214352316674597,-0.1341129499809718,-0.10449988253896272,-0.21735703432078668,-0.13591908721380966
13.780000000000001,-0.26713778999413346,-0.23182508987797734,-0.19307480040785927,-0.11428729172374438,-0.1872497473002398,-0.10832724374508089,-0.2172452361766677,-0.16248474697053017,-0.15447892444873781,-0.12494537109559944,-0.237399268942647,-0.15627961410743307
13.8,-0.2869135893533989,-0.25179563147396045,-0.21322697020430584,-0.1347085391131006,-0.2074263715532822,-0.12876349178751384,-0.23728800669056582,-0.1827571432709273,-0.1747794626285425,-0.1453379335892239,-0.25734094274695024,-0.1765739419524144
13.82,-0.3065678539445607,-0.2716595140449839,-0.23328881841495985,-0.1550727248237116,-0.22751513131716963,-0.1491451964353761,-0.25723026351693945,-0.2029521248100493,-0.19500596534177542,-0.16566893186031403,-0.27717360856775,-0.1967934742008014
13.84,-0.326092258346384,-0.2914083233769738,-0.2532518469687607,-0.17537122271628006,-0.24750751712128255,-0.16946372412845861,-0.2770635592428779,-0.2230611371224077,-0.2151498647707781,-0.18592975382756022,-0.29688886541419046,-0.21692964598758335
13.86,-0.3454785321455856,-0.3110336940001437,-0.2731075996540263,-0.19559543447644803,-0.26739506031839144,-0.18971046806791114,-0.2967794926106966,-0.2430756621585289,-0.2352026280881185,-0.2061118171358897,-0.3164783620291076,-0.2369739277587064
13.88,-0.3647184634401189,-0.33052731273256253,-0.29284766570044907,-0.2157367932569934,-0.28716933667193206,-0.2098768518620206,-0.3163697120766597,-0.2629872218931509,-0.2551557610710407,-0.22620657279189402,-0.3359338004265666,-0.25691782888414527
13.9,-0.38380390231769296,-0.34988092220155403,-0.31246368334184416,-0.23578676730668652,-0.30682196992445,-0.22995433315912112,-0.3358259193486408,-0.28278738191645547,-0.2750008116995618,-0.24620550878512998,-0.3552469394068445,-0.2767529012544729
13.92,-0.4027267643080202,-0.3690863243414803,-0.33194734335814247,-0.2557368635842873,-0.3263446353457348,-0.249934407266078,-0.3551398729012232,-0.3024677550068322,-0.29472937373669716,-0.2661001536937546,-0.3744095980473446,-0.29647074285942954
13.94,-0.42147903380734636,-0.3881353838663804,-0.35129039259511635,-0.2755786313561435,-0.3457290632591196,-0.2698086107508198,-0.37430339146675895,-0.3220200046836505,-0.31433309028928713,-0.2858820802729639,-0.39341365916797977,-0.3160630013469657
13.96,-0.44005276747380945,-0.407020031716032,-0.37048463746037485,-0.2953036657758676,-0.36496704254446644,-0.2895685250273978,-0.3933083575008991,-0.3414358487385446,-0.333803657347922,-0.3055429090247181,-0.4122510727695619,-0.33552137756123157
13.98,-0.4584400975921885,-0.4257322684739442,-0.3895219473941041,-0.3149036114445778,-0.38405042411634305,-0.30920577992204684,-0.41214672062114294,-0.3607070627436993,-0.3531328273044709,-0.3250743117472455,-0.43091385944373,-0.3548376290580637
14.0,-0.4766332354066175,-0.4442641677558724,-0.40839425831313036,-0.33437016595018676,-0.40297112437592175,-0.32871205721872754,-0.4308105010169192,-0.3798254835356635,-0.3723124124457126,-0.34446801506281743,-0.44939411375297983,-0.3740035735964198
14.02,-0.49462447441985,-0.46260787956737126,-0.42709357602681114,-0.3536950833842522,-0.4217211286351436,-0.34807909418267974,-0.44929179282978293,-0.39878301267322414,-0.3913342884216022,-0.3637158039222947,-0.4676840075793507,-0.39301109260432726
14.040000000000001,-0.5124061936576914,-0.4807556336290151,-0.4456119796233234,-0.37287017783489945,-0.44029249451168784,-0.36729868706045765,-0.4675827675022965,-0.4175716198678444,-0.41019039768669213,-0.38280952508497196,-0.4857757934403694,-0.4118521346178555
14.06,-0.5299708608971855,-0.498699742667829,-0.4639416248249143,-0.3918873268543115,-0.4586773552933141,-0.38636269455499733,-0.48567567709414367,-0.4361833463852428,-0.4288727529132556,-0.4017410905722386,-0.5036618077708345,-0.43051871869167446
14.08,-0.5473110358572194,-0.5164326056735723,-0.4820747473106779,-0.41073847489934945,-0.4768679232701501,-0.4052630412742085,-0.5035628575641207,-0.45461030841667205,-0.44737344037467086,-0.4205024810935947,-0.5213344741690565,-0.44900293777971895
14.1,-0.5644193733501766,-0.5339467111184776,-0.5000036660054815,-0.4294156367438294,-0.49485649303351925,-0.42399172115166234,-0.5212367320165653,-0.47284470041843724,-0.46568462329762383,-0.4390857494435747,-0.5387863066061679,-0.46729696208457294
14.120000000000001,-0.5812886263933198,-0.5512346401390892,-0.5177207863336172,-0.44791090086101326,-0.5126354447399007,-0.4425408008379069,-0.5386898139108823,-0.4908787984182873,-0.4837985451817152,-0.45748302386812645,-0.5560099125971592,-0.48539304237412173
14.14,-0.5979116492785583,-0.5682890696788376,-0.5352186034358122,-0.4662164327748812,-0.5301972473386457,-0.4609024230609935,-0.5559147102328033,-0.5087049632872277,-0.5017075330850633,-0.4756865113990364,-0.5729979963322925,-0.5032835132640678
14.16,-0.6142814005993246,-0.5851027755900485,-0.552489705348249,-0.4843244783787654,-0.5475344617620863,-0.47906880995475354,-0.5729041246260077,-0.5263156439754192,-0.5194040008745162,-0.4936885011549905,-0.5897433617675537,-0.5209607964649483
14.18,-0.6303909462332771,-0.6016686356940455,-0.5695267761422167,-0.5022273672199407,-0.5646397440766715,-0.4970322663534663,-0.589650860482823,-0.5437033807107425,-0.5368804524390879,-0.511481367607845,-0.6062389156728508,-0.5384174039922468
14.200000000000001,-0.6462334622795425,-0.6179796327980535,-0.5863225990230947,-0.5199175157487791,-0.5815058485938153,-0.5147851830514693,-0.6061478239926608,-0.560860808158722,-0.5541294848652633,-0.5290575738127578,-0.6224776706366726,-0.555645941338256
14.22,-0.6618022379492764,-0.6340288576676377,-0.602870059387341,-0.5373874305310935,-0.598125630939121,-0.5323200400263787,-0.6223880271469013,-0.5777806585424223,-0.5711437915728235,-0.5464096746007808,-0.6384527480258946,-0.5726391106043439
14.24,-0.677090678408319,-0.6498095119534192,-0.619162147836193,-0.5546297114223081,-0.614492051078697,-0.5496294096245229,-0.6383645906989811,-0.5944557647210449,-0.5879161654098699,-0.5635303197325959,-0.6541573808995355,-0.5893897135922976
14.26,-0.692092307570714,-0.6653149110708041,-0.6351919631448018,-0.5716370547021129,-0.6305981763012648,-0.5667059597072401,-0.6540707470783865,-0.6108790632258706,-0.604439501705726,-0.5804122570120288,-0.66958491687519,-0.6058906548534336
14.280000000000001,-0.7068007708419478,-0.6805384870315339,-0.6509527151855541,-0.5884022561682731,-0.6464371841548155,-0.5835424567567346,-0.6694998432573619,-0.6270435972523095,-0.6207068012804308,-0.5970483353580245,-0.6847288209469304,-0.6221349446941851
14.3,-0.721209837810705,-0.6954737912258431,-0.6664377278043201,-0.604918214188283,-0.6620023653365553,-0.6001317689401457,-0.6846453435690896,-0.6429425196067584,-0.6367111734095453,-0.6134315078338111,-0.699582678253496,-0.6381157021368912
14.32,-0.7353134048880411,-0.7101144971540521,-0.6816404416484292,-0.6211779327075722,-0.677287126534924,-0.6164668691305474,-0.6995008324761487,-0.6585690956070201,-0.6524458387430241,-0.629554834631929,-0.7141401967955876,-0.6538261578345356
14.34,-0.7491054978928139,-0.7244544031064246,-0.6965544169451782,-0.6371745242129901,-0.6922849932224787,-0.632540837883593,-0.7140600172881041,-0.6739167059350833,-0.6679041321768984,-0.6454114860138915,-0.7283952101011181,-0.6692596569381989
14.36,-0.7625802745823183,-0.7384874347901798,-0.7111733362296696,-0.6529012126503129,-0.7069896123984638,-0.6483468663685497,-0.7283167308270494,-0.6889788494410121,-0.6830795056765767,-0.6609947452032193,-0.7423416798372936,-0.6844096619160097
14.38,-0.7757320271270135,-0.7522076479025235,-0.7254910070208503,-0.6683513362945356,-0.7213947552798992,-0.6638782592524738,-0.7422649340399774,-0.7037491458967998,-0.6979655310505486,-0.6762980112306234,-0.7559736983684048,-0.6992697553223995
14.4,-0.7885551845283305,-0.7656092306486106,-0.7395013644446143,-0.6835183505717377,-0.735494319940056,-0.6791284375363128,-0.7558987185568912,-0.7182213386989911,-0.7125559026733261,-0.6913148017301339,-0.7692854912582742,-0.7138336425164991
14.42,-0.801044314978511,-0.7786865062033932,-0.7531984738028347,-0.6983958308313225,-0.7492823338931931,-0.6940909413417266,-0.7692123091935499,-0.7323892975189407,-0.7268444401564645,-0.7060387556849893,-0.7822714197162625,-0.7280951543285002
14.44,-0.8131941281614807,-0.7914339351162786,-0.7665765330872736,-0.7129774750674579,-0.762752956624463,-0.7087594326474506,-0.7822000663978023,-0.7462470208995742,-0.74082509096654,-0.720463636122122,-0.7949259829858276,-0.7420482496728803
14.46,-0.8249994774938011,-0.8038461176576138,-0.7796298754372668,-0.7272571065885663,-0.7759004820639174,-0.7231276979740421,-0.7948564886384581,-0.7597886387975754,-0.754491932988959,-0.7345833327541036,-0.8072438206746093,-0.7556870181073642
14.48,-0.836455362304722,-0.8159177961059686,-0.7923529715401788,-0.7412286766337316,-0.7887193410035619,-0.7371896510158671,-0.8071762147357088,-0.7730084150698983,-0.767839177036532,-0.7483918645674151,-0.819219715025058,-0.7690056823365577
14.5,-0.8475569299544394,-0.8276438569752805,-0.8047404319735755,-0.7548862669349157,-0.8012041034564369,-0.7509393352192285,-0.8191540261320861,-0.7859007499035537,-0.7808611693017348,-0.7618833823559774,-0.8308485931246448,-0.7819986006591635
14.52,-0.8582994778896431,-0.8390193331808891,-0.8167870094881575,-0.7682240922238992,-0.8133494809567248,-0.7643709263055168,-0.8307848491030126,-0.798460182187662,-0.7935523937516256,-0.7750521711988269,-0.8421255290547094,-0.794660269357779
14.540000000000001,-0.8686784556354821,-0.8500394061435635,-0.8284876012304541,-0.7812365026828845,-0.8251503287999129,-0.7774787347383377,-0.8420637569059926,-0.8106813918267419,-0.8059074744644014,-0.7878926528809297,-0.8530457459770561,-0.8069853250302291
14.56,-0.8786894667231224,-0.8606994078306219,-0.8398372509043642,-0.7939179863377218,-0.8366016482220541,-0.7902572081335699,-0.8529859718675549,-0.8225592019942715,-0.817921177906603,-0.8003993882560686,-0.8636046181573852,-0.8189685468614697
14.58,-0.8883282705520624,-0.8709948227332798,-0.8508311508706133,-0.8062631713927473,-0.8476985885172138,-0.8027009336113133,-0.8635468674070431,-0.8340885813255521,-0.8295884151500102,-0.8125670795508395,-0.8737976729247257,-0.8306048588350973
14.6,-0.8975907841864244,-0.8809212897793917,-0.8614646441832315,-0.8182668285062404,-0.8584364490921986,-0.8148046400887503,-0.8737419699964054,-0.8452646460489696,-0.8409042440272743,-0.824390572608748,-0.8836205925660346,-0.8418893318835097
14.620000000000001,-0.9064730840844558,-0.890474604180773,-0.8717332265622149,-0.8299238730055408,-0.8688106814576942,-0.8265632005129494,-0.8835669610551543,-0.8560826620547259,-0.8518638712253929,-0.8358648590734796,-0.8930692161551487,-0.8528171859758351
14.64,-0.914971407760522,-0.8996507192143212,-0.8816325483015017,-0.8412293670408825,-0.8788168911549797,-0.8379716340326434,-0.893017678779685,-0.8665380469001784,-0.8624626543161236,-0.8469850785104072,-0.9021395413153265,-0.8633837921427154
14.66,-0.9230821553788691,-0.9084457479361827,-0.8911584161114863,-0.8521785216770356,-0.8884508396173912,-0.8490251081080951,-0.9020901199061934,-0.8766263717509346,-0.8726961037224893,-0.8577465204654385,-0.9108277259146308,-0.8735846744371151
14.68,-0.9308018912784922,-0.916855964828237,-0.9003067948952673,-0.8627666989218691,-0.8977084459657508,-0.8597189405581236,-0.910780441406432,-0.8863433632568731,-0.8825598846205333,-0.8681446264603404,-0.9191300896934306,-0.8834155118302969
14.700000000000001,-0.9381273454284568,-0.9248778073762024,-0.909073809457891,-0.8729894136909749,-0.9065857887370039,-0.870048601543447,-0.9190849621155919,-0.8956849053623132,-0.8920498187755235,-0.878174991923675,-0.9270431158233373,-0.8928721400421877
14.72,-0.9450554148130658,-0.9325078775786946,-0.9174557461478544,-0.8828423357075205,-0.9150791075453225,-0.8800097154854971,-0.9270001642916209,-0.9046470410495472,-0.9011618863118257,-0.88783336805655,-0.9345634523969065,-0.9019505533053404
14.74,-0.9515831647462767,-0.9397429433865981,-0.9254490544301891,-0.8923212913365267,-0.9231848046749828,-0.8895980629198865,-0.9345226951053176,-0.913225974015009,-0.9098922274156976,-0.8971156636323848,-0.941687913847489,-0.9106469060617466
14.76,-0.9577078301148155,-0.9465799400721433,-0.933050348390445,-0.9014222653527935,-0.9308994466043325,-0.8988095822837415,-0.9416493680605651,-0.9214180702773632,-0.9182371439702812,-0.9060179467299229,-0.9484134822986159,-0.918957514591796
14.780000000000001,-0.9634268165494624,-0.9530159715271013,-0.9402564081689379,-0.9101414026417228,-0.9382197654602126,-0.907640371636161,-0.9483771643441137,-0.9292198597168382,-0.9261931011221013,-0.9145364463987736,-0.954737308842349,-0.9268788585746753
14.8,-0.9687377015240062,-0.9590483114895613,-0.9470641813246659,-0.9184750098323216,-0.9451426604022028,-0.9160866903110473,-0.9547032341043302,-0.9366280375451422,-0.9337567287784063,-0.9226675542567613,-0.9606567147460637,-0.9344075825795504
14.82,-0.9736382353814153,-0.9646744046987571,-0.9534707841283023,-0.9264195568616891,-0.9516651989361217,-0.9241449605016349,-0.9606248976583768,-0.9436394657053555,-0.9409248230347205,-0.9304078260184123,-0.9661691925871398,-0.9415404974869092
14.84,-0.9781263422867758,-0.9698918679774564,-0.9594735027837265,-0.93397167847033,-0.9577846181562112,-0.9318117687760205,-0.9661396466273076,-0.9502511742011895,-0.9476943475319944,-0.9377539829539331,-0.971272407315093,-0.9482745818394521
14.86,-0.982200121106603,-0.9746984912414627,-0.9650697945775666,-0.9411281756276565,-0.9634983259154846,-0.9390838675230754,-0.9712451449986015,-0.9564603623550579,-0.95406243474279,-0.9447029132780603,-0.9759641972406847,-0.9546069831219589
14.88,-0.9858578462141488,-0.979092238435792,-0.970257288956281,-0.947886016887077,-0.9688039019237454,-0.9459581763281126,-0.9759392301156833,-0.9622643999944268,-0.9600263871859441,-0.951251673468189,-0.9802425749516,-0.9605350189695991
14.9,-0.9890979682203669,-0.9830712483971311,-0.975033788530308,-0.954242339670098,-0.9736990987728062,-0.9524317832777272,-0.9802199135940107,-0.9676608285659377,-0.9655836785692075,-0.9573974895112346,-0.9841057281543054,-0.9660561783041647
14.92,-0.9919191146302221,-0.9866338356422174,-0.9793972700048659,-0.9601944514788939,-0.9781818428884758,-0.958501946193268,-0.98408538216334,-0.9726473621768364,-0.9707319548593629,-0.9631377580786862,-0.9875520204417222,-0.9711681223977437
14.94,-0.9943200904240729,-0.9897784910817955,-0.9833458850370088,-0.9657398310368321,-0.9822502354089124,-0.9641660937924067,-0.9875339984358176,-0.9772218885632618,-0.9754690352793809,-0.9684700476293574,-0.9905799919863989,-0.9758686858633939
14.96,-0.996299878563873,-0.9925038826598612,-0.9868779610185706,-0.9708761293564697,-0.9859025529889701,-0.9694218267783138,-0.9905643015995667,-0.981382469984988,-0.9797929132321823,-0.9733920994393744,-0.9931883601588849,-0.9801558775723852
14.98,-0.9978576404239827,-0.9948088559179089,-0.9899920017846736,-0.975601170734569,-0.989137248530196,-0.9742669188559884,-0.9931750080374775,-0.9851273440462371,-0.9837017571506202,-0.977901828558957,-0.9953760200710444,-0.9840278814976302
15.0,-0.9989927161464047,-0.9966924344839555,-0.9926866882474933,-0.9799129536737123,-0.9919529518361717,-0.9786993176753013,-0.9953650118709395,-0.9884549244422209,-0.9871939112733192,-0.9819973246955875,-0.9971420450440796,-0.9874830574829395
15.02,-0.9997046249202961,-0.9981538204861231,-0.9949608789550156,-0.9838096517301234,-0.9943484701929196,-0.9827171457003587,-0.9971333854282847,-0.9913638016310885,-0.9902678963460464,-0.9856768530232014,-0.9984856870010659,-0.9905199419377838
15.040000000000001,-0.999993065185637,-0.9991923948906142,-0.9968136105745493,-0.987289614287337,-0.996322788874129,-0.9863187010048118,-0.9984793796377428,-0.9938527434309992,-0.9929224102483136,-0.9889388549170464,-0.9994063767838328,-0.9931372484572604
15.06,-0.9998579147609691,-0.9998077177639292,-0.9982440983007869,-0.9903513672553897,-0.9978750715709875,-0.9895024579927842,-0.9994024243447442,-0.9959206955420672,-0.9951563285449474,-0.9917819486139077,-0.9999037243940557,-0.9953338683670061
15.08,-0.9992992308951508,-0.9999995284592202,-0.9992517361882427,-0.9929936136952352,-0.9990046607464367,-0.9922670680451042,-0.999902128553433,-0.9975667819929562,-0.9969687049623929,-0.9942049297974125,-0.9999775191584563,-0.9971088711928252
15.1,-0.9983172502431075,-0.9997677457266991,-0.9998360974079289,-0.9952152343681191,-0.9997110779137,-0.9946113600905715,-0.9999782805922905,-0.9987903055119354,-0.9983587717895487,-0.9962067721081722,-0.9996277298180429,-0.9984615050548319
15.120000000000001,-0.9969123887655859,-0.9991124677480543,-0.9999969344281566,-0.9970152882096814,-0.9999940238389667,-0.9965343411020138,-0.9996308482037988,-0.9995907478222388,-0.9993259402029651,-0.9977866275785405,-0.9988545045413513,-0.9993911969859415
15.14,-0.9950852415529553,-0.9980339720948622,-0.999734179119389,-0.9983930127285858,-0.9998533786681462,-0.9980351965169287,-0.998859978558103,-0.9999677698616046,-0.9998698005162651,-0.998943826991808,-0.9976581708616813,-0.9998975531745763
15.16,-0.9928365825731316,-0.9965327156110085,-0.9990479427831005,-0.9993478243295054,-0.9992892019776362,-0.9991132905825268,-0.9976659981906731,-0.9999212119258994,-0.9999901223536858,-0.9996778801656773,-0.9960392355383563,-0.9999803591314818
15.18,-0.9901673643437293,-0.9946093342191734,-0.99793851610463,-0.9998793185603306,-0.9983017327490876,-0.9997681666250319,-0.996049412863984,-0.9994510937367682,-0.9996868547476634,-0.9999884761599019,-0.9939983843420629,-0.999639579780582
15.200000000000001,-0.9870787175285809,-0.9922646426514582,-0.996406369030049,-0.9999872702834922,-0.9968913892681731,-0.9999995472431256,-0.9940109073532784,-0.9985576144332798,-0.9989601261604232,-0.9998754834079979,-0.9915364817643629,-0.9988753594738385
15.22,-0.983571950458795,-0.989499634104269,-0.9944521505670946,-0.9996716337713282,-0.9950587689474036,-0.9998073344254522,-0.9915513451565005,-0.9972411524875737,-0.9978102444295636,-0.9993389497729751,-0.9886545706514995,-0.9976880219301032
15.24,-0.9796485485785557,-0.9863154798176068,-0.992076688510254,-0.9989325427254535,-0.9928046480730688,-0.9991916095921366,-0.9886717681285233,-0.9955022655445408,-0.9962376966376582,-0.9983791025270624,-0.985353871762656,-0.9960780700979932
15.26,-0.9753101738158977,-0.9827135285789372,-0.9892809890901174,-0.9977703102201256,-0.9901299814764067,-0.9981526335602945,-0.985373396039826,-0.9933416901856095,-0.9942431489059307,-0.9969963482554365,-0.9816357832528476,-0.9940461859428454
15.280000000000001,-0.9705586638787245,-0.9786953061518511,-0.9860662365471438,-0.9961854285696274,-0.9870359021291433,-0.9966908464335521,-0.9816576260598067,-0.9907603416167333,-0.9918274461120898,-0.9951912726839957,-0.9775018800806746,-0.9915932301578398
15.3,-0.9653960314763668,-0.9742625146297627,-0.9824337926300244,-0.9941785691197266,-0.9835237206635734,-0.9948068674156211,-0.9775260321649502,-0.9877593132807169,-0.9889916115324451,-0.9929646404312491,-0.9729539133411771,-0.9887202417994156
15.32,-0.9598244634670104,-0.9694170317149129,-0.978385196018855,-0.9917505819632972,-0.9795949248173843,-0.9925014945480076,-0.9729803644721021,-0.9843398763940392,-0.9857368464084534,-0.9903173946844298,-0.967993809524085,-0.9854284378471335
15.34,-0.9538463199313606,-0.964160909922988,-0.9739221616733607,-0.9889024955802269,-0.9752511788034607,-0.9897757043719677,-0.9680225484971302,-0.9805034794083753,-0.98206452943788,-0.9872506567999668,-0.9626236696977665,-0.9817192126881708
15.36,-0.9474641331729238,-0.9584963757136838,-0.9690465801064496,-0.985635516401758,-0.9704943226049333,-0.98663065151485,-0.9626546843392879,-0.9762517473970413,-0.9779762161907924,-0.9837657258284861,-0.9568457686192322,-0.9775941375266679
15.38,-0.9406806066453404,-0.9524258285475946,-0.9637605165834042,-0.9819510282994519,-0.9653263711957754,-0.9830676682010031,-0.9568790457916261,-0.971586481366623,-0.9734736384506292,-0.979864077964539,-0.9506625537705587,-0.9730549597181758
15.4,-0.93349861380722,-0.9459518398698153,-0.9580662102470477,-0.9778505919989896,-0.9597495136872709,-0.9790882636874538,-0.9506980793778287,-0.9665096574940818,-0.9685587034806286,-0.9755473659212976,-0.944076644322155,-0.968103602029489
15.42,-0.9259211969049619,-0.9390771520206952,-0.9519660731692576,-0.9733359444190581,-0.9537661124007225,-0.9746941236245956,-0.9441144033158805,-0.9610234262896583,-0.9632334932159236,-0.9708174182304756,-0.9370908300232939,-0.962742161824172
15.44,-0.9179515656840793,-0.9318046770741995,-0.9454626893292271,-0.968408997935603,-0.9473787018667865,-0.9698871093421575,-0.9371308064090074,-0.9551301116859301,-0.957500263381648,-0.9656762384677743,-0.9297080700203969,-0.9569729101741307
15.46,-0.9095930960295713,-0.924137495604371,-0.9385588135189082,-0.9630718395717578,-0.9405899877518609,-0.9646692570607572,-0.9297502468643564,-0.9488322100534083,-0.9513614425374243,-0.9601260044041784,-0.921931491603554,-0.9507982908975995
15.48,-0.9008493285359195,-0.9160788553804217,-0.9312573701760987,-0.9573267301137948,-0.9334028457119844,-0.9590427770293697,-0.9219758510399185,-0.9421323891430916,-0.9448196310486433,-0.9541690670834688,-0.9137643888818267,-0.9442209195239566
15.5,-0.891723967007315,-0.907632169990997,-0.9235614521456713,-0.9511761031534699,-0.925820320174725,-0.9530100525890826,-0.9138109121202229,-0.9350334869564232,-0.9378775999849644,-0.9478079498263343,-0.905210221387885,-0.9372435821858018
15.52,-0.8822208768887507,-0.8988010173982021,-0.9154743193694621,-0.944622564057169,-0.9178456230495816,-0.9465736391635255,-0.9052588887213655,-0.927538510543132,-0.9305382899465077,-0.9410453471615091,-0.8962726126125669,-0.929869234438769
15.540000000000001,-0.8723440836286427,-0.8895891384219992,-0.9069993975053802,-0.9376688888622913,-0.9094821323674379,-0.9397362631764099,-0.8963234034259605,-0.9196506347274653,-0.9228048098182366,-0.933884123684389,-0.8869553484699954,-0.9221010000095712
15.56,-0.8620977709736766,-0.8800004351556218,-0.8981402764763212,-0.9303180231013373,-0.9007333908496503,-0.9325008208966331,-0.8870082412486384,-0.9113732007633536,-0.9146804354530517,-0.9263273128436031,-0.8772623756938889,-0.9139421694728097
15.58,-0.8514862791965988,-0.8700389693126689,-0.8889007089494987,-0.9225730805542004,-0.8916031044073756,-0.9248703772114374,-0.8773173480327369,-0.9027097149190767,-0.9061686082841625,-0.9183781156560684,-0.8671978001657461,-0.9053961988571084
15.6,-0.8405141032577053,-0.8597089605065923,-0.8792846087468386,-0.9144373419291891,-0.8820951405717683,-0.916848164328143,-0.8672548287788676,-0.8936638469920304,-0.8972729338673164,-0.9100398993510576,-0.8567658851756247,-0.8964667081811613
15.620000000000001,-0.8291858909008039,-0.849014784463295,-0.8692960491871083,-0.9059142534733408,-0.8722135268557203,-0.9084375804050063,-0.8568249459060637,-0.8842394287542243,-0.8879971803535095,-0.9013161959438626,-0.8459710496162396,-0.8871574799203141
15.64,-0.8175064406844607,-0.8379609711676008,-0.858939261360486,-0.8970074255126121,-0.8619624490478307,-0.8996421881117812,-0.8460321174462461,-0.8744404523291676,-0.8783452768928199,-0.8922107007396555,-0.8348178661111424,-0.8774724574043375
15.66,-0.8054806999493604,-0.8265522029443821,-0.8482186323362969,-0.8877206309225691,-0.8513462494393353,-0.8904657131205949,-0.8348809151727716,-0.8642710685008302,-0.8683213119700481,-0.882727270768182,-0.8233110590777929,-0.8674157431470517
15.68,-0.7931137627226453,-0.8147933124751563,-0.8371387033046791,-0.8780578035302203,-0.8403694249847371,-0.8809120425277769,-0.8233760626638648,-0.853735584955398,-0.8579295316728583,-0.872869923149944,-0.8114555027263238,-0.8569915971085302
15.700000000000001,-0.7804108675601169,-0.8026892807509932,-0.825704167652964,-0.8680230364476735,-0.8290366253969257,-0.8709852232073102,-0.8115224333017343,-0.8428384644565641,-0.8471743378931623,-0.8626428333945771,-0.7992562189948567,-0.8462044348906077
15.72,-0.7673773953272173,-0.7902452349626012,-0.8139198689775876,-0.8576205803383188,-0.817352651177588,-0.8606894600966006,-0.7993250482082415,-0.8315843229551284,-0.8360602864625092,-0.8520503336321301,-0.7867183754222432,-0.8350588258664591
15.74,-0.7540188669197295,-0.7774664463284752,-0.801790799032374,-0.8468548416162748,-0.8053224515837486,-0.8500291144152912,-0.7867890741179844,-0.8199779276337164,-0.8245920852222611,-0.8410969107780022,-0.7738472829591219,-0.8235594912450419
15.76,-0.7403409409251602,-0.7643583278620482,-0.7893220956140604,-0.8357303805798603,-0.7929511225312937,-0.8390087018178813,-0.773919821189703,-0.8080241948874249,-0.8127745920293832,-0.8297872046323143,-0.7606483937182397,-0.8117113020712232
15.780000000000001,-0.726349411225799,-0.750926432078772,-0.7765190403859583,-0.82425190947988,-0.7802439044363743,-0.8276328904809205,-0.7607227407569292,-0.795728188241271,-0.8006128126986842,-0.8181260059145191,-0.7471272986649699,-0.799519277162435
15.8,-0.7120502045444661,-0.7371764486441063,-0.7633870566406757,-0.8124242905235461,-0.7672061799955991,-0.8159064991255992,-0.7472034230188366,-0.7830951162053144,-0.7881118988823895,-0.8061182542340832,-0.733289725249017,-0.7869885809827355
15.82,-0.6974493779339909,-0.723114201963413,-0.7499317070028443,-0.8002525338148777,-0.7538434719059582,-0.8038344949765699,-0.7333675946722676,-0.7701303300683655,-0.7752771458879304,-0.793769035998102,-0.7191415349782985,-0.7741245214551752
15.84,-0.6825531162114798,-0.7087456487147751,-0.7361586910728269,-0.7877417952324526,-0.7401614405254461,-0.7914219916578616,-0.7192211164859422,-0.7568393216312148,-0.7621139904348861,-0.7810835822567231,-0.7046887209360544,-0.7609325477133946
15.860000000000001,-0.6673677293384755,-0.6940768753257858,-0.722073843012404,-0.7748973742454102,-0.7261658814753675,-0.7786742470267823,-0.704769980817872,-0.7432277208803401,-0.7486280083520256,-0.7680672664873143,-0.6899374052422133,-0.7474182477934054
15.88,-0.6518996497480893,-0.6791140953953768,-0.7076831290734585,-0.7617247116686303,-0.7118627231853502,-0.7655966609467235,-0.6900203090770372,-0.72930129360308,-0.7348249122154188,-0.7547256023182896,-0.6748938364601011,-0.7335873462665345
15.9,-0.6361554296202662,-0.6638636470617771,-0.6929926450707115,-0.7482293873580383,-0.6972580243820996,-0.7521947729998122,-0.6749783491303954,-0.715065938945284,-0.7207105489286308,-0.7410642411935718,-0.6595643869495895,-0.7194457018145323
15.92,-0.620141738106323,-0.6483319903177182,-0.6780086137995717,-0.7344171178470141,-0.6823579715229612,-0.7384742601403801,-0.6596504726563263,-0.7005276869124709,-0.7062908972460072,-0.7270889699786773,-0.6439555501678053,-0.7049993047478713
15.94,-0.6038653585039385,-0.6325257042740219,-0.662737382400201,-0.7202937539249044,-0.6671688761753748,-0.724440934290241,-0.6440431724456278,-0.6856926958155576,-0.691572065240112,-0.712805708509436,-0.6280739379185453,-0.6902542744682905
15.96,-0.5873331853837922,-0.6164514843727319,-0.6471854196689046,-0.7058652781586662,-0.6516971723433393,-0.7101007398767987,-0.6281630596512128,-0.6705672496622376,-0.6765602877143881,-0.6982205070843868,-0.6119262775515508,-0.675216856876654
15.98,-0.5705522216690672,-0.600116139550969,-0.6313593133179892,-0.6911378023586894,-0.6359494137420054,-0.6954597513150241,-0.6120168609876656,-0.6551577554951152,-0.6612619235621334,-0.68333954390191,-0.5955194091128534,-0.6598934217272288
16.0,-0.5535295756690572,-0.5835265893567008,-0.6152657671852563,-0.676117564989873,-0.6199322710215649,-0.6805241704343735,-0.5956114158818494,-0.6394707406777236,-0.6456834530729136,-0.6681691224431815,-0.5788602824473718,-0.6442904599294961
16.02,-0.5362724580681321,-0.5666898610176736,-0.5989115983942925,-0.6608109285290504,-0.6036525289416055,-0.6653003238517317,-0.5789536735757681,-0.6235128501295746,-0.6298314751875562,-0.6527156688020586,-0.5619559542550019,-0.6284145807986445
16.04,-0.5187881788713373,-0.5496130864647207,-0.5823037344667816,-0.645224376769886,-0.5871170834971308,-0.6497946602914976,-0.5620506901829121,-0.6072908435114136,-0.6137127047028774,-0.6369857289630273,-0.5448135851014442,-0.6122725092559057
16.06,-0.5010841443079231,-0.5323034993107217,-0.5654492103880506,-0.6293645120763803,-0.5703329389974595,-0.6340137478539466,-0.544909625699333,-0.5908115923618702,-0.5973339694273387,-0.6209859660283679,-0.5274404363850332,-0.5958710829799206
16.080000000000002,-0.4831678536941125,-0.5147684317864909,-0.5483551656270947,-0.6132380525861514,-0.5533072050992458,-0.617964271233024,-0.5275377409707158,-0.5740820771867182,-0.58070220728883,-0.6047231573956994,-0.5098438672608558,-0.5792172495103426
16.1,-0.4650468962564389,-0.49701531163489,-0.5310288411123436,-0.5968518293646743,-0.5360470937948718,-0.6016530288847521,-0.5099423946167299,-0.5571093845019779,-0.5638244633958084,-0.5882041918871245,-0.49203133152346296,-0.5623180633049006
16.12,-0.44672894791699796,-0.47905165896448443,-0.5134775761644508,-0.5802127835116854,-0.5185599163574983,-0.5850869301474472,-0.49213103991396556,-0.5399007038321127,-0.5467078870530341,-0.5714360668311665,-0.47401037444948046,-0.545180682751185
16.14,-0.4282217680419762,-0.46088508306407305,-0.49570880538740364,-0.5633279632209763,-0.5008530802440517,-0.5682729923149676,-0.47411122163877284,-0.5224633246645933,-0.5293597287331716,-0.5544258850987451,-0.4557886296014872,-0.5278123671343914
16.16,-0.4095331961548326,-0.4425232791794416,-0.4777300555192727,-0.5462045207948247,-0.4829340859574739,-0.5512183376642333,-0.4558905728713429,-0.504804633362116,-0.5117873370055335,-0.5371808520944457,-0.4373738155944838,-0.5102204735623361
16.18,-0.3906711486155266,-0.42397402525370614,-0.45954894224393356,-0.5288497096143242,-0.4648105238695566,-0.5339301904382744,-0.43747681176238334,-0.4869321100337876,-0.4939981554232778,-0.5197082727043557,-0.4187737328263361,-0.49241245384903315
16.2,-0.37164361526719847,-0.4052451786326253,-0.44117316696511133,-0.511270881066898,-0.4464900710057089,-0.516415873786085,-0.4188777382637593,-0.4688533253665982,-0.47599971937036223,-0.5020155482017619,-0.3999962601735767,-0.4743958513581522
16.22,-0.35245865605172255,-0.3863446727362793,-0.4226105135441156,-0.49347548143229875,-0.42798048779301784,-0.49868280666059295,-0.4001012308244831,-0.45057593741852675,-0.45779965286960467,-0.4841101731120174,-0.3810493516539628,-0.45617829780769864
16.240000000000002,-0.33312439759556745,-0.3672805136985233,-0.40386884500264586,-0.47547104872841134,-0.40928961477298087,-0.48073850067602947,-0.3811552430534538,-0.43210768837463626,-0.43940566535319586,-0.46599973203790923,-0.3619410330572052,-0.437767510037266
16.26,-0.3136490297674086,-0.3480607769756404,-0.38495610019206605,-0.45726520951819694,-0.39042536928030275,-0.4625905569260605,-0.3620478003503588,-0.4134564012675339,-0.42082554839703307,-0.44769189644686863,-0.3426793985452947,-0.41917128673923204
16.28,-0.2940408022089523,-0.3286936039256296,-0.3658802904305574,-0.43886567567912915,-0.37139574208916276,-0.44424666276401165,-0.342786996506166,-0.3946299766635838,-0.4020671724202581,-0.4291944214213862,-0.3232726072238668,-0.4003975051552824
16.3,-0.2743080208404398,-0.30918719835957853,-0.3466494961095754,-0.4202802411364922,-0.3522087940283737,-0.42571458854655453,-0.32338099027464534,-0.37563638931627785,-0.3831384833513979,-0.4105151423740085,-0.3037288796860565,-0.38145411773966104
16.32,-0.2544590443423128,-0.28954982306658156,-0.327271863271047,-0.40151677856192364,-0.33287265256686466,-0.407002184342233,-0.3038380019163727,-0.3564836847881807,-0.36404749926252,-0.3916619717283073,-0.28405649453030746,-0.3623491487905615
16.34,-0.23450228061452932,-0.26978979631367456,-0.30775560015675985,-0.3825832360386008,-0.3133955083709418,-0.38811737660622414,-0.2841663097166801,-0.33717997604288086,-0.3448023069728281,-0.37264289556722735,-0.2642637848536104,-0.3430906910510853
16.36,-0.214446183215031,-0.24991548832227037,-0.28810897373140265,-0.3634876336944836,-0.2937856118347695,-0.3690681648227425,-0.26437424647902635,-0.31773344000839093,-0.3254110586231372,-0.35346597025023235,-0.2443591347216598,-0.3236869022812072
16.38,-0.19429924777886984,-0.22993531772258619,-0.2683403061807322,-0.34423806030503934,-0.2740512695855574,-0.3498626181165095,-0.24447019599527514,-0.29815231411345317,-0.3058819682226768,-0.3341393190006826,-0.22435097561740686,-0.30414600180220064
16.4,-0.17407000841951129,-0.2098577479875654,-0.24845797138634806,-0.3248426698668888,-0.25420084096492623,-0.33050887183472344,-0.22446258949437378,-0.2784448927982169,-0.2862233081696941,-0.3146711284648894,-0.20424778286954715,-0.2844762670149851
16.42,-0.15376703411383824,-0.18969128384780456,-0.2284703913785701,-0.30530967814382554,-0.23424273448794383,-0.3110151241009787,-0.2043599020709387,-0.25861952400076677,-0.26644340574731373,-0.29506964524430374,-0.18405807206242214,-0.264686029893872
16.44,-0.13339892507238693,-0.1694444676890035,-0.2083860327689197,-0.28564735918667045,-0.21418540428133193,-0.2913896323425923,-0.18417064909525913,-0.23868460562098928,-0.24655063959615542,-0.2753431724023084,-0.1637903954288719,-0.2447836734571938
16.46,-0.1129743090963526,-0.14912587593346535,-0.18821340316371749,-0.2658640418284367,-0.1940373465023517,-0.2716407097928108,-0.1639033826062406,-0.21864858196327586,-0.22655343616519524,-0.25550006594709324,-0.14345333822756365,-0.2247776282163102
16.48,-0.09250183792290792,-0.1287441154071786,-0.16796104756031516,-0.24596810615628908,-0.17380709573988587,-0.25177672196937717,-0.14356668768881578,-0.1985199401595694,-0.20646026614237536,-0.23554873129210366,-0.12305551510633106,-0.20467636860449784
16.5,-0.0719901835603822,-0.10830781969402044,-0.14763754472748922,-0.2259679799617925,-0.15350322139924127,-0.23180608313095125,-0.12316917883735715,-0.17830720657426924,-0.18627964086647483,-0.21549761969556064,-0.10260556645306422,-0.18448840938723401
16.52,-0.05144803461485398,-0.08782564547862931,-0.12725150357152926,-0.2058721351709532,-0.13313432407220316,-0.21173725271288318,-0.10271949630663214,-0.15801894319251755,-0.1660201087217605,-0.1953552246805618,-0.08211215473569644,-0.16422230205539648
16.54,-0.030884092609712796,-0.06730626887947777,-0.10681155948955989,-0.18568908425556488,-0.1127090318938796,-0.19157873174385048,-0.08222630245184624,-0.13766374399339693,-0.14569025151694606,-0.17513007843727918,-0.061583960832838,-0.14388663120290626
16.56,-0.010307068299749401,-0.046758381773734536,-0.08632637071164181,-0.16542737662737983,-0.09223599688787817,-0.1713390592448765,-0.061698278059324554,-0.11725023130957571,-0.12529868084999257,-0.15483074820877774,-0.04102968035661132,-0.12349001089034851
16.580000000000002,0.010274322018664515,-0.02619068811543729,-0.06580461463320056,-0.1450955950166327,-0.0717238913013641,-0.15102680861225554,-0.041144118669385964,-0.09678705217494268,-0.10485403446029028,-0.13446583266198586,-0.020458019969245064,-0.10304108099611123
16.6,0.030851360199743903,-0.005611900248553127,-0.04525498413933713,-0.12470235183645059,-0.05118140393155151,-0.13065058398591686,-0.020572530892967764,-0.07628287466177876,-0.08436497256976744,-0.1140439582453548,0.00012230630501251473,-0.08254850355658788
16.62,0.05141532994124135,0.014969264783514782,-0.024686183922577293,-0.10425628553468977,-0.03061723644518433,-0.11021901660476571,7.771276439325299e-06,-0.05574638420901673,-0.06384017421447542,-0.09357377553475014,0.02070258077109868,-0.062020959096993955
16.64,0.07195752047661719,0.0355440889304148,-0.0041069267956192635,-0.08376605693474415,-0.010040099692565703,-0.0897407611505457,0.020588070153983236,-0.03518627994314467,-0.04328833356820433,-0.07306395556912645,0.04127408575589631,-0.04146714295435186
16.66,0.09246923026486464,0.05610385682774318,0.016474069999358215,-0.06324034556687577,0.010541289982302682,-0.0692244920817706,0.04115964805620632,-0.014611270993311413,-0.022718156259686373,-0.052523186177519915,0.06182810730098469,-0.020895761594201485
16.68,0.11294177067642723,0.07663985948883822,0.037048088483264116,-0.04268784599162106,0.031118214433908383,-0.04867889995927912,0.061713790993800484,0.005969927197805051,-0.0021383556849470732,-0.03196016829894983,0.08235593885381673,-0.0003155289225969575
16.7,0.1333664696736468,0.09714339799383727,0.0576064136329755,-0.022117264116830345,0.051681957408179074,-0.028112687764968617,0.08224179236279758,0.02654859656580357,0.01844235068363381,-0.011383612296752794,0.10284888495575917,0.020264837405048492
16.72,0.1537346754841834,0.11760578717448733,0.0781403370729658,-0.001537313509900853,0.072223808234634,-0.007534567215267502,0.1027349566326313,0.04711602011747636,0.03901524498998802,0.009197765731071669,0.12329826492543347,0.04083661967670578
16.740000000000002,0.1740377602658511,0.13801835929312697,0.0986411607641172,0.019043288293234983,0.09273506551616316,0.013046744929092366,0.12318460302950855,0.06766348562327175,0.059571612687187074,0.02977524764394473,0.14369541653579707,0.061391103816497226
16.76,0.19426712376131666,0.15837246771428484,0.11910020068815454,0.03961582348080216,0.113207040814889,0.03362253055543997,0.14358206921352992,0.08818228930773914,0.08010274622886882,0.050340116951657014,0.16403169968340756,0.08191958307592359
16.78,0.214414196941114,0.17865949056733915,0.13950879052614015,0.06017157765799263,0.1336310623325316,0.0541840738921021,0.16391871494800164,0.10866373953639277,0.10059994875770033,0.07088366250661833,0.18429850004831555,0.10241336172198724
16.8,0.23447044563343025,0.19887083439868736,0.15985828532947136,0.08070184353832739,0.15399847858372706,0.0747226652003487,0.1841859257593848,0.12909916049743275,0.12105453778930597,0.09139718219384427,0.20448723274303557,0.12286375872064924
16.82,0.25442737413912686,0.21899793781187823,0.18014006518182551,0.10119792463200758,0.17430066206074168,0.0952296044637827,0.20437511658633145,0.1494798958767637,0.14145784889011775,0.11187198661711664,0.22458934594904978,0.14326211141406
16.84,0.27427652883046316,0.2390322750941649,0.20034553885050174,0.12165113892969212,0.1945290128880292,0.1156962050736115,0.22447773541626181,0.169797312524754,0.1618012393475724,0.13229940277975638,0.24459632453930374,0.1635997791900061
16.86,0.2940095017319997,0.2589653598279423,0.22046614742561238,0.14205282258014154,0.21467496246508327,0.13611379750823913,0.24448526690794245,0.19004280411318328,0.18207609183110934,0.1526707777584496,0.2644996936851601,0.1838681471420183
16.88,0.3136179340821627,0.2787887484855397,0.24049336794558246,0.16239433356017016,0.23472997709604207,0.15647373300562026,0.2643892359985304,0.21020779478082802,0.20227381804241695,0.17297748236857435,0.28429102244628174,0.20405862971859123
16.9,0.3330935198739623,0.29849404400584534,0.26041871700742214,0.18266705533535207,0.25468556160450745,0.1767673872268209,0.2841812114935559,0.23028374276614175,0.2223858623533811,0.1932109148194542,0.3039619273419214,0.2241626743599683
16.92,0.35242800937336427,0.3180728993512478,0.2802337543602421,0.20286240050993015,0.27453326293204755,0.19698616390923315,0.3038528096383226,0.2502621440254908,0.24240370543019457,0.21336250435804296,0.32350407590212044,0.24417176512095137
16.94,0.3716132126138247,0.3375170210433878,0.29993008648048997,0.22297181446438225,0.2942646737188584,0.21712149850789744,0.3233956976692126,0.270134535835413,0.26231886784209274,0.233423714899427,0.34290919019728006,0.26407742627820097
16.96,0.3906410028655076,0.3568181726762234,0.31949937012739343,0.2429867789791034,0.31387143586506816,0.23716486182338914,0.34280159734339205,0.2898925003773735,0.28212291365318615,0.25338604864266,0.3621690503446429,0.2838712259204987
16.98,0.40950332007771595,0.3759681784049184,0.3389333158771039,0.2628988158426695,0.3333452440711748,0.2571077636147331,0.36206228844542204,0.3095276683034989,0.3018074539958696,0.2732410496703773,0.3812754979901831,0.30354477952045095
17.0,0.4281921742930778,0.39495892640907865,0.3582236916340436,0.28269949044315357,0.35267784935611785,0.27694175619581557,0.38116961226928947,0.3290317222817798,0.3213641506242926,0.2929803075306685,0.4002204397644327,0.3230897534861215
17.02,0.4466996490320413,0.413782372328867,0.3773623261179688,0.30238041534097354,0.3718610625514948,0.2966584380137703,0.40011547507438294,0.3483964005192395,0.3407847194463872,0.3125954607996913,0.41899585071078194,0.34249786869108784
17.04,0.4650179046462449,0.43243054267254327,0.3963411123252721,0.32193325382175847,0.3908867577704401,0.31624945720782277,0.4188918515139498,0.367613500261577,0.3600609340329572,0.33207820062351756,0.43759377768479907,0.36176090398142635
17.06,0.48313918163934255,0.4508955381939844,0.41515201096305726,0.34134972342772724,0.4097468758496991,0.33570651514708505,0.4374907880345817,0.3866748812678015,0.37918462910234013,0.3514202742377106,0.45600634272313234,0.38087069965814074
17.080000000000002,0.5010558039538768,0.46916953723875476,0.433787053854533,0.36062159946608524,0.4284334277634387,0.35502136994580313,0.4559044062452893,0.4055724692583863,0.39814770397916954,0.3706134884631438,0.4742257463805646,0.39981916093355846
17.1,0.5187601822228081,0.487244799057309,0.4522383473142811,0.3797407184929516,0.4469384980073472,0.3741858399545673,0.4741249062547382,0.42429825933548254,0.4169421260257687,0.389649713176579,0.4922442710338087,0.4185982613602313
17.12,0.5362448169843218,0.5051136670839245,0.470498075491972,0.39869898177134216,0.4652542479515919,0.39319180722600633,0.49214456997523376,0.44284431937374263,0.43555993404472515,0.40852088475453496,0.5100542841506437,0.4372000462308875
17.14,0.5535023018585529,0.5227685721799735,0.4885585036831088,0.4174883587017427,0.4833729191612126,0.41203122095349853,0.5099557643920531,0.4612027933803183,0.45399324165120314,0.42721900948898683,0.5276482415230066,0.45561663594799456
17.16,0.5705253266848811,0.5402020358401625,0.5064119816053989,0.4361008902238199,0.5012868366825453,0.4306961008814422,0.5275509447967426,0.47936590482260855,0.4722342406135657,0.44573616697344987,0.5450186904626712,0.4738402293615072
17.18,0.5873066806184682,0.5574066733603787,0.5240509466393648,0.4545286921878283,0.5189884122942832,0.44917854068564084,0.5449226579830067,0.49732595992235007,0.4902752041608924,0.4640645134580133,0.5621582729581587,0.4918631070733843
17.2,0.6038392551847265,0.5743751969658042,0.5414679270318213,0.47276395869428617,0.5364701477217997,0.46747071132237167,0.5620635454038403,0.5150753509146521,0.5081084902559895,0.48219628517190266,0.5790597287915452,0.509677634707477
17.22,0.6201160472904225,0.5911004188979708,0.5586555450608631,0.4907989654005047,0.5537246378133691,0.4855648643447189,0.5789663462885613,0.5326065592705972,0.5257265448325088,0.5001238016121637,0.5957158986138434,0.5272762661434015
17.240000000000002,0.6361301621901431,0.6075752544594486,0.5756065201610203,0.5086260727925702,0.570744573676942,0.5034533351847664,0.5956239007184271,0.5499121588820427,0.5431219049948018,0.5178394687970745,0.6121197269776572,0.5446515467130281
17.26,0.6518748164068662,0.6237927250148788,0.5923136720072597,0.5262377294213937,0.587522745776145,0.5211285464002595,0.6120291526595306,0.5669848192072722,0.5602872021791551,0.5353357824829078,0.6282642653258239,0.5617961163582303
17.28,0.6673433406053972,0.6397459609470791,0.6087699235565246,0.5436264751014567,0.6040520469841953,0.5385830108843619,0.6281751529516912,0.5838173083761665,0.5772151652750659,0.5526053313426805,0.6441426749347797,0.5787027127485596
17.3,0.6825291824174584,0.6554282045669698,0.6249683040455253,0.5607849440708979,0.6203254755944331,0.5558093350371456,0.6440550622520748,0.6004024962535778,0.5938986237052396,0.5696408001055449,0.6597482298113986,0.5953641743575212
17.32,0.6974259092172288,0.6708328129760879,0.64090195194351,0.5777058681116032,0.6363361382862005,0.5728002218974733,0.6596621539322953,0.6167333574596094,0.6103305104629996,0.5864349726554907,0.6750743195420803,0.6117734434961519
17.34,0.7120272108461649,0.685953260880476,0.6565641178587656,0.5943820796279767,0.6520772530448087,0.5895484742339447,0.6749898169277727,0.6328029743455222,0.6265038651058266,0.6029807350880457,0.6901144520928797,0.627923569302612
17.36,0.7263269022859425,0.7007831433547564,0.6719481673976165,0.6108065146830886,0.6675421520343551,0.6060469975935973,0.6900315585381367,0.6486045399240059,0.6424118367037577,0.6192710787236805,0.7048622565594906,0.6438077106865252
17.38,0.740318926278392,0.7153161785552156,0.6870475839747122,0.6269722159909131,0.682724284422177,0.6222888033070719,0.7047810071774937,0.6641313607525763,0.6580476867413969,0.6352991030766404,0.7193114858659208,0.6594191392268226
17.400000000000002,0.7539973558913134,0.7295462103807535,0.701855971573411,0.6428723358633914,0.6976172191537424,0.6382670114489684,0.7192319150733903,0.6793768597688741,0.6734047919723068,0.6510580187779473,0.7334560194107128,0.6747512420218574
17.42,0.7673563970290879,0.7434672110805692,0.7163670574550917,0.6585001391110682,0.7122146476768034,0.6539748537521382,0.7333781609133296,0.6943345790766671,0.6884766472245739,0.6665411504513329,0.7472898656595924,0.6897975244905886
17.44,0.7803903908870191,0.7570732838074768,0.7305746948162457,0.6738490058960752,0.7265103866136591,0.669405676474679,0.7472137524377198,0.7089981826813739,0.703256868156358,0.6817419395408858,0.7608071646834441,0.7045516131236441
17.46,0.7930938163483675,0.7703586651157736,0.7444728653922246,0.688912434536252,0.7404983803803944,0.6845529432184176,0.7607328289781579,0.7233614591739508,0.7177391939602585,0.6966539470892139,0.7740021906405397,0.7190072581830986
17.48,0.8054612923230594,0.7833177274025973,0.7580556820065376,0.7036840442592176,0.7541727037519877,0.6994102376976866,0.7739296639399706,0.7374183243620044,0.7319174900153529,0.7112708564649457,0.7868693542019681,0.7331583363498229
17.5,0.8174875800270831,0.7959449812917444,0.7713173910646227,0.7181575779052246,0.7675275643721977,0.713971266457222,0.7867986672279648,0.7511628238470178,0.7457857504857826,0.7255864760384152,0.7994032049192404,0.7469988533172822
17.52,0.829167585201604,0.808235077958934,0.7842523749910324,0.7323269045776525,0.7805573052071687,0.7282298615380305,0.7993343876143544,0.7645891355465954,0.759338100864787,0.7395947418043967,0.8115984335330638,0.7605229463306875
17.54,0.8404963602708606,0.8201828113975358,0.7968551546090029,0.7461860222400161,0.7932564069417144,0.742179983090098,0.8115315150478669,0.7776915721606595,0.7725688004631073,0.7532897199507783,0.8234498742223112,0.7737248866704196
17.56,0.8514691064379253,0.8317831206238014,0.8091203914613989,0.7597290602583899,0.8056194903172644,0.7558157219308317,0.8233848829030471,0.7904645835805552,0.7854722448407057,0.7666656093720882,0.834952506792229,0.7865990820786793
17.580000000000002,0.862081175717445,0.8430310918206653,0.821042890072049,0.772950281888172,0.817641318410484,0.7691313020481515,0.8348894701688067,0.8029027592400401,0.79804296818077,0.7797167441268044,0.8461014588009607,0.799140079128332
17.6,0.872328072904498,0.8539219604192052,0.8326176001465173,0.7858440867041314,0.8293167988516014,0.7821210830471724,0.8460404035752921,0.8150008304071666,0.810275645605,0.7924375958374124,0.8568920076234814,0.811342565532944
17.62,0.8822054574787335,0.8644511131168844,0.8438396187113755,0.798405012972713,0.8406409859815028,0.7947795625394403,0.856832959658171,0.8267536724160829,0.8221650954291908,0.8048227760321908,0.8673195824520721,0.8232013723970343
17.64,0.8917091454429888,0.8746140898317167,0.8547041921910712,0.8106277399655936,0.8516090829466832,0.8071013784737074,0.8672625667594618,0.838156306837808,0.8337062813581616,0.8168670384277328,0.8773797662324847,0.8347114764055847
17.66,0.9008351110956044,0.8844065855915287,0.8652067184215125,0.8225070902135073,0.8622164437311616,0.8190813114072643,0.8773248069640585,0.8492039035890637,0.8448943146190987,0.8285652811512391,0.8870682975349777,0.8458680019518848
17.68,0.9095794887356844,0.8938244523575187,0.8753427485995148,0.8340380316993901,0.8724585751245044,0.8307142867168616,0.8870154179711315,0.8598917829782664,0.8557244560324079,0.8399125489016386,0.8963810723594312,0.8566662232028075
17.7,0.9179385743005835,0.9028637007813395,0.8851079891672861,0.8452156799899084,0.882331138625121,0.8419953767482891,0.8963302948996111,0.8702154176878147,0.8661921180192008,0.850904035048622,0.9053141458737746,0.8671015661006422
17.72,0.9259088269349242,0.9115205018949608,0.8944983036311503,0.8560353003044756,0.891829952278025,0.8529198029036972,0.9052654920269891,0.8801704346918326,0.8762928665445647,0.8615350836687001,0.9138637340849926,0.8771696103006358
17.740000000000002,0.9334868704904806,0.9197911887325959,0.9035097143137399,0.8664923095208739,0.9009509924462835,0.863482937665782,0.9138172244607012,0.8897526171085549,0.8860224229957906,0.8718011915174233,0.9220262154420009,0.8868660910434233
17.76,0.9406694949562935,0.9276722578840051,0.9121384040389144,0.8765822781166359,0.9096903955154046,0.8736803065579714,0.9219818697413842,0.898957905986572,0.895376665994767,0.881698009936927,0.9297981323697118,0.8961869009615525
17.78,0.9474536578184098,0.9351603709785175,0.9203807177486922,0.8863009320453623,0.9180444595299398,0.8835075900397846,0.9297559693773257,0.9077824020241752,0.9043516331437687,0.8912213466979958,0.9371761927336406,0.9051280918193384
17.8,0.953836485348673,0.9422523560991436,0.9282331640515095,0.8956441545471805,0.9260096457616083,0.8929606253365628,0.9371362303094602,0.9162223672210766,0.912943522703904,0.9003671677758646,0.9441572712344335,0.9136858761853108
17.82,0.9598152738220155,0.9489452091261799,0.9356924167011517,0.9046079878925778,0.93358258020828,0.9020354082027932,0.944119526306287,0.9242742264618022,0.9211486952055068,0.909131599059006,0.9507384107317243,0.9218566290365465
17.84,0.9653874906617395,0.9552360950097338,0.94275531600573,0.9131886350588708,0.9407600550231815,0.9107280946182821,0.9507028992881227,0.9319345690300876,0.9289636749897922,0.9175109279901794,0.9569168234967597,0.9296368892942053
17.86,0.9705507755123002,0.9611223489706335,0.9494188701661073,0.9213824613385995,0.9475390298737192,0.9190350024164577,0.9568835605801242,0.939200150053636,0.9363851516811241,0.9255016051390466,0.9626898923932641,0.9370233612896214
17.88,0.9753029412391377,0.9666014776292111,0.955680256543204,0.9291859958791665,0.9539166332293452,0.9269526128441121,0.9626588920935543,0.9460678918786254,0.9434099815892691,0.9331002457056871,0.9680551719860415,0.9440129161603275
17.900000000000002,0.9796419748551334,0.9716711600614821,0.9615368228536513,0.9365959331530682,0.9598901635779189,0.9344775720519226,0.9680264474347868,0.9525348853733829,0.9500351890410437,0.9403036309543791,0.9730103895768465,0.9506025931754206
17.92,0.9835660383732974,0.9763292487822746,0.9669860882932807,0.9436091343580947,0.9654570905700508,0.9416066925151212,0.9729839529415837,0.9585983911606749,0.9562579676407897,0.9471087095770344,0.9775534461670843,0.95678960098971
17.94,0.9870734695853294,0.9805737706548897,0.9720257445879772,0.9502226287469068,0.9706150560909418,0.9483369543837096,0.9775293086462037,0.9642558407780891,0.9620756814591469,0.9535125989857134,0.9816824173469338,0.9625713188261116
17.96,0.9901627827657189,0.9844029277269103,0.9766536569714493,0.9564336148854254,0.9753618752592661,0.9546655067616486,0.9816605891649354,0.9695048377660196,0.9674858661496147,0.959512586533671,0.9853955541105149,0.9679452975857936
17.98,0.9928326693010893,0.9878150979918019,0.9808678650895025,0.9622394618395017,0.9796955373526731,0.9605896689144792,0.9853760445136774,0.974343158682791,0.9724862299924346,0.9651061306644166,0.9886912835967562,0.9729092608855989
18.0,0.9950819982445178,0.990808836075984,0.9846665838304328,0.9676377102893633,0.9836142066595158,0.9661069314048648,0.9886741008492206,0.978768754046495,0.9770746548653471,0.970290861988301,0.9915682097556492,0.9774611060223064
18.02,0.9969098167945979,0.9933828738510816,0.9880482040811887,0.9726260735713668,0.9871162232564475,0.9712149571555732,0.9915533611359179,0.9827797492031375,0.9812491971408156,0.9750645842861747,0.9940251139396061,0.9815989048633224
18.04,0.9983153506990391,0.9955361209710961,0.9910112934089811,0.977202438646614,0.9902001037115542,0.9759115824394466,0.9940126057374598,0.9863744451207299,0.9850080885093342,0.9794252754396926,0.9960609554196712,0.9853209046634257
18.06,0.9992980045826365,0.997267665334269,0.9935545966680529,0.9813648669960219,0.9928645417127268,0.9801948177959442,0.9960507929335044,0.9895513191089886,0.9883497367284727,0.9833710882878706,0.9976748718263666,0.9886255288072194
18.080000000000002,0.9998573621994667,0.9985767734694422,0.9956770365313506,0.9851115954414663,0.995108408621007,0.9840628488738634,0.9976670593609439,0.9923090254643365,0.9912727262973399,0.9869003514095304,0.9988661795149871,0.9915113774769747
18.1,0.9999931866092079,0.9994628908467518,0.9973777139468734,0.9884410368926537,0.9969307539486716,0.9875140371998886,0.998860720379619,0.994646396039935,0.9937758190561808,0.9900115698313038,0.9996343738551874,0.993977228245585
18.12,0.9997054202775055,0.9999256421125235,0.9986559085185054,0.9913517810194021,0.9983308057618524,0.9905469208726372,0.9996312703623289,0.9965624407405029,0.9958579547108539,0.9927034256608935,0.9999791294447402,0.9960220365943783
18.14,0.9989941851003439,0.9999648312482701,0.9995110788111714,0.9938425948490478,0.9993079710075232,0.9931602151819126,0.9999783829090111,0.998056347941715,0.997518251281964,0.9949747786453237,0.9999003002473749,0.9976449363555682
18.16,0.9978597823524118,0.9995804416537233,0.9999428625801848,0.9959124232887252,0.9998618357647128,0.995352813152898,0.9999019109850028,0.9991274848340007,0.9987560054784639,0.9968246666539443,0.9993979196546369,0.998845240079158
18.18,0.9963026925594843,0.9987726361538659,0.9999510769246927,0.9975603895722972,0.9999921654198395,0.9971237860150657,0.9994018869833237,0.9997753976905982,0.9995706929955632,0.9982523060859833,0.9984722004717439,0.9996224393241391
18.2,0.9943235752948753,0.9975417569299599,0.9995357183651511,0.9987857956317476,0.999698904766092,0.9984723835955963,0.9984785227109546,0.9999998120597502,0.9999619687368215,0.9992570922024746,0.9971235348274429,0.999976204873864
18.22,0.9919232689000461,0.995888325374601,0.9986969628447989,0.9995881223928785,0.9989821780268144,0.9993980346371486,0.9971322092991171,0.9998006328809601,0.9999296669603279,0.9998385993824224,0.9953524940079064,0.9999063868755003
18.240000000000002,0.98910279012949,0.9938130418708595,0.9974351656551296,0.9999670299951867,0.9978422888028862,0.9999003470398403,0.9953635170375932,0.9991779445252587,0.9994738013489094,0.9999965813030907,0.9931598282147396,0.9994130149035071
18.26,0.9858633337200405,0.9913167854956029,0.9957508612853921,0.9999223579358263,0.9962797199441187,0.9999791080273384,0.9931731951331539,0.9981320107594652,0.9985945650043339,0.9997309710443448,0.9905464662472,0.9984962979471077
18.28,0.9822062718847896,0.9884006136471245,0.9936447631961842,0.999454125137597,0.9942951333447231,0.9996342842369904,0.9905621713922003,0.9966632746344581,0.9972923303655138,0.9990418811169978,0.9875135151087634,0.9971566243217632
18.3,0.9781331537318263,0.9850657615972364,0.9911177635172356,0.9985625299409284,0.9918893696629362,0.9988660217339567,0.9875315518277504,0.9947723582975002,0.995567649050744,0.9979296034151515,0.9840622595382049,0.9953945615046844
18.32,0.9736457046080443,0.9813136419680154,0.988170932669507,0.9972479500198641,0.9890634479649231,0.9976746459493377,0.9840826201909394,0.9924600627287021,0.993421251624039,0.9963946090925525,0.9801941614653911,0.9932108558944517
18.34,0.9687458253682966,0.9771458441334265,0.9848055189117669,0.9955109422220817,0.9858185652931069,0.9960606615423241,0.9802168374272302,0.9897273674017318,0.9908540472856708,0.9944375483630143,0.9759108593920164,0.9906064324948463
18.36,0.9634355915702048,0.9725641335460734,0.9810229478118373,0.9933522423330153,0.9821560961591097,0.9940247521864254,0.9759358410575674,0.9865754298689159,0.9878671234870379,0.9920592502249906,0.9712141676975439,0.9875823945230234
18.38,0.9577172525949665,0.967570450989364,0.976824821642732,0.9907727647641816,0.9780775919615177,0.991567780279871,0.9712414444847324,0.9830055852709076,0.9844617454700272,0.9892607221104173,0.9661060758706461,0.9841400229421977
18.400000000000002,0.951593230694532,0.9621669117554075,0.9722129187039437,0.9877736021658413,0.9735847803287189,0.9886907865803038,0.9661356362251988,0.9790193457711301,0.9806393557310662,0.9860431494579699,0.9605887476664698,0.9802807759190343
18.42,0.9450661199655533,0.9563558047489895,0.9671891925681682,0.984356024964159,0.9686795643870907,0.9853949897639214,0.9606205790668089,0.9746183999152334,0.9764015734100904,0.9824078952109204,0.9546645201900834,0.9760062882059793
18.44,0.9381386852505413,0.9501395915180071,0.9617557712537831,0.980521480823059,0.9633640219548479,0.9816817859092527,0.9546986091526305,0.9698046119158371,0.9717501936046858,0.9783564992398023,0.948335902906494,0.9713183704487892
18.46,0.9308138609666968,0.9435209052107723,0.9559149563234333,0.9762715940310039,0.9576404046618918,0.9775527479057886,0.9483722349913819,0.9645800208628624,0.9666871866096975,0.9738906776901317,0.9416055765776542,0.9662190084195524
18.48,0.9230947498629094,0.9365025494606276,0.9496692219091026,0.971608164812957,0.9515111369960341,0.9730096247877152,0.9416441363948431,0.9589468398597857,0.9612146970826247,0.9690123222554587,0.9344763921269083,0.960710362175529
18.5,0.9149846217054528,0.9290874971983448,0.9430212136640885,0.9665331685678172,0.9449788152759996,0.9680543409930346,0.9345171633427055,0.9529074550861828,0.9553350431351578,0.9637234993760586,0.9269513694313591,0.9547947651441643
18.52,0.9064869118929333,0.9212788893928102,0.9359737476423197,0.9610487550316541,0.9380462065516422,0.9626889955483847,0.9269943347753374,0.9464644247869581,0.9490507153512414,0.9580264493636002,0.9190336960426678,0.9484747231346642
18.54,0.8976052200010762,0.91308003372053,0.928529809105493,0.9551572473670923,0.9307162474318397,0.9569158611799057,0.9190788373149813,0.9396204781886887,0.9423643757320781,0.9519235854521646,0.9107267258368268,0.9417529132765495
18.56,0.8883433082579689,0.9044944031645206,0.9206925512585368,0.9488611411792353,0.9229920428405655,0.9507373833505269,0.9107740239159202,0.9323785143435406,0.9352788565685222,0.9454174927760146,0.9020339775934796,0.9346321828856421
18.580000000000002,0.8787050999504046,0.8955256345431737,0.9124652939139324,0.9421631034585425,0.9148768647016624,0.944156179224085,0.902083412444188,0.9247416009012498,0.9277971592413393,0.938510927274548,0.892959133505388,0.9271155482579587
18.6,0.8686946777620034,0.8861775269697245,0.9038515220854634,0.9350659714511097,0.9063741505528765,0.9371750365567094,0.8930106841874236,0.9167129728096846,0.9199224529498404,0.9312068145248996,0.8835060376186789,0.9192061933920286
18.62,0.8583162820438135,0.8764540402429707,0.8948548845119852,0.9275727514568289,0.8974875020897382,0.9297969125159472,0.8835596822955012,0.9082960309445425,0.9116580733694297,0.923508248502685,0.8736786942045301,0.9109074686401707
18.64,0.8475743090181252,0.8663592931699273,0.8854791921118437,0.9196866175559398,0.8882206836399066,0.9220249324281253,0.8737344101525961,0.899494340668761,0.9030075212386328,0.9154184902714125,0.8634812660629881,0.9022228892893069
18.66,0.8364733089162598,0.8558975618211263,0.8757284163685932,0.9114109102645087,0.8785776205686249,0.9138623884544823,0.8635390296813771,0.8903116303222528,0.8939744608762074,0.9069409666011173,0.8529180727596308,0.8931561340719082
18.68,0.8250179840511197,0.8450732777193002,0.8656066876487024,0.9027491351194078,0.86856239761596,0.9053127381966302,0.8529778595800421,0.8807517896426043,0.88456271862896,0.8980792685168038,0.8419935887958282,0.8837110436077072
18.7,0.8132131868253194,0.8338910259622173,0.8551182934519568,0.8937049611933918,0.8581792571665334,0.8963796032319358,0.8420553734929458,0.8708188681174076,0.874776281250931,0.8888371497773093,0.8307124417133717,0.8738916187768363
18.72,0.8010639176757381,0.8223555432804636,0.8442676765953013,0.8842822195409022,0.8474325974524733,0.8870667675794444,0.8307761981155914,0.860517073268924,0.86461929421463,0.8792185252852374,0.8190794101342768,0.86370201902508
18.740000000000002,0.7885753229553674,0.8104717160309938,0.8330594333308916,0.8744849015752572,0.8363269706903521,0.8773781760969928,0.8191451112347932,0.8498507688718036,0.8540960599550408,0.8692274694286286,0.8070994217365896,0.8531465606019605
18.76,0.7757526927533475,0.7982445781273019,0.8214983113991505,0.8643171573779139,0.8248670811528963,0.8673179328101929,0.807167039704835,0.8388244731046185,0.843211036047137,0.8588682143550762,0.7947775511670535,0.8422297147324017
18.78,0.7626014586541205,0.7856793089070868,0.8095892080176555,0.8537832939405212,0.8130577831762862,0.8568902991739925,0.7948470573604876,0.8274428566359913,0.8319688333176817,0.8481451481790157,0.7821190178915213,0.8309561057227468
18.8,0.7491271914366456,0.7727812309383189,0.797337167806709,0.8428877733405045,0.8009040791038907,0.8460996922675506,0.7821903828677632,0.8157107406461291,0.8203742138921107,0.837062813122947,0.7691291839840226,0.819330509001932
18.82,0.7353355987146518,0.7595558077646334,0.784747380652469,0.8316352108509588,0.788411117167306,0.83495068292319,0.7692023775133234,0.8036330947846033,0.8084320891773267,0.8256259035933782,0.7558135518554238,0.8073578490986447
18.84,0.72123252251893,0.7460086415910082,0.7718251795085459,0.8200303729856485,0.7755841893055978,0.8234479937902226,0.7558885429334707,0.7912150350652364,0.7961475177812583,0.813839264192305,0.7421777619226411,0.7950431975553247
18.86,0.7068239368226855,0.7321454709107061,0.7585760381369986,0.808078175479942,0.7624287289236693,0.8115964973344647,0.7422545187836914,0.778461821698992,0.7835257033700659,0.801707887665068,0.7282275902193968,0.7823917707798914
18.88,0.6921159450110014,0.7179721680744848,0.7450055687896824,0.7957836812085379,0.7489503085907057,0.7994012137742921,0.7283060803497334,0.7653788568657832,0.7705719924639025,0.7892369127854575,0.7139689459495276,0.7694089278361061
18.900000000000002,0.6771147772954832,0.7034947368031071,0.7311195198309357,0.7831520980408636,0.7351546376796696,0.786867308954107,0.7140491361012316,0.7519716824261427,0.7572918721721609,0.7764316221789619,0.699407868983884,0.7561001681735076
18.92,0.661826788075181,0.688719309644203,0.7169237733026095,0.7701887766350549,0.7210475599488468,0.7740000921561195,0.6994897251889178,0.7382459775737265,0.7436909678691699,0.763297440085081,0.6845505273018787,0.7424711292978794
18.94,0.6462584532449067,0.6736521453745612,0.7024243424324714,0.7568992081714512,0.7066350510664675,0.7608050138513698,0.6846340148864756,0.7242075564296437,0.7297750408113213,0.7498399300596531,0.6694032143787706,0.7285275843832388
18.96,0.630416367452086,0.6582996263489517,0.6876273690870413,0.7432890220265664,0.6919232160794512,0.7472876633909425,0.6694882979781218,0.7098623655796321,0.715549985696638,0.7360647926181674,0.6539723465197885,0.7142754398263574
18.98,0.6143072413033076,0.6426682557966006,0.6725391211699351,0.7293639833885216,0.676918286827348,0.7334537666383544,0.6540589900930236,0.6952164815551216,0.7010218281678184,0.721977862821063,0.6382644601422252,0.6997207327448484
19.0,0.5979378985217539,0.6267646550664637,0.6571659899668216,0.7151299908149471,0.6616266193025709,0.7193091835441138,0.6383526269876785,0.680276108259255,0.6861967222598118,0.7075851078020337,0.6222862090066524,0.6848696284198822
19.02,0.5813152730567144,0.6105955608224657,0.641514487438114,0.7005930737343916,0.6460546909580382,0.704859905663484,0.6223758617774101,0.6650475743389535,0.6710809477930085,0.6928926242403883,0.6060443613984305,0.6697284176846131
19.04,0.564446406146409,0.5941678221898914,0.625591243460545,0.6857593898922949,0.6302090979633654,0.6901120536184979,0.6061354621181503,0.6495373305041428,0.6556809077131482,0.6779066357785366,0.5895457972607062,0.654303514259422
19.06,0.5473384433353651,0.5774883978541407,0.6094030030187935,0.6706352227426057,0.6140965524107697,0.6750718745053018,0.5896383073397037,0.6337519467952731,0.6400031253790729,0.6626334903856936,0.572797505280112,0.6386014520351055
19.080000000000002,0.5299986314476098,0.5605643531130735,0.5929566233483519,0.6552269787861503,0.5977238794718708,0.6597457392479255,0.572891385531707,0.6176981098002919,0.6240542417994732,0.6470796576689203,0.555806579926403,0.6226288823051611
19.1,0.5124343155169618,0.5434028568841945,0.5762590710308448,0.6395411848568807,0.5810980145065917,0.6441401398995987,0.5559017905835196,0.6013826198222482,0.6078410128198003,0.6312517261326397,0.5385802184472855,0.6063925709483422
19.12,0.49465293567572166,0.5260111786679457,0.5593174190430298,0.6235844853571484,0.5642260001253842,0.6282616868927599,0.5386767191792959,0.5848123879987269,0.5913703062605318,0.6151564003877877,0.5211257178197081,0.5898993955626743
19.14,0.47666202400307917,0.5083966854683917,0.5421388437607291,0.6073636394431782,0.5471149832060241,0.6121171062389178,0.521223467749517,0.5679944333743356,0.5746490990080076,0.5988004983117835,0.5034504716589083,0.5731563425521491
19.16,0.45846920133457264,0.4905668386726045,0.5247306219189627,0.5908855181619328,0.5297722118662396,0.595713236679557,0.5035494293802687,0.5509358799274817,0.5576844740590648,0.5821909481605191,0.48556196708652566,0.5561705041673275
19.18,0.4400821740339518,0.472529190890067,0.5071001275295698,0.5741571015405809,0.512205032393454,0.5790570267892902,0.48566209068157706,0.5336439535527004,0.5404836175207257,0.5653347856335951,0.4674677815591033,0.538949075501108
19.2,0.4215087307288107,0.45429138275343595,0.4892548287576242,0.5571854756298025,0.4944208861329464,0.5621555320324859,0.46756902861612903,0.5161259789998125,0.5230538155662083,0.5482391508940431,0.4491755796583264,0.521499351440931
19.22,0.4027567390113751,0.43586113968201856,0.4712022847579677,0.5399778295021824,0.4764273063357439,0.5450159117746193,0.4492779072897182,0.4983893767712058,0.5054024513485501,0.5309112855437975,0.43069310984435405,0.5038287235787107
19.240000000000002,0.3838341421058405,0.41724626860933406,0.4529501424731996,0.5225414522069657,0.4582319149675857,0.5276454262496102,0.43079647470477944,0.48044165997855903,0.4875370018731512,0.5133585295561999,0.4120282011736209,0.48594467707980465
19.26,0.36474895550367276,0.39845465467614666,0.4345061333944808,0.5048837296824621,0.439842419480306,0.5100514334844347,0.4121325594783836,0.4622904311603346,0.4694650348305628,0.4955883181668325,0.39318875998249864,0.46785478751234455
19.28,0.3455092635682973,0.3794942578903698,0.4158780702865236,0.48701214162741,0.42126660954700723,0.49224138618231106,0.3932940675260858,0.44394337906139214,0.4511942053908614,0.4776081787240003,0.3741827665382225,0.4495667176382743
19.3,0.32612321611061396,0.3603731097552578,0.3970738438781543,0.4689342583326239,0.4025123537624037,0.47422282856578307,0.37428897871302985,0.4254082753760852,0.4327322529609679,0.4594257275001936,0.3550182716585009,0.4310882141674528
19.32,0.3065990249367892,0.34109930986731224,0.37810141951985043,0.4506577374742671,0.3835875963097352,0.4560033931810347,0.3551253434737279,0.40669297145622085,0.4140869979062837,0.4410486664658842,0.33570339330124005,0.412427104476197
19.34,0.28694496036978745,0.32168102248534436,0.3589688338096694,0.4321903208701089,0.3645003535956618,0.43759079766479253,0.33581127940194805,0.3878053949852773,0.3952663382380341,0.42248478002701934,0.31624631312582907,0.39359129329165515
19.36,0.2671693477461148,0.3021264730721471,0.3396841911889966,0.4135398312001403,0.34525871085456467,0.41899284147518395,0.31635496781215333,0.3687535466202875,0.37627824626772083,0.4037419317275971,0.296655273027441,0.37458875934341485
19.38,0.24728056388925945,0.28244394481024154,0.3202556605095559,0.3947141686929362,0.3258708187236925,0.40021740258793637,0.2967646502739488,0.3495454966028119,0.35713076523010195,0.38482806091871935,0.27693857164581864,0.35542755198376386
19.400000000000002,0.22728703356132307,0.2626417750931736,0.3006914715731357,0.37572130777916907,0.3063448897906037,0.38127243415931694,0.2770486251210054,0.3301893813404358,0.33783200587612866,0.36575117939553303,0.2571045608500237,0.33611578777803597
19.42,0.20719722589434483,0.24272835199384715,0.28099991164549776,0.35656929371369106,0.28668919511436636,0.3621659611572262,0.2572152439359386,0.3106933999602383,0.31839014303728297,0.346519368003485,0.23716164220063796,0.31666164706648553
19.44,0.1870196508028312,0.22271211071138977,0.26118932194594396,0.337266239167615,0.2669120607219904,0.34290607696187286,0.23727290801263115,0.2910658108356951,0.2988134121627712,0.32714077321532714,0.21711826339091614,0.29707337049914745
19.46,0.16676285537901037,0.2026015299980563,0.2412680941140291,0.317820320791839,0.2470218640815757,0.3235009399374695,0.2172300647974987,0.2713149280884835,0.27911010583104,0.3076236036803227,0.1969829146683967,0.27735925554515045
19.48,0.14643542027233855,0.18240512856768326,0.22124466665491585,0.2982397757534688,0.22702703055366993,0.3039587699764013,0.19709520431120522,0.25144911806667375,0.2592885702370933,0.28797612674711454,0.176764125238487,0.25752765297796176
19.5,0.1260459560547914,0.16213146148721608,0.20112752136487758,0.2785328982466069,0.20693602982233944,0.28428784501733245,0.17687685555234436,0.23147679580079727,0.23935720165709698,0.26820666496172907,0.1564704596515464,0.2375869633380531
19.52,0.10560309957348069,0.14178911655283713,0.18092517973846373,0.2587080359789839,0.18675737230746522,0.2644964975387236,0.15658358288461002,0.2114064214392933,0.21932444289176994,0.2483235925421987,0.1361105141749972,0.21754563337448488
19.54,0.08511551029214086,0.1213867106522301,0.16064619935884888,0.2387735866359236,0.16649960555978313,0.24459311102924747,0.13622398240898642,0.19124649666484397,0.19919877969006744,0.22833533183129653,0.11569291315200057,0.19741215246691737
19.56,0.0645918666230354,0.10093288611452124,0.1402991702728951,0.2187379943231365,0.1461713106401959,0.22458611643659607,0.11580667832249456,0.17100556109311568,0.178988737154672,0.20825034972888554,0.09522630534823978,0.17719504902956346
19.580000000000002,0.044040862250836706,0.08043630704944378,0.11989271135246284,0.1986097459898505,0.12578109848489047,0.20448398859618538,0.09534031926503726,0.15069218865543232,0.15870287613081419,0.18807715410539383,0.0747193602883581,0.1569028868986068
19.6,0.023471202450036636,0.05990565567727633,0.09943546664351166,0.1783973678337934,0.10533760625780031,0.18429524264126884,0.07483357465589048,0.13031498396691257,0.1383497895799531,0.16782429019793485,0.054180764583603484,0.13654426170461526
19.62,0.0028916003974477416,0.03934962865110962,0.07893610170453759,0.15810942168954975,0.08484949369195771,0.16402843039598122,0.054295131021392495,0.10988257868160985,0.1179380989398527,0.14750033699059953,0.03361921825223533,0.1161277972314868
19.64,-0.01768922651864294,0.01877693337299976,0.05840329993589765,0.1377545014018224,0.06432543942128614,0.14369213675284043,0.033733688315386715,0.08940362783619855,0.09747645047259575,0.12711390358045313,0.01304343103425223,0.09566214176346939
19.66,-0.038262560391104,-0.0018037156944318896,0.03784575890157683,0.1173412291851346,0.0437741373043862,0.12329497603624172,0.0131579562339767,0.06888680618375577,0.07697351160208217,0.10667362553077674,-0.007537881297998396,0.07515596442180295
19.68,-0.05881968648680953,-0.022383600719389458,0.017272186644955407,0.09687825197151478,0.023204292741872523,0.10284558835348483,-0.007423349473845645,0.048340804519191115,0.056437967242563614,0.0861881612130976,-0.028116000631765944,0.05461795149253487
19.7,-0.07935189693814464,-0.04295400419372061,-0.0033087019998627107,0.0763742377477114,0.002624618988821523,0.08235263593487953,-0.02800151069813577,0.02777432599788137,0.03587851611976909,0.06566618813955812,-0.048682210206833616,0.03405680274706459
19.72,-0.09985049443160253,-0.06350621262559746,-0.02388818909959822,0.055837871883488925,-0.017956166536107893,0.06182479946448006,-0.048567810660932326,0.007196082449069354,0.015303867086180194,0.04511639928717706,-0.0692277983078825,0.013481227756975835
19.740000000000002,-0.12030679589191123,-0.08403152023049609,-0.044457557314657364,0.03527785345256051,-0.03852934594331735,0.041270774403002725,-0.06911353760862873,-0.01338520931441143,-0.005277264567983319,0.02454749941555984,-0.08974406195471868,-0.007100057795282357
19.76,-0.14071213616012887,-0.10452123261891154,-0.06500809359174148,0.014702891547715853,-0.05908620456511145,0.020699267304484126,-0.08962998850221653,-0.03396083118852317,-0.025856160806504925,0.003968201379617844,-0.11022231058880017,-0.027678335808303214
19.78,-0.16105787166414978,-0.1249666704792457,-0.08553109285464079,-0.005878298408295007,-0.0796180346471755,0.0001189921282403431,-0.11010847270383717,-0.05452206747095707,-0.04642410454007592,-0.016612777561141403,-0.13065386975450213,-0.04824488945465442
19.8,-0.18133538408006658,-0.1453591732543084,-0.10601786169164928,-0.026456998354559263,-0.10011613903712475,-0.020461333452310694,-0.13054031565808094,-0.07506020855304929,-0.06697238331879891,-0.03718671943518981,-0.151030084773561,-0.06879100687327065
19.82,-0.20153608398283732,-0.16569010280987426,-0.12645972203803846,-0.047024491284916356,-0.12057183486856274,-0.041032991742400104,-0.15091686256647324,-0.09556655460911567,-0.08749229302272607,-0.05774490925185588,-0.1713423244111411,-0.08930798485974245
19.84,-0.221651414484711,-0.18595084709374138,-0.14684801485203025,-0.06757206494042627,-0.14097645723908808,-0.06158726871866802,-0.1712294820535922,-0.11603241928164248,-0.10797514154886884,-0.07827863869293927,-0.19158198453197062,-0.10978713255293811
19.86,-0.241672854859871,-0.20613282378374156,-0.167174103782712,-0.08809101549982686,-0.16132136288069202,-0.08211545772036835,-0.19146956982326413,-0.1364491333607721,-0.1284122524931174,-0.09877920980149885,-0.2117404917449985,-0.1302197751163971
19.88,-0.2615919241537599,-0.22622748392315759,-0.1874293788283396,-0.10857265126641709,-0.18159793382099162,-0.10260886313745478,-0.2116285523032887,-0.15680804845652505,-0.14879496882551027,-0.11923793866625185,-0.23180930703502842,-0.15059725741293545
19.900000000000002,-0.28140018477555817,-0.24622631554200652,-0.2076052599834794,-0.12900829634980437,-0.20179758103374795,-0.12305880409398577,-0.23169789027714946,-0.17710054066220285,-0.16911465655729677,-0.13964615910002334,-0.25177992937979093,-0.1709109476709068
19.92,-0.30108924607229337,-0.26612084726265617,-0.2276932008734438,-0.14938929434095652,-0.22191174807712288,-0.14345661812528832,-0.2516690825011715,-0.19731801420742007,-0.18936270839823985,-0.15999522631068785,-0.27164389935092254,-0.1911522411405658
19.94,-0.32065076788306773,-0.28590265188824643,-0.2476846923744812,-0.16970701197900123,-0.24193191471813333,-0.16379366484732277,-0.27153366930559397,-0.2174519050992177,-0.20953054740260937,-0.18027652056304838,-0.2913928026973256,-0.2113125637389853
19.96,-0.34007646407189707,-0.30556334997239654,-0.2675712662181865,-0.1899528428082207,-0.2618496005417676,-0.18406132961669444,-0.29128323617803276,-0.23749368474971616,-0.2296096306023216,-0.20048145083010105,-0.3110182739093914,-0.2313833756819832
19.98,-0.359358106037665,-0.3250946133686847,-0.2873444985786056,-0.21011821082369112,-0.2816563685432352,-0.20425102717976165,-0.3109094173278136,-0.2574348635887707,-0.24959145262568597,-0.2206014584321396,-0.33051199976257684,-0.2513561751015206
20.0,-0.378487526199706,-0.34448816875839827,-0.30699601364051454,-0.23019457410402389,-0.30134382870182835,-0.22435420530929445,-0.33040389922966834,-0.2772669946600992,-0.26946754930022654,-0.24062802066215752,-0.3498657228388332,-0.27122250164703904
20.02,-0.3974566214575407,-0.3637358011550586,-0.32651748714736134,-0.25017342842966905,-0.3209036415348811,-0.24436234842714363,-0.3497584241452909,-0.29698167719935903,-0.28922950123805136,-0.2605526543960124,-0.36907124502439603,-0.29097394006921096
20.04,-0.4162573566232975,-0.3828293573842369,-0.34590064992736813,-0.27004631088524844,-0.3403275216303213,-0.2642669812113853,-0.3689647936212628,-0.3165705601926574,-0.3088689374022516,-0.2803669196858232,-0.38812043098245363,-0.31060212378458574
20.06,-0.43488176782536675,-0.40176074953718727,-0.36513729139629936,-0.2898048034443928,-0.3596072411563182,-0.2840596721864133,-0.3880148719618654,-0.3360253459139874,-0.32837753865281927,-0.30006242333507865,-0.4070052115992242,-0.33009873841962106
20.080000000000002,-0.4533219658818465,-0.420521958396833,-0.38421926303541337,-0.30944053653556397,-0.37873463334653956,-0.3037320372944586,-0.40690058967530945,-0.35533779344009214,-0.34774704127058226,-0.31963082245394137,-0.4257175874019807,-0.34945552533259877
20.1,-0.4715701396423491,-0.4391050368346559,-0.4031384818431227,-0.32894519258735233,-0.3977015959595419,-0.3232757434470223,-0.42561394689191967,-0.3744997221412671,-0.3669692404576628,-0.33906382799324325,-0.4442496319475766,-0.3686642851119326
20.12,-0.48961855929675524,-0.4575021131770495,-0.42188693375890207,-0.34831050955174664,-0.41650009471082833,-0.3426825120547196,-0.444147016752829,-0.39350301514662284,-0.38603599381297776,-0.3583532082556736,-0.46259349518003706,-0.3877168810493868
20.14,-0.5074595796495118,-0.47570539453970945,-0.4404566770579935,-0.36752828440388524,-0.4351221666761202,-0.36194412253403685,-0.4624919487677454,-0.4123396227823398,-0.4049392247813076,-0.37749079238267397,-0.480741406755792,-0.406605242586734
20.16,-0.5250856433580884,-0.49370717012865006,-0.4588398457154703,-0.3865903766168051,-0.4535599236644013,-0.38105241578951865,-0.4806409721403695,-0.4310015659814588,-0.42367092607447404,-0.3964684738155612,-0.4986856793351446,-0.42532136873439197
20.18,-0.5424892841342192,-0.5114998145064472,-0.4770286527382348,-0.40548871160971695,-0.471805555559305,-0.3999992976699085,-0.49858639906005425,-0.4494809396637629,-0.4422231630631761,-0.41527821372941476,-0.5164187118385791,-0.44385733146059214
20.2,-0.5596631299065752,-0.5290757908223251,-0.4950153934635395,-0.4242152841683465,-0.48985133362742983,-0.41877674239677987,-0.5163206279583129,-0.4677699160843191,-0.4605880771380485,-0.4339120444382712,-0.53393299266653,-0.4622052790496432
20.22,-0.5765999059435267,-0.5464276540047185,-0.5127924488226326,-0.44276216183589195,-0.507689613792182,-0.43737679596420487,-0.5338361467287944,-0.4858607481492613,-0.47875788903851857,-0.45236207277018525,-0.5512211028812474,-0.48035743942786774
20.240000000000002,-0.5932924379346732,-0.563548053914957,-0.5303522885681475,-0.46112148827316235,-0.5253128398717574,-0.45579157950802,-0.5511255359093645,-0.5037457726974095,-0.4967249021480515,-0.47062048341072743,-0.5682757193494117,-0.4983061234558032
20.26,-0.6097336550298356,-0.5804297384607375,-0.547687474463867,-0.47928548658647274,-0.5427135467798915,-0.4740132926432636,-0.5681814718249419,-0.5214174137463367,-0.5144815057543879,-0.4886795422135012,-0.5850896178441669,-0.5160437281852724
20.28,-0.625916592834223,-0.5970655566680642,-0.5647906634355133,-0.49724646262188676,-0.5598843636880232,-0.4920342167683682,-0.584996729689761,-0.538868185701506,-0.532020178273393,-0.506531599476278,-0.6016556761052562,-0.5335627400799439
20.3,-0.6418343963585065,-0.613448461710355,-0.5816546106812271,-0.5149968082244111,-0.5768180171475304,-0.5098467183347121,-0.6015641866677444,-0.5560906965271213,-0.5493334904351522,-0.5241690931813628,-0.6179668768559664,-0.5508557381980181
20.32,-0.6574803229225484,-0.6295715138934337,-0.59827217274042,-0.5325290044607617,-0.5935073341707165,-0.5274432520801408,-0.6178768248896915,-0.5730776508773465,-0.5664141084309621,-0.541584552198816,-0.634016310775602,-0.5679153973356909
20.34,-0.6728477450115593,-0.6454278835951384,-0.614636310519698,-0.5498356248043359,-0.6099452452692422,-0.5448163642250927,-0.6339277344260031,-0.5898218531865674,-0.5832547970198846,-0.5587705994511768,-0.6497971794262288,-0.5847344911300634
20.36,-0.6879301530834703,-0.6610108541583075,-0.6307400922745775,-0.5669093382810416,-0.626124787448716,-0.5619586956299727,-0.649710116213683,-0.6063162107173873,-0.5998484225935502,-0.5757199550383465,-0.665302798132449,-0.6013058951201831
20.38,-0.7027211583263339,-0.6763138247359123,-0.6465766965457276,-0.5837429125746515,-0.6420391071581738,-0.5788629849124362,-0.6652172849363784,-0.6225537365650655,-0.6161879561979078,-0.5924254393213072,-0.6805265988129875,-0.61762258976492
20.400000000000002,-0.7172144953645841,-0.6913303130871332,-0.662139415048497,-0.6003292170903658,-0.6576814631932,-0.5955220715232646,-0.680442671856237,-0.6385275526171258,-0.6322664765106453,-0.6088799759633714,-0.6954621327628888,-0.6336776634164002
20.42,-0.7314040249130097,-0.7060539583231965,-0.6774216555145006,-0.6166612259752872,-0.6730452295514581,-0.6119288987795289,-0.6953798275963825,-0.6542308924668808,-0.6480771727730178,-0.6250765949276731,-0.7101030733851478,-0.6494643152477347
20.44,-0.7452837363773158,-0.720478523601806,-0.6924169444840621,-0.6327320210945266,-0.6881238982394235,-0.6280765168537551,-0.7100224248728297,-0.6696571042796389,-0.6636133476748415,-0.6410084354296314,-0.7244432188706154,-0.6649758581338077
20.46,-0.758847750400174,-0.7345978987690294,-0.7071189300483309,-0.6485347949616821,-0.7029110820291283,-0.6439580857178268,-0.7243642611746813,-0.6847996536103789,-0.6788684201914313,-0.6566687488431342,-0.7384764948250457,-0.6802057214838989
20.48,-0.7720903213516803,-0.7484061029475206,-0.7215213845399094,-0.6640628536224457,-0.7174005171637495,-0.6595668780403773,-0.7383992613914727,-0.6996521261716993,-0.6938359283712815,-0.6720509015592142,-0.7521969568421709,-0.6951474540249448
20.5,-0.7850058397631671,-0.761897287069982,-0.7356182071708541,-0.6793096194901205,-0.7315860660108973,-0.6748962820364454,-0.7521214803865491,-0.7142082305508699,-0.7085095320733066,-0.6871483777960029,-0.7655987930217134,-0.7097947265342565
20.52,-0.7975888347033385,-0.775065736356791,-0.7494034266169296,-0.6942686341318443,-0.7454617196624767,-0.6899398042681839,-0.7655251055153884,-0.7284618008748336,-0.7228830156524853,-0.7019547823587742,-0.77867632643127,-0.7241413345205377
20.54,-0.8098339760957227,-0.7879058727367451,-0.7628712035470242,-0.7089335610043401,-0.7590216004800227,-0.7046910723954396,-0.7786044590878001,-0.7424067994220312,-0.7369502905927677,-0.7164638433489083,-0.7914240175110244,-0.7381812008520688
20.56,-0.8217360769764573,-0.8004122572098966,-0.7760158330966529,-0.7232981881380366,-0.7722599645844307,-0.7191438378750356,-0.7913540007729583,-0.7560373191799422,-0.750705398086132,-0.7306694148206281,-0.8038364664202691,-0.75190837833094
20.580000000000002,-0.8332900956914547,-0.8125795921514791,-0.7888317472845021,-0.7373564307684175,-0.7851712042890269,-0.7332919786076139,-0.8037683299462507,-0.7693475863472568,-0.7641425115566979,-0.7445654793843823,-0.8159084153247439,-0.7653170522122469
20.6,-0.8444911380320147,-0.8244027235559471,-0.8013135173709905,-0.75110233391349,-0.7977498504749485,-0.7471295015309188,-0.8158421879769495,-0.7823319627796216,-0.7772559391288263,-0.7581461507557737,-0.8276347506238207,-0.7784015426671793
20.62,-0.8553344593079797,-0.83587664322018,-0.8134558561578489,-0.764530074896277,-0.809990574907828,-0.7606505451584188,-0.8275704604557328,-0.7949849483779224,-0.7900401260381625,-0.7714056762489517,-0.8390105051165924,-0.791156307188961
20.64,-0.8658154663575558,-0.8469964908649248,-0.8252536202277436,-0.7776339658112658,-0.821888192494799,-0.7738493820621952,-0.8389481793611164,-0.8073011834180902,-0.8024896569845982,-0.7843384392134127,-0.850030860105947,-0.8035759429406195
20.66,-0.8759297194929464,-0.8577575561935799,-0.8367018121229952,-0.7904084559337685,-0.8334376634808686,-0.7867204212990447,-0.8499705251638758,-0.8192754508214466,-0.8145992584261583,-0.7969389614131785,-0.8606911474397377,-0.8156551890435939
20.68,-0.885672934380976,-0.8681552808874464,-0.8477955824624699,-0.8028481340711741,-0.8446340955837255,-0.7992582107787667,-0.8606328288685684,-0.8309026783646247,-0.8263638008128403,-0.8092019053473414,-0.8709868514881822,-0.8273889288062093
20.7,-0.8950409838579062,-0.878185260536603,-0.8585302319957464,-0.8149477308550948,-0.8554727460660796,-0.8114574395736337,-0.8709305739912899,-0.8421779408281315,-0.8377783007594578,-0.8211220765109958,-0.8809136110566543,-0.8387721918910749
20.72,-0.9040298996776759,-0.8878432465055857,-0.8689012135936883,-0.8267021209734369,-0.8659490237446552,-0.8233129401680672,-0.880859398472828,-0.853096462082638,-0.848837923156572,-0.8326944255955975,-0.8904672212330585,-0.8498001564204872
20.740000000000002,-0.9126358741928252,-0.8971251477330833,-0.8789041341745794,-0.8381063253414505,-0.8760584909349873,-0.8348196906475641,-0.8904150965264033,-0.8636536171121189,-0.8595379832186121,-0.8439140506278184,-0.8996436351690043,-0.8604681510189468
20.76,-0.9208552619673906,-0.9060270324648839,-0.8885347565650045,-0.849155513210838,-0.8857968653311962,-0.8459728168259474,-0.8995936204192135,-0.8738449339729784,-0.8698739484683216,-0.8547761990459914,-0.9084389657940241,-0.8707716567919228
20.78,-0.9286845813210886,-0.9145451299193422,-0.8977890012946899,-0.8598450042160285,-0.8951600218199447,-0.8567675943100406,-0.9083910821870272,-0.8836660956883379,-0.8798414406566859,-0.8652762697132651,-0.9168494874621133,-0.8807063092400285
20.8,-0.9361205158041326,-0.9226758318846575,-0.9066629483245401,-0.8701702703567501,-0.9041439942278107,-0.8671994505008905,-0.9168037552811011,-0.8931129420766797,-0.8894362376175314,-0.8754098148666158,-0.9248716375298887,-0.8902679001077948
20.82,-0.9431599156020608,-0.9304156942472899,-0.915152838707142,-0.8801269379160631,-0.9127449770013318,-0.8772639665306913,-0.9248280761467218,-0.9021814715140731,-0.898654275056008,-0.8851725420008921,-0.9325020178657024,-0.899452379166261
20.84,-0.9497997988699771,-0.9377614384508641,-0.9232550761790311,-0.8897107893130375,-0.9209593268190147,-0.8869568791345883,-0.932460645732705,-0.9108678426292374,-0.907491648270198,-0.8945603156870924,-0.9397373962890685,-0.9082558559286253
20.86,-0.9560373529956415,-0.9447099528849463,-0.9309662286840453,-0.8989177648892942,-0.928783564134622,-0.89627408245657,-0.9396982309312124,-0.9191683759307213,-0.9159446138051237,-0.9035691593241063,-0.9465747079397937,-0.9166746012982312
20.88,-0.9618699357908748,-0.9512582942031009,-0.9382830298271224,-0.9077439646286501,-0.9362143746510865,-0.9052116297886827,-0.946537765947275,-0.9270795553655133,-0.9240095910384505,-0.9121952568231776,-0.9530110565762334,-0.924705049148188
20.900000000000002,-0.9672950766107727,-0.9574036885696747,-0.9452023802579241,-0.9161856498091402,-0.9432486107244258,-0.9137657352428306,-0.9529763535974447,-0.9345980298084183,-0.9316831636972162,-0.920434954224375,-0.9590437158021202,-0.9323437978319599
20.92,-0.9723104774002556,-0.9631435328347752,-0.9517213489837011,-0.924239244586716,-0.9498832926970644,-0.9219327753544537,-0.9590112665370222,-0.9417206144815733,-0.9389620813049416,-0.9282847612443864,-0.9646701302214491,-0.9395876116242822
20.94,-0.9769140136675091,-0.9684753956369484,-0.957837174610843,-0.9319013375099511,-0.956115610159998,-0.929709290617405,-0.9646399484153436,-0.9484442923034991,-0.945843260558513,-0.9357413527549807,-0.9698879165209259,-0.9464334220917932
20.96,-0.9811037353839063,-0.9733970184330885,-0.9635472665145868,-0.9391686829651092,-0.9619429231432644,-0.9370919869493745,-0.9698600149586337,-0.9547662151671167,-0.9523237866342482,-0.9428015701915106,-0.9746948644795244,-0.9528783293928034
20.98,-0.9848778678100271,-0.9779063164551418,-0.9688492059363895,-0.9460382025509665,-0.9673627632342181,-0.9440777370872416,-0.9746692549799695,-0.9606837051461871,-0.9584009144225987,-0.9494624228908609,-0.9790889379047211,-0.9589196035056499
21.0,-0.9882348122474259,-0.9820013795932013,-0.9737407470084982,-0.9525069863828021,-0.9723728346231343,-0.9506635819117645,-0.9790656313159244,-0.966194255629664,-0.9640720696909592,-0.955721089358274,-0.9830682754950143,-0.9645546853851164
21.02,-0.9911731467158313,-0.9856804732046175,-0.978219817705286,-0.9585722943250066,-0.9769710150756988,-0.9568467317010433,-0.9830472816894982,-0.9712955323834784,-0.9693348501740973,-0.9615749184625176,-0.9866311916283589,-0.9697811880464278
21.04,-0.9936916265554868,-0.9889420388487812,-0.9822845207209482,-0.9642315571517868,-0.981155356831974,-0.9626245673122291,-0.9866125194989656,-0.975985374539305,-0.9741870265917371,-0.9670214305588861,-0.9897761770761851,-0.9745968975763625
21.06,-0.9957891849543811,-0.9917846949472698,-0.9859331342731896,-0.9694823776354724,-0.9849240874314561,-0.967994641290976,-0.9897598345323096,-0.9802617955098923,-0.9786265435928684,-0.9720583185395633,-0.9925018996426986,-0.9789997740710514
21.080000000000002,-0.997464933400143,-0.9942072373690748,-0.9891641128325601,-0.9743225315619672,-0.9882756104638794,-0.9729546789081672,-0.9924878936069386,-0.9841229838305686,-0.9826515206263801,-0.9766834488108976,-0.9948072047291898,-0.9829879525000685
21.1,-0.9987181620564096,-0.9962086399406637,-0.9919760877771311,-0.9787499686729116,-0.9912085062454445,-0.9775025791234755,-0.9947955411344125,-0.9875673039265662,-0.9862602527376496,-0.9808948621971797,-0.9966911158231144,-0.9865597434964457
21.12,-0.9995483400635081,-0.9977880548806609,-0.9943678679722352,-0.982762813534159,-0.9937215324201883,-0.981636415475351,-0.9966817996099444,-0.9905932968058414,-0.9894512112907512,-0.9846907747705361,-0.9981528349117382,-0.9897136340722781
21.14,-0.9999551157633252,-0.9989448131589628,-0.9963384402750235,-0.9863593663301977,-0.9958136244862373,-0.9853544368970576,-0.9981458700264639,-0.9931996806770934,-0.9922230446159759,-0.9880695786065901,-0.99919174282017,-0.9924482882596156
21.16,-0.9999383168482664,-0.9996784247801338,-0.9978869699636256,-0.9895381035841824,-0.997483896246724,-0.9886550684584141,-0.9991871322130724,-0.9953853514927236,-0.9945745785823906,-0.9910298424655678,-0.99980739947364,-0.9947625476763711
21.18,-0.999497950434245,-0.9999885789909664,-0.9990128010907335,-0.9922976788032684,-0.9987316401851742,-0.9915369120329242,-0.999805145097743,-0.9971493834165022,-0.9965048170951922,-0.9935703123985627,-0.9999995440839132,-0.9966554320170029
21.2,-0.998634203057668,-0.9998751444121131,-0.999715456761456,-0.9946369230489781,-0.9995563277652071,-0.9939987468900141,-0.999999646894156,-0.9984910292157477,-0.9980129425176468,-0.9956899122787003,-0.9997680952597571,-0.9981261394677667
21.22,-0.9973474405964199,-0.9993381690937387,-0.9999946393353286,-0.996554845432356,-0.9999576096544189,-0.9960395302121262,-0.99977055521259,-0.9994097205778493,-0.9990983160174361,-0.9973877442569784,-0.9991131510414186,-0.9991740470463586
21.240000000000002,-0.9956382081148794,-0.9983778804951663,-0.9998502305523922,-0.9980506335337022,-0.9999353158723585,-0.9976583975364501,-0.9991179670948213,-0.9999050683509999,-0.9997604778372621,-0.9986630891425903,-0.9980349888590953,-0.9997987108658056
21.26,-0.9935072296330336,-0.9969946853885269,-0.999282291583287,-0.9991236537467088,-0.9994894558625298,-0.9988546631211034,-0.9980421589730181,-0.9999768627090397,-0.9999991474895974,-0.9995154067075696,-0.9965340654154167,-0.9999998663224948
21.28,-0.990955407819788,-0.9951891696864531,-0.9982910630033409,-0.9997734515468513,-0.9986202184883919,-0.9996278202356075,-0.9965435865526452,-0.9996250732403361,-0.9998142238754981,-0.9999443359156269,-0.9946110164919892,-0.9997774282082565
21.3,-0.9879838236106011,-0.9929620981938909,-0.9968769646906642,-0.9999997516839225,-0.9973279719533573,-0.9999775413755356,-0.9946228846194303,-0.9988498489606661,-0.9992057853274289,-0.9999496950750832,-0.9922666566800823,-0.9991314907464584
21.32,-0.984593735749608,-0.9903144142841326,-0.9950405956482906,-0.9998024582986262,-0.9956132636448234,-0.9999036784012414,-0.9922808667704727,-0.9976515182500947,-0.9981740895760813,-0.9995314819158327,-0.9895019790355728,-0.998062327552093
21.34,-0.9807865802564233,-0.9872472394992102,-0.9927827337504443,-0.9991816549631835,-0.9934768199023029,-0.9994062626006103,-0.9895185250696089,-0.9960305887138745,-0.9967195736412015,-0.9986898735903046,-0.9863181546582933,-0.9965703915158765
21.36,-0.9765639698178529,-0.9837618730748172,-0.9901043354130373,-0.9981376046459309,-0.9909195457097505,-0.9984855046758054,-0.9863370296271805,-0.9939877469674278,-0.9948428536464703,-0.9974252265984225,-0.9827165321959613,-0.9946563146124062
21.38,-0.9719276931047703,-0.9798597913899607,-0.9870065351885372,-0.99667074959993,-0.9879425243122184,-0.9971417946540164,-0.9827377281043831,-0.9915238583455004,-0.9925447245585184,-0.9957380766365931,-0.9786986372729006,-0.9923209076324614
21.400000000000002,-0.9668797140144468,-0.9755426473415765,-0.9834906452853787,-0.9947817111756304,-0.9845470167569995,-0.9953757017222457,-0.9787221451424052,-0.9886399665356116,-0.9898261598501826,-0.9936291383707891,-0.9742661718437968,-0.9895651598395564
21.42,-0.961422170838657,-0.9708122696443726,-0.9795581550121196,-0.9924712895576712,-0.9807344613594566,-0.9931879739862048,-0.9742919817166005,-0.9853372931359546,-0.9866883110881497,-0.9910993051338208,-0.96942101347276,-0.9863902385508954
21.44,-0.9555573753579123,-0.9656706620561977,-0.9752107301465806,-0.9897404634259265,-0.9765064730937607,-0.9905795381534218,-0.9694491144159652,-0.9816172371379355,-0.9831325074451592,-0.9881496485469262,-0.9641652145380007,-0.9827974886429043
21.46,-0.9492878118622052,-0.9601200025292614,-0.9704502122302305,-0.9865903895409438,-0.9718648429087985,-0.987551499140693,-0.9641955946482268,-0.977481374333569,-0.9791602551369754,-0.984781418065839,-0.9585010013624554,-0.9787884319815494
21.48,-0.9426161360986801,-0.9541626422875681,-0.9652786177881229,-0.983022402253947,-0.9668115369695379,-0.9841051396060484,-0.9585336477708813,-0.9729314566479836,-0.9747732367843628,-0.9809960404515268,-0.9524307732707302,-0.9743647667776851
21.5,-0.9355451741466755,-0.947801104830953,-0.9596981374747074,-0.9790380129416142,-0.9613486958241728,-0.9802419194054249,-0.9524656721485455,-0.9679694113973168,-0.9699733107003397,-0.9767951191658252,-0.9459571015727627,-0.9695283668677022
21.52,-0.9280779212206148,-0.9410380848661445,-0.9537111351458838,-0.9746389093658676,-0.9554786334974007,-0.9759634749742816,-0.9459942381370251,-0.9625973404723164,-0.964762510103008,-0.9721804336922206,-0.939082728474631,-0.9642812809197826
21.54,-0.9202175404012529,-0.9338764471653024,-0.9473201468576865,-0.969826954958949,-0.9492038365102164,-0.9712716186344151,-0.9391220869945285,-0.956817519447993,-0.959143042254295,-0.9671539387820729,-0.9318105659169729,-0.9586257315660974
21.56,-0.9119673612958151,-0.9263192253525198,-0.9405278797920282,-0.9646041880340811,-0.9425269628266383,-0.9661683378262726,-0.9318521297204871,-0.9506323966197008,-0.9531172875249719,-0.9617177636265947,-0.9241436943415062,-0.952564114461313
21.580000000000002,-0.9033308786275965,-0.9183696206187985,-0.9333372111099546,-0.9589728209220516,-0.9354508407278103,-0.9606557942670839,-0.924187445822475,-0.9440445919660556,-0.9466877983863431,-0.9558742109549403,-0.9160853613861737,-0.9460989972678074
21.6,-0.8943117507556199,-0.9100310003660452,-0.9257511867328972,-0.9529352390340834,-0.9279784676139613,-0.9547363230351723,-0.9161312820117486,-0.9370568960391281,-0.9398572983290362,-0.9496257560587836,-0.9076389805094639,-0.9392331185680256
21.62,-0.884913798124978,-0.9013068967806618,-0.9177730200524407,-0.9464939998513903,-0.9201130087347252,-0.9484124315808301,-0.9076870508279604,-0.9296722687823845,-0.9326286807093485,-0.9429750457438008,-0.8988081295444921,-0.9319693867044321
21.64,-0.8751410016485169,-0.8922010053373329,-0.9094060905691503,-0.9396518318418434,-0.911857795848361,-0.9416867986641787,-0.8988583291936297,-0.9218938382768723,-0.9250050075236395,-0.9359248972084998,-0.8895965491834528,-0.9243108785475567
21.66,-0.8649975010205477,-0.8827171832336473,-0.9006539424610375,-0.9324116333042104,-0.9032163258104414,-0.9345622732204629,-0.8896488568989801,-0.9137248994161862,-0.9169895081112894,-0.9284782968508737,-0.8800081413930868,-0.9162608381926509
21.68,-0.8544875929632975,-0.8728594477562128,-0.891520283082268,-0.9247764711404539,-0.894192259092607,-0.92704187315326,-0.8800625350177886,-0.9051689125107714,-0.908585577786771,-0.9206383990033807,-0.8700469677618323,-0.907822675585511
21.7,-0.8436157294068453,-0.8626319745789599,-0.8820089813927513,-0.9167495795566118,-0.8847894182320144,-0.9191287840561151,-0.870103424254916,-0.8962295018221583,-0.8997967764014159,-0.9124085245967899,-0.8597172477793626,-0.8989999650780454
21.72,-0.8323865156033132,-0.8520390959943522,-0.8721240663192724,-0.9083343586928081,-0.8750117862121327,-0.9108263578631438,-0.8597757432262175,-0.8869104540277489,-0.8906268268354849,-0.9037921597534552,-0.8490233570492367,-0.8897964439142028
21.740000000000002,-0.8208047081761111,-0.8410852990782558,-0.8618697250488656,-0.8995343731829752,-0.8648635047755784,-0.902138111429175,-0.8490838666715641,-0.8772157166168038,-0.8810796134211791,-0.8947929543106171,-0.8379698254354214,-0.8802160106468994
21.76,-0.8088752131050605,-0.8297752237892418,-0.8512503012551477,-0.8903533506448976,-0.8543488726696984,-0.8930677250400325,-0.8380323236017311,-0.8671493962183108,-0.8711591802972618,-0.8854147202743542,-0.8265613351434705,-0.8702627234866162
21.78,-0.7966030836482535,-0.8181136610031298,-0.840270293258366,-0.8807951801012168,-0.8434723438256488,-0.8836190408535903,-0.8266257953799373,-0.8567157568614437,-0.8608697296959867,-0.8756614302048419,-0.8148027187371716,-0.8599407985823676
21.8,-0.7839935182015244,-0.8061055504836031,-0.8289343521199384,-0.8708639103320662,-0.8322385254717379,-0.8737960612722585,-0.8148691137388501,-0.8459192181693463,-0.8502156201630596,-0.8655372155336013,-0.8026989570915031,-0.8492546082357671
21.82,-0.7710518580964426,-0.793755978789757,-0.8172472796722935,-0.8605637481600336,-0.8206521761818337,-0.8636029472475913,-0.8027672587338938,-0.8347643534870084,-0.8392013647113858,-0.8550463648134512,-0.7902551772827676,-0.8382086790489485
21.84,-0.7577835853377588,-0.7810701771214638,-0.8052140264848447,-0.8498990566681777,-0.8087182038596616,-0.8530440165177345,-0.79032535663373,-0.8232558879440253,-0.827831628909387,-0.8441933219019042,-0.7774766504167948,-0.8268076900071255
21.86,-0.744194320281262,-0.7680535191034706,-0.7928396897669612,-0.8388743533518542,-0.796441663659849,-0.8421237417784591,-0.7775486777488032,-0.8113986964530641,-0.8161112289046957,-0.8329826840787773,-0.7643687893961347,-0.8150564704966041
21.88,-0.7302898192530334,-0.7547115185091661,-0.7801295112088217,-0.8274943082051337,-0.7838277558465927,-0.8308467487885556,-0.76444263419887,-0.799197801644881,-0.8040451293840664,-0.821419200098813,-0.7509371466271864,-0.802959998259085
21.900000000000002,-0.7160759721111026,-0.7410498269249807,-0.7670888747610685,-0.8157637417426217,-0.7708818235908611,-0.8192178144103927,-0.7510127776204608,-0.7866583717407671,-0.7916384414703654,-0.8095077681801376,-0.7371874116682342,-0.7905233972831238
21.92,-0.7015587997505421,-0.7270742313564108,-0.7537233043542,-0.803687622957519,-0.7576093507070604,-0.807241864586468,-0.737264796815241,-0.7737857183633231,-0.7788964205575319,-0.7972534339294068,-0.7231254088193876,-0.7777519356336423
21.94,-0.6867444515530541,-0.7127906517766809,-0.7400384615586695,-0.7912710672167887,-0.744015959330126,-0.7949239722528109,-0.7232045153402716,-0.7605852942864892,-0.765824464084427,-0.7846613882045194,-0.7087570946554438,-0.7646510232204098
21.96,-0.6716392027821311,-0.6982051386190793,-0.7260401431866789,-0.7785193340943188,-0.730107407534022,-0.7822693551901188,-0.7088378890411868,-0.7470626911257855,-0.752428109248512,-0.7717369649158019,-0.6940885555027214,-0.7512262095064396
21.98,-0.6562494519248951,-0.6833238702140343,-0.711734278836687,-0.7654378251430002,-0.7158895868926577,-0.7692833738135385,-0.6941710035293365,-0.7332236369697387,-0.7387130306603281,-0.7584856387665994,-0.6791260048609309,-0.7374831811572722
22.0,-0.640581717981739,-0.6681531501720122,-0.6971269283816693,-0.7520320816066632,-0.7013685199842545,-0.7559715289020289,-0.6792100716039594,-0.7190739939535007,-0.7246850379397664,-0.7449130229342253,-0.663875780771176,-0.7234277596321393
22.02,-0.6246426377049192,-0.6526994047133481,-0.682224279402194,-0.7383077820728429,-0.6865503578402201,-0.7423394592682652,-0.6639614306204815,-0.7046197557756853,-0.7103500732551508,-0.7310248666922554,-0.6483443431312003,-0.7090658987180318
22.04,-0.60843896278727,-0.6369691799461401,-0.6670326445654023,-0.7242707400673639,-0.6714413773396107,-0.7283929393700747,-0.6484315398060521,-0.6898670451594756,-0.695714208806173,-0.7168270529751724,-0.6325382709590143,-0.6944036820077125
22.06,-0.5919775570022295,-0.6209691390933596,-0.6515584589510033,-0.7099269015917697,-0.6560479785502853,-0.7141378768644129,-0.6326269775234568,-0.674822111259078,-0.680783644251747,-0.7023255958863918,-0.6164642596060671,-0.6794473203227458
22.080000000000002,-0.5752653932963889,-0.6047060596703524,-0.6358082773254147,-0.6952823426046333,-0.6403766820178772,-0.6995803101049174,-0.6165544384845647,-0.6594913270126196,-0.6655647040838741,-0.6875266381507267,-0.6001291179211369,-0.6642031490826328
22.1,-0.5583095508357964,-0.5881868306139265,-0.6197887713652059,-0.6803432664478196,-0.6244341260037332,-0.6847264055841003,-0.6002207309144915,-0.6438811864426125,-0.6500638349486275,-0.6724364485123684,-0.5835397653661466,-0.648677625621168
22.12,-0.5411172120072681,-0.5714184493642422,-0.6035067268310182,-0.6651160012187906,-0.6082270636729876,-0.6695824553212608,-0.5836327736676779,-0.6279983019051273,-0.6342876029153942,-0.6570614190794862,-0.5667032290851237,-0.6328773264511544
22.14,-0.5236956593759746,-0.5544080189007414,-0.5869690406931599,-0.649606997090062,-0.5917623602339652,-0.6541548741972264,-0.566797593297108,-0.6118494012888414,-0.6182426906955305,-0.6414080626165715,-0.549626640927547,-0.6168089444786334
22.16,-0.5060522726005926,-0.5371627447333702,-0.5701827182100934,-0.6338228235769525,-0.5750469900301224,-0.6384501972370497,-0.5497223210779053,-0.5954413251651477,-0.6019358948116074,-0.6254830097856715,-0.5323172344273404,-0.6004792861678141
22.18,-0.48819452530732843,-0.5196899318503713,-0.5531548699610525,-0.6177701667547786,-0.5580880335857595,-0.6224750768418137,-0.5324141899865706,-0.5787810238905327,-0.5853741227184468,-0.609293006337684,-0.5147823417387938,-0.5838952686578968
22.2,-0.4701299819241382,-0.5019969816239375,-0.5358927088340465,-0.6014558264266753,-0.5408926746067565,-0.6062362799707173,-0.5148805316371392,-0.5618755546624493,-0.5685643898771686,-0.5928449102548996,-0.49702939053071027,-0.5670639168330178
22.22,-0.45186629447648347,-0.48409138867503715,-0.5184035469705266,-0.5848867132432434,-0.5234681969376002,-0.5897406852746341,-0.4971287731755554,-0.5447320785299334,-0.5515138167834852,-0.5761456888460043,-0.4790659008400916,-0.5499923603465536
22.240000000000002,-0.43341119934598277,-0.46598073769874104,-0.5006947926680093,-0.5680698457752416,-0.5058219814759947,-0.5729952801823601,-0.4791664341335815,-0.5273578573602289,-0.5342296259515051,-0.5592024157947719,-0.4608994818866994,-0.532687830601044
22.26,-0.4147725139933292,-0.4476727002513936,-0.48277394724196915,-0.5510123475405645,-0.48796150304636005,-0.5560071579407834,-0.46100112324357156,-0.5097602507627068,-0.5167191388543224,-0.542022268163697,-0.4425378288498378,-0.5151576576850171
22.28,-0.3959581336468642,-0.4291750315009904,-0.464648601848329,-0.5337214439867666,-0.469894327233544,-0.5387835146102293,-0.44264053521546115,-0.4919467129713821,-0.4989897728226865,-0.5246125233538365,-0.4239887196087244,-0.4974092672680099
22.3,-0.3769760279582088,-0.4104955669421388,-0.4463264342678947,-0.5162044594304078,-0.4516281071780888,-0.521331646016256,-0.424092447477337,-0.47392478968734736,-0.48104903790306897,-0.5069805560221489,-0.4052600114478307,-0.4794501774551024
22.32,-0.35783423762637023,-0.3916422190769919,-0.4278152056540963,-0.49846881395452014,-0.43317058033440936,-0.5036589446591888,-0.40536471688096837,-0.4557021148824619,-0.46290453367645557,-0.4891338349576374,-0.3863596377285858,-0.46128799560229605
22.34,-0.33854087099175306,-0.37262297406356354,-0.4091227572454128,-0.48052202026550767,-0.41452956519325707,-0.4857728965827041,-0.38646527637369427,-0.43728640756564996,-0.4445639460392116,-0.47107991991761755,-0.3672956045288556,-0.44293041509408615
22.36,-0.3191041006015177,-0.3534458883328422,-0.39025700704387345,-0.4623716805108121,-0.39571295796985684,-0.4676810782027893,-0.36740213163807806,-0.41868546851317795,-0.4260350439473859,-0.45282645842545266,-0.348075987251619,-0.4243852120845932
22.38,-0.2995321597477417,-0.3341190851761384,-0.3712259464610426,-0.44402548305869144,-0.3767287292591206,-0.449391153098421,-0.3481833577007507,-0.39990717696429495,-0.40732567612583,-0.4343811825311116,-0.3287089272042785,-0.40566024220363367
22.400000000000002,-0.2798333389798496,-0.31465075130411035,-0.35203763693290874,-0.4254911992414762,-0.3575849206593543,-0.43091086876532164,-0.3288170955118815,-0.3809594872836374,-0.3884437677435287,-0.4157519055359216,-0.3092026281500547,-0.3867634372291253
22.42,-0.2600159825927888,-0.2950491333789253,-0.33270020650511145,-0.4067766800636826,-0.3382896413658878,-0.41224805333417025,-0.30931154849672315,-0.3618504255918108,-0.36939731705654877,-0.3969465186829038,-0.28956535283292406,-0.36770280172723646
22.44,-0.2400884850924399,-0.27532253452102606,-0.3132218463899532,-0.3878898528763771,-0.3188510647360717,-0.3934106122546556,-0.28967497908069323,-0.3425880863655764,-0.3501943920200287,-0.37797298781409283,-0.2698054194775734,-0.3484864096617027
22.46,-0.22005928763975716,-0.2554793107919821,-0.2936108074966539,-0.3688387180192009,-0.29927742482709513,-0.37440652494677834,-0.2699157051894633,-0.3231806290090821,-0.3308431268706444,-0.35883934999625683,-0.24993119826585294,-0.3291224009737476
22.48,-0.19993687447514646,-0.23552786765491518,-0.27387539693631857,-0.3496313454314771,-0.27957701290809145,-0.35524384142081955,-0.2500420967255388,-0.3036362743975912,-0.3113517186809981,-0.33955371011644736,-0.2299511077912205,-0.3096189781340553
22.5,-0.17972976932459533,-0.2154766564139986,-0.25402397450309755,-0.330275871233836,-0.25975817394800976,-0.3359306788674077,-0.2300625720228215,-0.2839633013951717,-0.291728423887391,-0.32012423744882074,-0.20987361149267905,-0.2899844026682561
22.52,-0.15944653178907683,-0.19533417063453873,-0.23406494913303152,-0.3107804942818059,-0.23982930308073902,-0.31647521821912816,-0.20998559428065697,-0.2641700433478224,-0.27198155479244934,-0.3005591621941857,-0.1897072140697179,-0.270226991657397
22.54,-0.13909575371875713,-0.17510894254515483,-0.21400677534207932,-0.2911534726928303,-0.21979884204898292,-0.29688570068513276,-0.18981966797887737,-0.24426488455352074,-0.25211947604408574,-0.2808667719937427,-0.16946045787977607,-0.25035511421487916
22.56,-0.11868605557354257,-0.15480953942358133,-0.19385794964483916,-0.27140312034818237,-0.19967527562839146,-0.2771704242602157,-0.16957333527535778,-0.22425625671068736,-0.23215060109228802,-0.26105540841849195,-0.14914191931975426,-0.2303771879413547
22.580000000000002,-0.09822608277150771,-0.1344445599676237,-0.17362700695547903,-0.25153780337125703,-0.17946712803346404,-0.25733774020983596,-0.14925517238761274,-0.20415263534657258,-0.21208338862523513,-0.24113346343579697,-0.12876020519310766,-0.21030167535908484
22.6,-0.0777245020267514,-0.11402263065280469,-0.1533225169724016,-0.23156593658373512,-0.1591829593067465,-0.23739604953257462,-0.12887378595996504,-0.18396253622707692,-0.19192633898625083,-0.22110937585460097,-0.10832394906405889,-0.19013708032726928
22.62,-0.057189997678231866,-0.09355240207824436,-0.1329530805481743,-0.2114959799411181,-0.13883136169285168,-0.21735379940152513,-0.10843780941782616,-0.1636945117495271,-0.17168799057311251,-0.20099162775080082,-0.08784180760047526,-0.16989194443986563
22.64,-0.036631268011136094,-0.07304254530232147,-0.11252732604626337,-0.19133643494914507,-0.11842095599883934,-0.19721947958612485,-0.08795589931063212,-0.14335714731993485,-0.1513769162212401,-0.18078874087429406,-0.0673224569069594,-0.14957484340742477
22.66,-0.016057021572341637,-0.0525017481696683,-0.09205390568611371,-0.17109584106260897,-0.09796038794249722,-0.17700161885594265,-0.06743673164498447,-0.12295905771627377,-0.13100171957229786,-0.1605092730392197,-0.04677458884970657,-0.12919438342447437
22.68,0.004524026518468335,-0.0319387116310551,-0.07154149187812409,-0.150782772068098,-0.07745832449007008,-0.1567087813679466,-0.046888998209549025,-0.10250888343931423,-0.11057103142974636,-0.14016181449892284,-0.026206907374685617,-0.10875919752398978
22.7,0.025103158260474205,-0.011362146057722749,-0.05099877355006931,-0.1304058324521943,-0.05692345018498805,-0.1363495630387816,-0.0263214028932697,-0.08201528705256228,-0.09009350610288933,-0.11975498430717807,-0.00562812482070289,-0.08827794192049632
22.72,0.0456716564646095,0.009219232448274979,-0.030434452466525718,-0.10997365375666818,-0.036364463469149365,-0.11593258790359379,-0.005742657998456545,-0.06148694951285298,-0.06957781774096325,-0.09929742666721311,0.014953041771088957,-0.06775929234335187
22.740000000000002,0.06622080844610662,0.029796705746156688,-0.00985723954285926,-0.08949489092221206,-0.015790072998315786,-0.09546650446294436,0.014838519449689969,-0.04093256649315239,-0.04903265665882309,-0.07879780727007958,0.03552787434967405,-0.047211940361763335
22.76,0.0867419097151346,0.05036155734936227,0.010724148844662811,-0.0689782186222628,0.004791006046818467,-0.07495998201935972,0.03541341139555528,-0.020360844699125937,-0.02846672565578028,-0.05826480962392132,0.05608765754708413,-0.026644589703093156
22.78,0.10722626766396551,0.07090507611780104,0.03130099455107336,-0.04843232758846523,0.025370055652321723,-0.054421707005070215,0.05597330244602354,0.00021950181896665465,-0.007888736329152398,-0.03770713137569581,0.07662368237017292,-0.006065952566016002
22.8,0.12766520524910774,0.0914185599478352,0.05186458135565602,-0.027865920929333647,0.04593835866392001,-0.033860379302492846,0.0765094835622626,0.020799755357487494,0.012692594615913953,-0.01713348062690628,0.0971272498896901,0.014515254069913155
22.82,0.14805006466684625,0.11189331945843542,0.07240619865408074,-0.007287710443670518,0.06648720247952804,-0.013284708559016428,0.09701325574881736,0.04137119825218425,0.033268549058783896,0.0034474277550946074,0.11758967492509231,0.03509031213671599
22.84,0.16837221102063316,0.13232068167194735,0.0929171451481603,0.013293587069695998,0.08700788273985194,0.007296589502349479,0.11747593373844879,0.061925116570937175,0.05383041115627462,0.02402687582866699,0.1380022897235303,0.05565050617090889
22.86,0.1886230359787748,0.15269199368790967,0.11338873253166473,0.03386925350429248,0.10749170701550041,0.027874796774899326,0.13788884967115783,0.0824528038049252,0.07436947103463103,0.04459614627074835,0.15835644763145373,0.07618712700531771
22.88,0.20879396142086626,0.1729986263483675,0.13381228917063248,0.05443057313893458,0.12792999848904238,0.048441196461166,0.15824335676583565,0.10294556455664763,0.0948770284789727,0.06514652606945602,0.17864352675727863,0.09669147545822557
22.900000000000002,0.22887644307142838,0.19323197789312882,0.15417916377661936,0.074968836329651,0.14831409963045158,0.06898707676530072,0.17853083298298494,0.12339471822323908,0.11534439661864958,0.0856693102148635,0.19885493362356566,0.11715486601829066
22.92,0.24886197411920857,0.21338347760341525,0.1744807290713291,0.09547534319903316,0.16863537586438118,0.08950373458333417,0.19874268467696102,0.1437916026735175,0.1357629056069449,0.10615580538638714,0.21898210680716237,0.13756863052367363
22.94,0.26874208882061174,0.23344458943236387,0.1947083854410735,0.11594140732144781,0.18888521922771467,0.10998247918975598,0.21887035023618523,0.16412757791720792,0.15612390629356712,0.1265973336352214,0.23901652056576755,0.15792412183381568
22.96,0.2885083660857354,0.2534068156208424,0.21485356457951404,0.13635835940255164,0.20905505201584448,0.13041463591885058,0.23890530370978924,0.18439402976478694,0.1764187738883748,0.14698523606026265,0.2589496884493813,0.1782127174923121
22.98,0.3081524330454895,0.2732617002970455,0.23490773311714178,0.15671755095154905,0.2291363304161327,0.1507915498392304,0.2588390584191533,0.2045823734763989,0.19663891161478272,0.1673108764759645,0.2787731668951112,0.19842582337932996
23.0,0.3276659685982908,0.2930008330583487,0.2548623962359583,0.17701035794463774,0.2491205481270159,0.17110458942000953,0.2786631705528093,0.2246840573982967,0.21677575435130178,0.18756564507057089,0.29847855880381174,0.21855487735202248
23.02,0.34704070693482797,0.31261585253390073,0.2747091012678265,0.1972281844780903,0.2689992399612201,0.19134515018706538,0.2983692427431856,0.24469056658526792,0.23682077225966974,0.2077409620531776,0.31805751709704194,0.23859135287139815
23.04,0.3662684410394063,0.33209844992644755,0.29443944127496696,0.2173624664094242,0.2887639854315603,0.2115046583678389,0.3179489276236782,0.26459342640751143,0.25676547439803643,0.227828281288077,0.33750174825283463,0.2585267626141084
23.06,0.38534102616638677,0.3514403725318855,0.3140450586110832,0.23740467498511797,0.308406412317805,0.23157457452313018,0.33739393136454227,0.28438420614043647,0.27660141231767266,0.24781909391484652,0.3568030158187796,0.27835266206762355
23.080000000000002,0.4042503832902486,0.37063342723505427,0.33351764846160753,0.2573463204533369,0.3279182002130956,0.2515463971643503,0.35669601718610544,0.3040545225358638,0.2963201836416791,0.2677049319526479,0.37595314390093226,0.2980606531072746
23.1,0.42298850252781306,0.38966948398028833,0.3528489623615672,0.2771789556601377,0.34729108404841746,0.27141166635469777,0.37584700884781524,0.3235960433731165,0.31591343562417973,0.28747737188720973,0.3949440206270702,0.31764238755364527
23.12,0.4415474465311788,0.40854047921525666,0.372030811689582,0.29689417962762926,0.3665168575936306,0.29116196729273397,0.39483879411164247,0.3430004909884951,0.33537286868849175,0.30712803823897467,0.4137676015828305,0.33708957070880763
23.14,0.4599193538499318,0.4272384193066322,0.391055071136512,0.3164836411125731,0.38558737693357653,0.31078893387683937,0.4136633281783735,0.3622596457816436,0.3546902399427734,0.3266486071108988,0.43241591321927264,0.3563939648699034
23.16,0.47809644226120596,0.4457553839261439,0.4099136821472864,0.335939042143917,0.4044945639177887,0.33028425224904073,0.432312637095336,0.3813653496973196,0.37385736667166014,0.346030809714402,0.45088105623042285,0.37554739281858207
23.18,0.49607101206618276,0.4640835294055772,0.4285986563344567,0.35525214153776274,0.4232304095823457,0.3496396643167084,0.45077882113411455,0.4003095096810945,0.39286612980241126,0.3652664358719732,0.46915520889936974,0.39454174128481884
23.2,0.5138354493516348,0.48221509205930224,0.44710207886202613,0.3744147583882787,0.4417869775424172,0.368846971250632,0.46905405813682505,0.4190841011075198,0.4117084773440969,0.3843473374949503,0.4872306304114937,0.4133689643836439
23.22,0.531382229215131,0.5001423914729214,0.46541611179812414,0.39341877553307975,0.46015640735406604,0.38789803695799174,0.48713060682953113,0.43768117117930744,0.4303764277983702,0.4032654320349978,0.5050996641334271,0.43202108702332814
23.240000000000002,0.5487039189525369,0.5178578337566437,0.48353299743510425,0.4122561429916055,0.47833091784388226,0.406784791528756,0.5050008101013985,0.4560928422960838,0.4488620735403793,0.4220127059078231,0.5227547408563546,0.45049020828358094
23.26,0.5657931812064616,0.5353539147620087,0.5014450615756595,0.4309188813750407,0.49630281040503854,0.42549923465404343,0.5226570982481981,0.4743113153912913,0.46715758416838676,0.4405812178876796,0.5401883820022826,0.46876850476233006
23.28,0.5826427770743146,0.5526232232605951,0.5191447167835637,0.4493990852663333,0.5140644722583708,0.4440334390150029,0.5400919921787846,0.492328873235823,0.4852552098206777,0.45896310247121963,0.5573932027919165,0.4868482338896646
23.3,0.5992455691746593,0.5696584440833709,0.5366244655976607,0.4676889265688793,0.5316083796771033,0.4623795536407755,0.5572981065831921,0.5101378837069919,0.5031472844583519,0.4771505732092711,0.5743619153728067,0.5047217372075382
23.32,0.6155945246705626,0.5864523612193514,0.5538769037077419,0.4857806578224538,0.5489271011738511,0.4805298072341152,0.574268153061004,0.5277308030214494,0.5208262291126092,0.4951359260051281,0.5910873319064361,0.5223814436138436
23.34,0.6316827182486593,0.6029978608722564,0.5708947230909639,0.5036666154849864,0.5660133006485508,0.4984765114632616,0.5909949432086727,0.5451001789306839,0.5382845550951524,0.5129115423779571,0.607562367612943,0.5398198725694825
23.36,0.6475033350526709,0.6192879344738681,0.5876707151074814,0.5213392231787887,0.5828597404959859,0.5162120642186675,0.6074713916644827,0.5622386538777455,0.5555148671703471,0.5304698926899366,0.6237800437721883,0.5570296372670747
23.38,0.6630496735701351,0.6353156816528165,0.60419777355398,0.5387909948998593,0.5994592846715899,0.5337289528332048,0.6236905191098631,0.579138968113861,0.572509866687798,0.5478035393357643,0.6397334906798974,0.5740034477599627
23.400000000000002,0.6783151484711243,0.6510743131575326,0.6204688976738199,0.5560145381889077,0.61580490171423,0.5510197572644815,0.6396454552257836,0.5957939627736161,0.589262354674009,0.5649051398931786,0.6554159505576225,0.5907341140501865
23.42,0.6932932933977488,0.6665571537321322,0.6364771951225106,0.5730025572627527,0.6318896677246882,0.5680771532379256,0.6553294416029777,0.6121965829074061,0.6057652348818234,0.5817674502331626,0.6708207804152952,0.6072145491341208
23.44,0.7079777637032652,0.6817576449440113,0.6522158848872648,0.58974785610477,0.6477067692985821,0.5848939153492999,0.6707358346047613,0.628339880469867,0.6220115167963491,0.5983833275885103,0.6859414548651542,0.6234377720044846
23.46,0.722362339139628,0.6966693479619569,0.6676783001593924,0.6062433415130785,0.6632495064124785,0.6014629201253381,0.685858108181235,0.6442170172630238,0.6379943185960957,0.6147457335794579,0.7007715688858582,0.639396910607452
23.48,0.7364409264923474,0.7112859462835947,0.6828578911583174,0.6224820261051759,0.6785112952619812,0.6177771490412021,0.7006898566336781,0.6598212678329073,0.6537068700680703,0.6308477371950962,0.7153048405356123,0.6550852047536091
23.5,0.7502075621615357,0.725601248411019,0.6977482279060238,0.6384570312777493,0.6934856710505886,0.6338296914934847,0.7152247973279605,0.675146022318413,0.6691425154755967,0.6466825177293027,0.729535113613158,0.6704960089815288
23.52,0.7636564146880509,0.7396091904734725,0.7123430029507531,0.6541615901204074,0.70816629072814,0.649613747727497,0.7294567733558273,0.6901847892511973,0.6842947163776432,0.6622433676699495,0.7434563602655014,0.6856227953727446
23.54,0.7767817872236645,0.7533038387959621,0.7266360340388011,0.6695890502821008,0.7225469356776915,0.6651226317176016,0.7433797561429255,0.7049311983054212,0.6991570543984644,0.6775236955401625,0.757062683541273,0.7004591563169358
23.56,0.7895781199442113,0.7666793924127269,0.74062126673328,0.6847328767890158,0.7366215143496823,0.6803497739993696,0.7569878480024701,0.7193790029961799,0.7137232339463839,0.6925170286904287,0.7703483198886387,0.7149988072261503
23.580000000000002,0.802039992404695,0.7797301855244899,0.754292776978741,0.6995866548127474,0.7503840648422766,0.6952887244523647,0.7702752846334662,0.7335220833254744,0.7279870848805677,0.7072170160403702,0.783307641596704,0.7292355891969162
23.6,0.8141621258353539,0.7924506898984544,0.7676447736105649,0.7141440923875795,0.7638287574267867,0.7099331550323728,0.7832364375624303,0.7473544483746032,0.7419425651246556,0.7216174307690204,0.7959351591793755,0.7431634716191138
23.62,0.8259393853777142,0.8048355172100283,0.7806716008080634,0.728399023075722,0.7769498970171096,0.7242768624519208,0.7958658165275762,0.7608702388418775,0.7555837632261467,0.7357121729524658,0.8082255237006738,0.7567765547305038
23.64,0.837366782259684,0.8168794213252842,0.7933677404902485,0.7423454085793741,0.7897419255821284,0.7383137708079506,0.8081580718044541,0.7740637295245841,0.7689049008604532,0.749495272147736,0.8201735290405073,0.7700690721158288
23.66,0.8484394759087645,0.828577300523188,0.8057278146532562,0.7559773412985092,0.8021994245000598,0.7520379341555319,0.8201079964720606,0.7869293317441446,0.7819003352785612,0.7629608899218436,0.8317741140999519,0.7830353931494303
23.68,0.859152776002486,0.8399241996566555,0.8177465876484349,0.7692890468332962,0.8143171168537465,0.7654435390265272,0.8317105286184566,0.7994615957134441,0.7945645616972642,0.7761033223249086,0.8430223649451007,0.7956700253803457
23.7,0.8695021444551988,0.8509153122515214,0.829418968400133,0.7822748864300988,0.8260898696659271,0.7785249068921396,0.8429607534849616,0.8116552128453266,0.8068922156309531,0.7889170023063145,0.8539135168885746,0.8079676168588754
23.72,0.8794831973403773,0.8615459825425307,0.8407400125622456,0.7949293593700152,0.8375126960735316,0.7912764965683016,0.8538539055480135,0.823505018001278,0.818878075163979,0.8013965020728755,0.8644429565078136,0.819922958403635
23.740000000000002,0.8890917067476228,0.8718117074454914,0.8517049246126086,0.807247105298948,0.8485807574400851,0.8036929065628853,0.8643853705378145,0.8350059916793464,0.8305170631626232,0.8135365353880157,0.8746062235992931,0.8315309858081309
23.76,0.8983236025735803,0.8817081384647527,0.8623090598843505,0.8192229064982162,0.8592893654053232,0.8157688773637397,0.8745506873929061,0.8461532621403716,0.841804249425738,0.8253319598109844,0.8843990130678383,0.8427867819859259
23.78,0.9071749742460078,0.8912310835351992,0.8725479265333447,0.8308516900947465,0.8696339838711521,0.8274992936665873,0.8843455501498465,0.8569421074716211,0.8527348527731494,0.8367777788751618,0.8938171767502343,0.8536855790534863
23.8,0.9156420723802695,0.9003765087979834,0.8824171874409252,0.8421285302099116,0.8796102309231101,0.8388791865418336,0.8937658097671889,0.8673679575869644,0.8633042430709343,0.8478691442045302,0.9028567251723619,0.8642227603498261
23.82,0.9237213103675519,0.909140540309243,0.891912662051063,0.8530486500460996,0.8892138806865191,0.8499037355393743,0.9028074758829897,0.8774263961627307,0.8735079431927153,0.8586013575674151,0.9115138292391137,0.874393862392096
23.84,0.9314092658941283,0.9175194656810778,0.9010303281412226,0.8636074239101359,0.8984408651165381,0.8605682707305075,0.9114667185050997,0.8871131625084361,0.8833416309161434,0.8689698728666265,0.9197848218563738,0.8841945767662858
23.86,0.9387026823910286,0.9255097356540948,0.9097663235261501,0.8738003791726968,0.907287275721361,0.8708682746860854,0.9197398696335249,0.896424153371585,0.8928011407537636,0.8789702980651566,0.9276661994843761,0.8936207519522407
23.88,0.9455984704135016,0.933107965600851,0.9181169476938701,0.8836231981628873,0.9157493652178289,0.8807993843900687,0.9276234248141674,0.9053554246757815,0.901882465717489,0.8885983970466185,0.9351546236217809,0.90266839508222
23.900000000000002,0.9520937089496841,0.9403109369595603,0.926078663373199,0.8930717199971783,0.9238235491187553,0.8903573930876721,0.9351140446232901,0.9139031931914153,0.9105817590159351,0.897850091409638,0.9422469222198434,0.9113336736322495
23.92,0.9581856466579228,0.9471155985974555,0.9336480980321107,0.9021419423419312,0.9315064072512921,0.8995382520673195,0.9422085560820757,0.9220638381382135,0.9188953356838966,0.9067214621954389,0.9489400910260726,0.9196129170455544
23.94,0.9638717030322249,0.9535190681032293,0.9408220453063194,0.9108300231087604,0.9387946852056929,0.9083380723756515,0.9489039540006793,0.9298339027189797,0.9268196741432746,0.9152087515478889,0.955231294856814,0.9275026182873839
23.96,0.9691494694953444,0.9595186330080049,0.9475974663574757,0.9191322820820171,0.9456852957138605,0.9167531264648617,0.955197402251209,0.9372100955838718,0.9343514176947953,0.9233083643053029,0.9611178687982155,0.9349994353305685
23.98,0.9740167104190398,0.9651117519343203,0.9539714911603979,0.9270452024777063,0.9521753199570936,0.9247798497716627,0.9610862349690904,0.9441892922245968,0.941487375939886,0.9310168695233313,0.9665973193350672,0.942100192571182
24.0,0.978471364071072,0.9702960556726404,0.9599414197187979,0.9345654324331727,0.9582620088024801,0.9324148422272115,0.9665679576823105,0.9507685362979322,0.9482245261321073,0.9383310019282857,0.9716673254070393,0.9488018821737064
24.02,0.9825115434885413,0.9750693481849383,0.9655047232089814,0.9416897864269296,0.9639427839674124,0.9396548696973575,0.97164024836806,0.9569450408780145,0.9545600144575701,0.9452476633002884,0.976325739391868,0.9551016653451323
24.04,0.986135537277192,0.9794296075349233,0.9706590450510417,0.9484152466280248,0.9692152391117308,0.9464968653526009,0.9763009584363272,0.9627161896368628,0.9604911572437923,0.9517639237856582,0.9805705880150748,0.9609968735374531
24.060000000000002,0.989341810336349,0.9833749867445203,0.9754022019070923,0.9547389641743748,0.9740771408570347,0.9529379309671827,0.9805481136400275,0.9680795379526393,0.9660154420964855,0.9578770231379782,0.984400073185833,0.9664850095780457
24.080000000000002,0.9921290045091764,0.9869038145762378,0.9797321846061142,0.9606582603795245,0.9785264297327271,0.9589753381467538,0.9843799149112813,0.9730328139451753,0.9711305289637894,0.9635843718873178,0.9878125727586275,0.971563748727456
24.1,0.9944959391579837,0.9900145962410936,0.9836471589950291,0.9661706278673218,0.9825612210483929,0.964606529484106,0.9877947391234879,0.9775739194383245,0.9758342511275025,0.968883552437117,0.9908066412203854,0.9762309396641444
24.12,0.996441611664337,0.9927060140317977,0.9871454667156335,0.9712737316340261,0.9861798056921426,0.9698291196424731,0.9907911397788721,0.9817009308487382,0.9801246161208906,0.9737723200882633,0.9933810103027856,0.9804846053957714
24.14,0.9979651978537609,0.994976927880925,0.9902256259070699,0.975965410037401,0.9893806508545802,0.9746408963659449,0.9933678476212104,0.985412100000682,0.9839998065726827,0.9782486039899332,0.9955345895194898,0.9843229440966396
24.16,0.999066052344855,0.99682637584384,0.9928863318335329,0.9802436757123726,0.9921624006780919,0.979039821416564,0.9955237711734809,0.9887058548665525,0.9874581809768976,0.982310508016791,0.9972664666280656,0.9877443298709347
24.18,0.9997437088226718,0.9982535745061716,0.9951264574369473,0.9841067164128637,0.9945238768311793,0.9830240314377109,0.9972579972002052,0.9915808002327776,0.9904982743881762,0.9859563115721749,0.9985759080164059,0.9907473134414454
24.2,0.9999978802362456,0.9992579193156607,0.9969450538143825,0.9875528957794508,0.9964640790075923,0.9865918387434099,0.9985697910942899,0.9940357182908208,0.9931187990423221,0.9891844703169318,0.9994623590134831,0.9933306227634675
24.22,0.9998284589201853,0.9998389848382464,0.998341350620002,0.9905807540325148,0.9979821853500526,0.9897417320332219,0.9994585971882006,0.9960695691530365,0.9953186449017913,0.9919936168235886,0.9999254441243036,0.9954931635636344
24.240000000000002,0.9992355166402809,0.9999965249382762,0.9993147563913767,0.9931890085905944,0.9990775527983878,0.9924723770324219,0.9999240389893399,0.9976814912931599,0.9970968801258959,0.9943825611555861,0.9999649671889655,0.9972340198034436
24.26,0.9982193045631035,0.9997304728827674,0.9998648588000248,0.9953765546136799,0.9997497173619269,0.9947826170571891,0.9999659193395267,0.9988708019112446,0.9984527514655267,0.9963502913713288,0.9995809114657505,0.9985524540672855
24.28,0.9967802531496134,0.9990409413696755,0.9999914248260717,0.9971424654712159,0.9999983943160441,0.996671473504571,0.9995842204985117,0.9996369972228913,0.9993856845822244,0.9978959739528367,0.9987734396382153,0.9994479078748078
24.3,0.9949189719728189,0.9979282224801553,0.999694400856955,0.9984859931346164,0.9998234783227663,0.9981381462670129,0.9987791041514915,0.9999797526726489,0.999895284291466,0.9990189541588177,0.9975428937462809,0.9999200019174835
24.32,0.9926362494595656,0.9963927875548378,0.9989739127101356,0.9994065684941246,0.9992250434753936,0.999182014071279,0.9975509113406201,0.9998989230714928,0.9999813347300619,0.999718756302013,0.9958897950413452,0.9999685362192847
24.34,0.9899330525565638,0.9944352869941729,0.9978302655798009,0.9999038015998846,0.9982033432671139,0.9998026347416197,0.9959001623205458,0.9993945426583271,0.9996437994475948,0.9999950839506941,0.9938148437654855,0.9995934902213905
24.36,0.9868105263207954,0.9920565499829239,0.9962639439075877,0.9999774818271214,0.9967588104836248,0.9999997453870735,0.9938275563380339,0.9984668250854805,0.9988828214218594,0.9998478200542299,0.9913189188548397,0.9987950227908956
24.38,0.9832699934344759,0.9892575841389304,0.9942756111773748,0.9996275779653603,0.9948920570198079,0.9997732625128273,0.9913339713357712,0.9971161633282051,0.9976987229982979,0.9992770269926685,0.9884030775672947,0.9975734721535153
24.400000000000002,0.9793129536447739,0.9860395750862878,0.9918661096342365,0.9988542382316473,0.9926038736205349,0.9991232820555833,0.9884204635804744,0.9953431295182145,0.9960920057534572,0.9982829465503134,0.9850685550346391,0.9959293557503155
24.42,0.9749410831285283,0.982403885953124,0.9890364599276718,0.9976577902077657,0.9898952295457123,0.9980500793429212,0.9850882672154625,0.9931484747013316,0.9940633502825234,0.9968659998133053,0.9813167637393684,0.9938633700185273
24.44,0.9701562337822305,0.9783520567941877,0.9857878606792646,0.9960387407014739,0.9867672721597096,0.9965541089766713,0.9813387937378814,0.9905331285193519,0.9916136159110264,0.9950267869912525,0.9771492929163672,0.9913763900965414
24.46,0.9649604324375721,0.9738858039384906,0.9821216879749552,0.9939977755318257,0.9832213264453428,0.9946360046403476,0.9771736314008028,0.9874981988162518,0.9887438403308352,0.9927660871629862,0.9725679078797194,0.9884694694532047
24.48,0.9593558800028931,0.9690070192622813,0.9780394947821385,0.9915357592386608,0.9792588944426199,0.9922965788307241,0.9725945445404506,0.9840449711689137,0.9854552391605982,0.9900848579465475,0.9675745492749316,0.9851438394415775
24.5,0.9533449505308896,0.9637177693876589,0.9735430102918374,0.9886537347163921,0.9748816546124871,0.9895368225136656,0.9676034728288387,0.9801749083425632,0.9817492054308145,0.9869842350935465,0.962171332256889,0.9814009087773402
24.52,0.9469301902129821,0.9580202948071647,0.9686341391862285,0.9853529227722414,0.9700914611258425,0.9863579047043619,0.962202530452139,0.975889649671152,0.9776273089937556,0.9834655320080651,0.9563605455938888,0.9772422629420706
24.54,0.9401143163007633,0.9519170089347243,0.9633149608318305,0.9816347216091142,0.9648903430781222,0.9827611719721394,0.9563940052151249,0.9711910103629458,0.9730912958584856,0.9795302391903075,0.9501446506981324,0.9726696635116439
24.560000000000002,0.9329002159549885,0.9454104970833404,0.9575877283986982,0.9775007062333293,0.9592805036297869,0.9787481478700636,0.9501803575720722,0.9660809807316135,0.9681430874512633,0.9751800236052339,0.9435262805830871,0.9676850474100399
24.580000000000002,0.925290945022593,0.9385035153699707,0.9514548679059938,0.9729526277874558,0.9532643190730787,0.9743205322895712,0.9435642195845264,0.9605617253531437,0.9627847798016377,0.9704167279764448,0.9365082387481586,0.9622905260888753
24.6,0.9172897267422538,0.9311989895480547,0.9449189771943406,0.9679924128085412,0.9468443378254381,0.9694802007404073,0.9365483938063781,0.9546355821489434,0.9570186426545835,0.9652423700056145,0.9290934979911459,0.9564883846330053
24.62,0.9088999503790474,0.9235000137681829,0.9379828248253944,0.9626221624120417,0.9400232793500104,0.9642292035561716,0.929135852096719,0.9483050613955101,0.950847118509052,0.9596591415178062,0.9212851991489839,0.9502810807925768
24.64,0.9001251697887775,0.9154098492674342,0.9306493489090987,0.9568441514018037,0.9328040330036992,0.9585697650258094,0.9213297343609812,0.9415728446610938,0.9442728215833434,0.9536694075330284,0.9130866497673038,0.9436712439419409
24.66,0.8909691019125856,0.9069319229879371,0.922921655859119,0.950660827306471,0.9251896568132523,0.9525042824514178,0.9131333472208933,0.9344417836698027,0.9372985367077411,0.947275705264428,0.9045013226993791,0.9366616739658667
24.68,0.8814356252024774,0.8980698261252384,0.9148030190769874,0.9440748093427275,0.9171833761799018,0.9460353251327634,0.9045501626138172,0.9269148990936302,0.9299272181448751,0.9404807430435422,0.8955328546350462,0.929255340073528
24.7,0.8715287779784356,0.8888273126070959,0.9062968775655089,0.9370888873058136,0.9087885825131045,0.9391656332789433,0.8955838163220562,0.9189953792729183,0.9221619883383154,0.9332873991730675,0.886185044560226,0.9214553795407648
24.72,0.8612527567178137,0.8792082975033385,0.8974068344720231,0.9297060203877868,0.9000088317939622,0.9318981168476499,0.8862381064327621,0.9106865788657962,0.9140061365899245,0.9256987207076278,0.8764618521476978,0.9132650963811545
24.740000000000002,0.850611914277734,0.8692168553674673,0.8881366555621327,0.9219293359240266,0.890847843068931,0.9242358543125316,0.8765169917290889,0.901992017427169,0.9054631176665301,0.9177179221630631,0.866367396079807,0.9046879599464508
24.76,0.8396107580512461,0.8588572185107013,0.8784902676245505,0.9137621280685152,0.8813094968744569,0.9161820913591712,0.8664245900132779,0.8929153779178565,0.8965365503365085,0.9093483841547794,0.8559059523038175,0.8957276034569904
24.78,0.8282539480580231,0.8481337752091967,0.8684717568077358,0.9052078563984552,0.8713978335932054,0.9077402395102332,0.8559651763623823,0.8834605051445142,0.8872302158368964,0.9005936519657425,0.8450819522206479,0.8863878224626829
24.8,0.8165462949704076,0.8370510678452016,0.8580853668890279,0.8962701444488145,0.8611170517425807,0.8989138746803658,0.8451431813173729,0.8736314041309986,0.8775480562716839,0.8914574340447188,0.833899980807758,0.87667257323524
24.82,0.8044927580756411,0.8256137909829312,0.8473354974770099,0.8869527781774196,0.8504715061962612,0.8897067356614652,0.833963189006388,0.8634322384218632,0.8674941729419636,0.8819436004353994,0.8223647746769819,0.8665859710923246
24.84,0.7920984431751417,0.8138267893799809,0.8362267021478615,0.8772597043612488,0.8394657063395019,0.8801227225389479,0.8224299352029267,0.8528673283187092,0.8570728246086462,0.872056181137075,0.810481220068129,0.8561322886543282
24.86,0.779368600421719,0.8016950559351178,0.8247636865164941,0.8671950289246021,0.8281043141589884,0.870165895039699,0.810548305319805,0.8419411490501314,0.8462884256884761,0.8617993643975531,0.7982543507792041,0.8453159540345159
24.88,0.7663086220956432,0.7892237295733203,0.8129513062432817,0.8567630151998576,0.8163921422680485,0.8598404708123978,0.7983233323397264,0.830658328876042,0.835145544384113,0.8511774949390436,0.7856893460341233,0.8341415489633061
24.900000000000002,0.7529240403205091,0.7764180930689624,0.8007945649772341,0.8459680821215521,0.8043341518680598,0.8491508236409487,0.7857601946833422,0.8190236471271671,0.8236489007490699,0.8401950721177619,0.7727915282888266,0.8226138068474786
24.92,0.7392205247198642,0.763283570808064,0.7882986122364836,0.8348148023545469,0.7919354506469171,0.8381014815917744,0.7728642140157059,0.8070420321805546,0.811803364688329,0.8288567480180301,0.75956636097672,0.8107376107651341
24.94,0.725203880015592,0.7498257264905558,0.7754687412269812,0.8233079003570778,0.7792012906154474,0.8266971250957557,0.7596408529920491,0.7947185593719432,0.7996139538954804,0.817167325481684,0.7460194461944006,0.7985179913972521
24.96,0.7108800435690688,0.7360502607735313,0.7623103866003289,0.811452250379504,0.7661370658826923,0.8149425849656302,0.7460957129438363,0.7820584488458843,0.7870858317272598,0.8051317560736199,0.732156522328643,0.7859601248967284
24.98,0.6962550828661356,0.7219630088564848,0.7488291221516956,0.7992528743996061,0.7527483103709977,0.8028428403496923,0.7322345315060763,0.7690670633445207,0.7742243050163825,0.7927551379843427,0.7179834616256561,0.773069330695788
25.0,0.6813351929469492,0.707569938009558,0.7350306584587932,0.7867149399953097,0.7390406954718789,0.7904030166226561,0.7180631801868964,0.7557499059359638,0.761034821823604,0.7800427138704059,0.7035062677036363,0.7598510692527086
25.02,0.6661266937818033,0.6928771450458427,0.7209208404629119,0.7738437581557309,0.7250200276436563,0.7776283832145803,0.7035876618804093,0.7421126176832291,0.7475229691299556,0.7669998686336549,0.6887310730096742,0.7463109397388049
25.04,0.6506360275940289,0.6778908537388093,0.7065056449930409,0.7606447810314761,0.7106922459518759,0.7645243513787708,0.6888141083239252,0.7281609752547175,0.7336944704701346,0.7536321271402171,0.6736641362220878,0.7324546776666551
25.060000000000002,0.6348697561311095,0.662617412185956,0.6917911782341208,0.7471235996251454,0.6960634195535593,0.7510964718996087,0.6737487775005868,0.7139008884772555,0.719555183508052,0.7399451518802038,0.6583118395992871,0.7182881524605748
25.080000000000002,0.6188345578851673,0.6470632901197955,0.6767836731405038,0.7332859414230194,0.6811397451263476,0.7373504327412728,0.6583980509885279,0.6993383978327306,0.705111097555563,0.7259447405691158,0.6426806862762897,0.7038173649703656
25.1,0.6025372252639956,0.6312350761673169,0.661489486795713,0.7191376679689327,0.6659275442436275,0.7232920566383545,0.6427684312576772,0.684479671899381,0.6903683310354329,0.7116368236919675,0.6267772975100346,0.6890484449293943
25.12,0.5859846617138389,0.6151394750590864,0.6459150977196224,0.7046847723813615,0.6504332606967542,0.708927298629385,0.6268665389153539,0.6693310047388256,0.6753331288896123,0.6970274619911716,0.6106084098746598,0.6739876483580759
25.14,0.5691838787951368,0.5987833047891649,0.630067103124198,0.6899333768147762,0.6346634577655017,0.694262243534318,0.6106991099018203,0.6538988132299395,0.6600118599339189,0.682122843899247,0.594180872407932,0.658641354913864
25.16,0.5521419932124714,0.5821734937270499,0.6139522161189597,0.6748897298663366,0.6186248154378992,0.6793031033770396,0.5942729926369802,0.6381896343507052,0.6444110141602484,0.6669292829174389,0.5775016437100388,0.643016065188868
25.18,0.5348662237999772,0.5653170776828621,0.5975772628673516,0.6595602039290248,0.6023241275806314,0.6640562147539941,0.5775951451194326,0.6222101224091897,0.628537199987455,0.6514532149413588,0.5605777889959689,0.6271183979562441
25.2,0.5173638884634881,0.5482211969270212,0.5809491796952228,0.6439512924923415,0.5857682990611993,0.6485280361500422,0.5606726319791071,0.6059670462248232,0.6123971414620674,0.6357011955347809,0.5434164771027328,0.6109550873665252
25.22,0.4996424010807202,0.5308930931656729,0.5640750101526432,0.6280696073917043,0.5689643428230626,0.632725145202688,0.5435126214847322,0.589467286261169,0.5959976754100249,0.6196798971527471,0.5260249774526891,0.5945329800950769
25.240000000000002,0.4817092683607995,0.513340106473148,0.5469619020303013,0.6119218760077166,0.5519193769150016,0.6166542359158337,0.5261223825074021,0.5727178317114039,0.5793457485406428,0.6033961063151569,0.5084106569742628,0.5778590324418906
25.26,0.4635720866644682,0.495569672182754,0.5296171043317454,0.5955149384164921,0.5346406214759566,0.6003221158242422,0.508509281441529,0.5557257775377402,0.5624484145040292,0.5868567207320416,0.4905809769813626,0.5609403073849384
25.28,0.4452385387863146,0.4775893177372151,0.5120479642027518,0.578855744492242,0.5171353956766237,0.5837357031099089,0.49068077908448604,0.5384983214660449,0.5453128309032046,0.570068746381738,0.4725434900128146,0.5437839715883405
25.3,0.42671639070039036,0.45940665950009557,0.49426192381912065,0.5619513509633529,0.4994111146191003,0.5669020236715632,0.47264442747626045,0.5210427609369288,0.5279462562621869,0.5530392945432002,0.4543058366331557,0.5263972923666126
25.32,0.40801348827059325,0.44102939952955666,0.4762665172342179,0.5448089184232012,0.4814752861958954,0.5498282081485437,0.4544078667004577,0.5033664900145975,0.5103560469513264,0.5357755787837079,0.43587574219613917,0.5087876346062773
25.34,0.3891377539272093,0.4224653223158137,0.45806936718759816,0.5274357082969717,0.46333550790963396,0.5325214889003038,0.43597882164801094,0.4854769962547727,0.4925496540711944,0.5182849119032444,0.4172610135723236,0.4909624576461453
25.36,0.37009718331102165,0.4037222914836759,0.4396781818760608,0.5098390797657639,0.4449994636548032,0.5149891969428311,0.4173650987449662,0.4673818575330109,0.47453462029634463,0.5005747028368422,0.39846953584213274,0.47292931211758693
25.38,0.3508998418864083,0.38480824646156464,0.42110075168850686,0.4920264866492902,0.426474920462904,0.497238758843275,0.3985745826457303,0.4490887388347646,0.45631857668028436,0.48265245351620434,0.37950926895578535,0.4546958367461328
25.400000000000002,0.33155386152486277,0.3657311991184227,0.4023449459059801,0.4740054742484848,0.40776972521238575,0.4792776935741008,0.37961523289318133,0.4306053890085422,0.43790923942300847,0.4645257556919344,0.36038824436151123,0.43626975511575833
25.42,0.31206743706038487,0.3464992303699371,0.3834187093682896,0.45578367614936277,0.3888918013047587,0.4611136093281006,0.3604950805470569,0.4119396374835461,0.41931440660246666,0.4462022877177194,0.3411145616034807,0.41765887239722294
25.44,0.29244882281820156,0.3271204867555149,0.3643300591086263,0.43736881098948144,0.36984914530829155,0.44275420029561124,0.3412222247820488,0.3930993909531757,0.4005419548713471,0.4276898112978278,0.3216963848908896,0.39887107204184935
25.46,0.2727063291182872,0.3076031769874612,0.3450870809575988,0.41876867918837474,0.3506498235707161,0.4242072434053046,0.3218048294570437,0.37409263002580273,0.38159983612057663,0.40899616819930135,0.3021419396396521,0.3799143124421438
25.48,0.25284831875516517,0.28795556847382076,0.325697926118127,0.39999115964334525,0.3313019688023737,0.40548059502992984,0.302251119656965,0.35492740584423654,0.36249607411095036,0.3901292769302323,0.2824595089881668,0.36079662356067177
25.5,0.23288320345548105,0.2681859838163565,0.3061708077126445,0.38104420639201353,0.31181377663125104,0.3865821876584042,0.282569378208679,0.33561183667531097,0.343238761074318,0.37109712938553396,0.2626574302886326,0.341526103528617
25.52,0.2128194403148492,0.2483027972851488,0.2865139973040723,0.3619358452430384,0.2921935021313643,0.3675200265356612,0.26276794217244237,0.31615410447103853,0.3238360542857655,0.3519077874616249,0.24274409157539878,0.3221109152154647
25.54,0.1926655282154807,0.22831443127130763,0.2667358213920375,0.3426741703764355,0.27244945632596246,0.3483021862716798,0.24285519931037636,0.29656245140278764,0.3042961726082458,0.33256937964146094,0.22272792801184763,0.30255928277126204
25.560000000000002,0.17243000422611107,0.20822935271930168,0.24684465788582108,0.32326734091493425,0.2525900026670308,0.32893680742113107,0.22283958453346453,0.2768451763699512,0.28462739301112067,0.31309009755136186,0.2026174183173127,0.2828794881429206
25.580000000000002,0.15212143998575242,0.18805606954041446,0.22684893255552885,0.3037235774678257,0.23262355349258595,0.30943209303509134,0.20272957632857785,0.25701063148458575,0.26483804706408914,0.2934781924910902,0.1824210811755474,0.2630798675660365
25.6,0.1317484380728017,0.16780312700884734,0.20675711546298903,0.28405115864876423,0.21255856646326302,0.2897963051862817,0.18253369316704202,0.23706721853351026,0.24493651740798783,0.2737419719386537,0.16214747162626492,0.24316880803371413
25.62,0.11131962836104337,0.1474791041419959,0.18657771737388795,0.2642584175690003,0.19240354097970458,0.2700377614693069,0.16226048989626699,0.21702338541936236,0.22493123420395758,0.25388979603131034,0.1418051774412778,0.22315474374388913
25.64,0.09084366436408978,0.12709261006643277,0.166319286152664,0.24435373830752707,0.17216701458226857,0.25016483147737517,0.14191855411596835,0.19688762258212095,0.20483067156248105,0.23393007402426752,0.12140281548677262,0.20304615252665612
25.66,0.07032921956980805,0.10665228037113647,0.1459904031416867,0.2243455523596381,0.1518575593345808,0.2301859332569919,0.12151650254051473,0.17666845940260978,0.18464334395380336,0.21387126072857515,0.10094902807326031,0.18285155225311375
25.68,0.04978498376628581,0.08616677344951104,0.12559967952625478,0.20424233506539988,0.13148377819246324,0.21010952974212876,0.10106297734894248,0.1563744605895062,0.16437780260125684,0.19372185292972152,0.08045247929474855,0.16257949722724888
25.7,0.029219659360892363,0.06564476683174562,0.1051557526869529,0.1840526020195515,0.11105430135977681,0.18994412516937878,0.08056664252418375,0.1360142225513849,0.14404263185901736,0.17349038578844925,0.05992185135868674,0.1422385745623879
25.72,0.008641957693994392,0.04509495350906812,0.08466728254091235,0.1637849054643532,0.09057778263272209,0.16969826147561604,0.06003618018305847,0.11559636975533435,0.1236464455758265,0.15318542922531533,0.03936584090823824,0.1218374005437501
25.740000000000002,-0.011939404651112335,0.0245260382514494,0.06414294787352527,0.1434478306669109,0.07006289573414633,0.1493805146796855,0.03948028689858506,0.09512955107368724,0.10319788344622023,0.1328155842905277,0.01879315533843777,0.10138461697864443
25.76,-0.03251570954049208,0.003946733920318256,0.04359144266216655,0.1230499922825119,0.0495183306394097,0.1289994912496561,0.01890767001616746,0.0746224361204134,0.08270560735080923,0.11238947952059493,-0.0017874908922056684,0.08088888753585476
25.78,-0.053078240982515124,-0.01663424222215118,0.023021472393480312,0.10260003070551163,0.02895278989536718,0.10856382445717587,-0.0016729560347808507,0.054083711578726504,0.062178297687161564,0.0919157672833333,-0.02236737995309786,0.06035889407576509
25.8,-0.07361828881989628,-0.03720817220561615,0.0024417503757913185,0.08210660840931781,0.008374984934025118,0.08808217072047284,-0.022252873432213653,0.03352207752146047,0.041624649692841555,0.07140312011277886,-0.042937794334376875,0.03980333297277881
25.82,-0.09412715241926202,-0.05776634104444194,-0.018139005951796933,0.06157840627702187,-0.012206367617565845,0.06756320593755163,-0.04282336465426584,0.012946243725774029,0.02105336976216256,0.05086022703555727,-0.06349002053959468,0.01923091143158992
25.84,-0.11459614435668329,-0.0783000404293143,-0.03871207871205387,0.04102411992423214,-0.03278254962961844,0.04701562181113827,-0.06337571617194011,-0.007635074016255393,0.00047317175821380623,0.030295789890267554,-0.08401535277669875,-0.0013496562011334223
25.86,-0.135016594097613,-0.09880057241602368,-0.05926875328245907,0.02045245601566656,-0.053344845162553015,0.02644812216693028,-0.0839012221401024,-0.028213157589585636,-0.020107226678276465,0.009718519641438654,-0.10450509664575004,-0.021929652128090577
25.88,-0.15537985166966908,-0.1192592531098591,-0.07980032198666083,-0.00012787142293505592,-0.07388454415901395,0.005869419266711656,-0.10439118808522226,-0.048779290249147796,-0.040679107821678065,-0.010862867310379604,-0.12495057282181543,-0.04250035879415183
25.900000000000002,-0.1756772913267079,-0.13966741634405053,-0.10029808778299242,-0.02070814469601677,-0.09439294613339451,-0.014711769882105782,-0.12483693458829659,-0.06932476031220389,-0.06123375755423188,-0.03143965282082824,-0.14534312073147446,-0.06305306257905918
25.92,-0.195900315202635,-0.16001641735070188,-0.12075336794848343,-0.04127964613096682,-0.11486136385730707,-0.03528672721895114,-0.14522980096139612,-0.08984086484856013,-0.08176246905729463,-0.05200312069468951,-0.16567410222138307,-0.0835790574884604
25.94,-0.21604035695340676,-0.18029763642265972,-0.14115749775680597,-0.061833661770868166,-0.13528112703943768,-0.05584673732300937,-0.1655611489162777,-0.11031891336707271,-0.10225654649949176,-0.07254456037801166,-0.1859349052173402,-0.10406964884171264
25.96,-0.2360888853856789,-0.20050248256476613,-0.16150183414859748,-0.08236148506567514,-0.15564358599822625,-0.07638309110501798,-0.1858223662235081,-0.1307502314968845,-0.12270730872021618,-0.0930552706478441,-0.2061169473723077,-0.12451615695489392
25.98,-0.2560374080705657,-0.22062239713294965,-0.18177775939260557,-0.10285442056025254,-0.17594011532581658,-0.09688708949638174,-0.20600487036054949,-0.15112616466183318,-0.1431060929069126,-0.11352656329801994,-0.22621167970183773,-0.14490992081746176
26.0,-0.27587747494097875,-0.24064885745961231,-0.20197668473610422,-0.12330378757771501,-0.19616211754172405,-0.11735004713404272,-0.22610011214726136,-0.17143808174647468,-0.16344425826458972,-0.1339497668194248,-0.24621059020536812,-0.1652423017610022
26.02,-0.29560068187102156,-0.2605733804637773,-0.22209005404303447,-0.1437009238965065,-0.21630102673467363,-0.13776329603954476,-0.24609957936727875,-0.19167737875216853,-0.18371318967600592,-0.1543162300731928,-0.26610520747185157,-0.18550468711851462
26.04,-0.3151986742359236,-0.28038752624446805,-0.24210934741832932,-0.16403718941966197,-0.23634831219106536,-0.1581181892907338,-0.26599480037373285,-0.21183548244167702,-0.20390430135097803,-0.1746173259552739,-0.2858871042681914,-0.20568849387268248
26.060000000000002,-0.33466315045100636,-0.30008290165579643,-0.2620260848168869,-0.1843039698346977,-0.25629548200853014,-0.17840610468453916,-0.2857773476777865,-0.2319038539707337,-0.22400904046326733,-0.1948444550508201,-0.30554790110896385,-0.225785172291585
26.080000000000002,-0.3539858654881814,-0.31965116386224596,-0.28183182963566344,-0.20449268026257883,-0.2761340866930457,-0.1986184483892837,-0.305438841518465,-0.25187399250504355,-0.24401889077350222,-0.21498904927684281,-0.32507926980591445,-0.245786209550309
26.1,-0.373158634368492,-0.3390840238726437,-0.30151819228736493,-0.2245947688942196,-0.29585572273808797,-0.21874665858497616,-0.3249709534122693,-0.271737438821182,-0.26392537623660306,-0.2350425755115983,-0.3444729369957259,-0.26568313333692717
26.12,-0.39217333562921797,-0.3583732500513241,-0.32107683375422236,-0.24460172061297514,-0.3154520361843035,-0.23878220909004363,-0.3443654096810685,-0.29148577888986843,-0.2837200645921807,-0.25499653920916354,-0.36372068764456167,-0.28546751544131566
26.14,-0.41102191476407535,-0.3775106716049975,-0.34049946912034673,-0.2645050606015907,-0.3349147261581929,-0.25871661297296766,-0.3636139949567773,-0.3111106474400949,-0.3033945709363883,-0.27484248799767186,-0.3828143685279022,-0.30513097532529
26.16,-0.4296963876350543,-0.39648818204384606,-0.35977787108116677,-0.28429635793207997,-0.35423554838830823,-0.2785414261472944,-0.3827085556613335,-0.3306037315026021,-0.3229405612737132,-0.2945720152596837,-0.4017458916841988,-0.32466518367254765
26.18,-0.4481888438544487,-0.41529774261538094,-0.3789038734284624,-0.3039672291370129,-0.3734063186974737,-0.2982482509484957,-0.4016410034605018,-0.34995677393119967,-0.34234975604720436,-0.31417676369317626,-0.42050723784088256,-0.34406186591691346
26.2,-0.46649145013564625,-0.433931385709607,-0.39786937450951876,-0.32350934176069857,-0.39241891646955107,-0.31782873969116665,-0.4204033186900404,-0.36916157690044116,-0.36161393364563976,-0.3336484288516433,-0.4390904598112772,-0.36331280574739305
26.22,-0.48459645361125864,-0.4523812182340514,-0.41666634065893465,-0.34291441788876076,-0.4112652880892809,-0.33727459820505135,-0.43898755375278,-0.3882100053781704,-0.38072493388614875,-0.35297876266180594,-0.45748768586097677,-0.38240984858854987
26.240000000000002,-0.5024961851171867,-0.47063942495722755,-0.4352868096016318,-0.3621742376546094,-0.4299374503537426,-0.35657758934840106,-0.45738583648517506,-0.40709399057146933,-0.39967466147081315,-0.3721595769174436,-0.47569112304226185,-0.40134490505473125
26.26,-0.5201830624412298,-0.4886982718191168,-0.45372289382562403,-0.3812806427213238,-0.4484274938539883,-0.3757295364971748,-0.47559037349190225,-0.4258055333445473,-0.41845508941578435,-0.3911827467478665,-0.493693060495143,-0.4201099543766808
26.28,-0.5376495935348621,-0.5065501092072675,-0.4719667839231171,-0.4002255397374724,-0.4667275863254181,-0.394722327008605,-0.493593453447093,-0.44433670760712396,-0.4370582624514622,-0.4100402140595585,-0.5114858727136314,-0.438697047799085
26.3,-0.5548883796868167,-0.5241873751971221,-0.49001075189852383,-0.41900090376540444,-0.48482997596547756,-0.41354791565766175,-0.5113874503608019,-0.4626796636718706,-0.45547630039229636,-0.4287239909495346,-0.5290620227758553,-0.45709831194761547
26.32,-0.5718921186571331,-0.5416025987551997,-0.5078471544419942,-0.4375987816805627,-0.5027269947172716,-0.4321983280449583,-0.5289648268093278,-0.48082663157948763,-0.4737014014747832,-0.4472261630889656,-0.5464140655366514,-0.4753059521640399
26.34,-0.5886536077703389,-0.5587884029037787,-0.5254684361670723,-0.4560112955403764,-0.5204110615177048,-0.4506656639746561,-0.5463181371280177,-0.4987699243900101,-0.49172584566224264,-0.4655388930756374,-0.5635346507812811,-0.4933122558079899
26.36,-0.6051657469664574,-0.5757375078457375,-0.5428671328111101,-0.47423064592130726,-0.5378746855087713,-0.4689421008009376,-0.5634400305652039,-0.5165019414389462,-0.5095419979149767,-0.48365442375382456,-0.5804165263389347,-0.511109595523986
26.38,-0.6214215418085479,-0.5924427340482299,-0.5600358743970814,-0.4922491152226357,-0.5551104692106344,-0.48701989674162877,-0.5803232543959347,-0.5340151715568703,-0.5271423114244237,-0.501565081500172,-0.5970525411547051,-0.5286904324723374
26.400000000000002,-0.6374141064455044,-0.6088970052838897,-0.5769673883554572,-0.5100590709355876,-0.5721111116551523,-0.5048913941575689,-0.5969606569941829,-0.5513021962511064,-0.5445193308099379,-0.5192632794741932,-0.6134356483187283,-0.5460473195225455
26.42,-0.6531366665288586,-0.6250933516282755,-0.5936545026048201,-0.5276529688764158,-0.5888694114785211,-0.5225490227963379,-0.6133451908622287,-0.568355692848155,-0.561665695276842,-0.536741520832007,-0.6295589080512103,-0.5631729044078617
26.44,-0.6685825620823503,-0.641024912412286,-0.6100901485899118,-0.5450233563820687,-0.6053782699717271,-0.5399853029989664,-0.6294699156159355,-0.5851684375955299,-0.5785741417344119,-0.5539924019019536,-0.6454154906420728,-0.5800599328396605
26.46,-0.6837452503230512,-0.6566849391282964,-0.6262673642758284,-0.562162875467091,-0.6216306940875141,-0.5571928488682727,-0.6453280009246513,-0.6017333087216945,-0.5952375078724765,-0.5710086153207421,-0.6609986793439757,-0.59670125158031
26.48,-0.698618308432846,-0.6720667982887824,-0.6421792970970935,-0.5790642659404188,-0.6376197994025948,-0.5741643713974806,-0.6609127294044942,-0.6180432894527985,-0.6116487351953261,-0.5877829531288031,-0.6763018732174879,-0.6130898114732374
26.5,-0.7131954362790971,-0.6871639742362236,-0.6578192068603622,-0.5957203684807509,-0.6533388130338473,-0.5908926815577967,-0.6762174994637931,-0.6340914709849388,-0.6278008720116465,-0.6043083098235348,-0.6913185899272033,-0.6292186704289074
26.52,-0.7274704590833408,-0.7019700719030947,-0.6731804685995233,-0.6121241276691914,-0.6687810765072659,-0.6073706933436377,-0.6912358280994796,-0.6498710554106845,-0.6436870763792107,-0.6205776853691483,-0.7060424684876171,-0.6450809963654467
26.54,-0.7414373300368844,-0.7164788195207752,-0.6882565753819927,-0.6282685949778801,-0.6839400485784484,-0.6235914267742161,-0.7059613536432473,-0.6653753585986274,-0.659300619003083,-0.636584188161838,-0.7204672719575981,-0.6606700701026704
26.560000000000002,-0.7550901328621946,-0.7306840712762303,-0.7030411410650093,-0.6441469317133449,-0.698809308003425,-0.6395480108502166,-0.7203878384563134,-0.6805978130247374,-0.6746348860861041,-0.6523210379490219,-0.7345868900823176,-0.675979288208284
26.580000000000002,-0.7684230843189968,-0.7445798099153387,-0.7175279030007635,-0.6597524119133283,-0.7133825562586571,-0.6552336864643071,-0.7345091715716431,-0.6955319705543241,-0.6896833821304545,-0.667781568701412,-0.7483953418815148,-0.691002165795055
26.6,-0.7814305366540172,-0.7581601492917627,-0.7317107246892156,-0.6750784251958629,-0.727653620209051,-0.6706418092642537,-0.7483193712825161,-0.710171505173425,-0.7044397326891056,-0.6829592314367032,-0.761886778183001,-0.7057323392677703
26.62,-0.794106979993336,-0.7714193368602825,-0.7455835983774775,-0.6901184795593864,-0.7416164547228588,-0.6857658524674256,-0.7618125876763399,-0.7245102156684651,-0.718897687065995,-0.6978475969936798,-0.7750554841003324,-0.7201635690188142
26.64,-0.8064470446763347,-0.7843517561135376,-0.7591406476046589,-0.7048662041327124,-0.7552651452323579,-0.7005994096254992,-0.7749831051126347,-0.7385420282530513,-0.7330511209637809,-0.712440358755567,-0.7878958814535992,-0.7342897420712262
26.66,-0.81844550353025,-0.7969519289611433,-0.7723761296910991,-0.7193153518736907,-0.7685939102392241,-0.7151361973381885,-0.7878253446441429,-0.7522609991407897,-0.7468940390780563,-0.7267313353214742,-0.8004025311323075,-0.7481048746681197
26.68,-0.830097274084371,-0.8092145180501755,-0.7852844381709284,-0.7334598022154144,-0.7815971037635373,-0.7293700579148531,-0.8003338663800356,-0.765661317063036,-0.7604205776369214,-0.7407144731247964,-0.8125701353993514,-0.7616031148073629
26.7,-0.841397420722941,-0.8211343290260387,-0.7978601051669325,-0.7472935636588539,-0.7942692177353828,-0.7432949619828575,-0.8125033717902153,-0.7787373057305109,-0.7736250068848397,-0.7543838489974671,-0.8243935401351006,-0.7747787447204494
26.72,-0.8523411567758538,-0.8327063127327619,-0.8100978037067095,-0.7608107763108166,-0.8066048843280346,-0.756905011041574,-0.8243287059497396,-0.7914834262377409,-0.7865017335097263,-0.7677336726789741,-0.8358677370206531,-0.7876261832945093
26.740000000000002,-0.8629238465462556,-0.8439255673517887,-0.821992349979142,-0.7740057143661607,-0.8185988782317324,-0.7701944399609509,-0.8358048597224151,-0.8038942794093034,-0.7990453030122393,-0.7807582892690766,-0.8469878656593269,-0.8001399884364322
26.76,-0.8731410072741974,-0.8547873404783567,-0.8335387055302265,-0.7868727885332102,-0.8302461188670894,-0.783157619423584,-0.8469269718826349,-0.8159646080868821,-0.8112504020162705,-0.7934521816231862,-0.8577492156354933,-0.8123148593781035
26.78,-0.882988311035503,-0.8652870311345856,-0.84473197939733,-0.7994065484013425,-0.8415416725371944,-0.79578905830926,-0.8576903311745628,-0.8276892993561669,-0.8231118605196582,-0.8058099726893925,-0.8681472285098782,-0.8241456389217762
26.8,-0.8924615865750507,-0.8754201917184221,-0.8555674301809711,-0.8116016847497483,-0.8524807545174926,-0.8080834060209603,-0.8680903783077918,-0.8390633867126509,-0.834624654084167,-0.8178264277861493,-0.8781774997504892,-0.8356273156246262
26.82,-0.9015568210736898,-0.8851825298876159,-0.8660404680532461,-0.8234530317963832,-0.8630587310825661,-0.8200354547513391,-0.87812270788863,-0.850082052165411,-0.8457839059638076,-0.8294964568196519,-0.8878357805983458,-0.846755025921569
26.84,-0.9102701618480458,-0.8945699103779284,-0.8761466567020512,-0.8349555693861604,-0.8732711214689495,-0.8316401416887182,-0.8877830702861975,-0.860740628277977,-0.8565848891705954,-0.8408151164399684,-0.8971179798672279,-0.8575240561854335
26.86,-0.9185979179824916,-0.9035783567548048,-0.8858817152102758,-0.8461044251174563,-0.8831135997731531,-0.8428925511616612,-0.8970673734325428,-0.871034600145429,-0.8670230284768728,-0.851777612135011,-0.9060201656766754,-0.8679298447236247
26.88,-0.9265365618925971,-0.9122040530977655,-0.8952415198691721,-0.8568948764060285,-0.8925819967840879,-0.8537879167212207,-0.9059716845560168,-0.8809596073068816,-0.8770939023533462,-0.8623793002614615,-0.9145385671175084,-0.8779679837104284
26.900000000000002,-0.9340827308193906,-0.9204433456168064,-0.9042221059251315,-0.8673223524854725,-0.9016723017491168,-0.8643216231599756,-0.91449223184717,-0.890511445592548,-0.8867932448420176,-0.8726156900117881,-0.9226695758491592,-0.8876342210541374
26.92,-0.9412332282538022,-0.928292744200121,-0.9128196692591289,-0.8773824363433701,-0.9103806640729842,-0.8744892084670043,-0.9226254060564664,-0.8996860689045988,-0.8961169473632172,-0.8824824453165233,-0.930409747628144,-0.8969244621982102
26.94,-0.9479850252906847,-0.9357489238924892,-0.9210305679981236,-0.887070866592306,-0.9187033949489034,-0.8842863657179629,-0.9303677620231392,-0.9084795909310639,-0.9050610604559721,-0.8919753866809955,-0.9377558037670207,-0.9058347718557
26.96,-0.954335261911839,-0.9428087263037075,-0.9288513240577333,-0.8963835392749661,-0.9266369689211114,-0.8937089448994718,-0.9377160201345389,-0.9168882867920491,-0.913621795450972,-0.9010904929557361,-0.9447046325232213,-0.9143613756762163
26.98,-0.9602812481974988,-0.9494691609464626,-0.9362786246155284,-0.9053165096025463,-0.9341780253782299,-0.9027529546670348,-0.9446670677153557,-0.9249085946175717,-0.9217955260754258,-0.9098239030398124,-0.9512532904171659,-0.922500661844716
27.0,-0.965820465465764,-0.9557274065030833,-0.9433093235143227,-0.9138659936257408,-0.9413233699767986,-0.9114145640357465,-0.9512179603461295,-0.9325371170563458,-0.9295787899891276,-0.9181719175163662,-0.9573990034791013,-0.9302491826114454
27.02,-0.9709505673394982,-0.961580812020632,-0.9499404425948657,-0.9220283698375986,-0.9480699759943788,-0.9196901040030743,-0.9573659231104873,-0.9397706227148787,-0.9369682902510822,-0.9261310002196624,-0.963139168424138,-0.9376036557523846
27.04,-0.9756693807402389,-0.9670268980338319,-0.9561691729573709,-0.9298001807075706,-0.954414985611654,-0.9275760691030231,-0.9631083517705796,-0.9466060475262684,-0.9439608967160675,-0.9336977797329868,-0.968471353754984,-0.9445609659595773
27.060000000000002,-0.9799749068087,-0.972063357615353,-0.9619928761513494,-0.9371781341460977,-0.9603557111229837,-0.93506911889103,-0.9684428138702194,-0.9530404960481235,-0.9505536473605454,-0.9408690508167564,-0.9733933007919123,-0.9511181661607546
27.080000000000002,-0.9838653217514756,-0.9766880573530109,-0.9674090852932393,-0.944159104899119,-0.965889636074898,-0.9421660793589532,-0.9733670497652547,-0.9590712426890531,-0.9567437495373544,-0.9476417757662386,-0.9779029246295229,-0.9572724787676968
27.1,-0.9873389776135874,-0.9808990382534675,-0.9724155061113626,-0.9507401358719094,-0.9710144163320519,-0.9488639442795641,-0.9778789735807398,-0.9646957328632109,-0.9625285811586588,-0.9540130856983038,-0.9819983150198954,-0.9630212968528018
27.12,-0.9903944029765479,-0.9846945165720475,-0.9770100179177639,-0.9569184393816861,-0.975727881070186,-0.9551598764799638,-0.9819766740944987,-0.9699115840724006,-0.9679056918066473,-0.9599802817666655,-0.9856777371817583,-0.9683621852533626
27.14,-0.9930303035816439,-0.9880728845683219,-0.9811906745065203,-0.9626913983384533,-0.9800280336956735,-0.9610512090433928,-0.985658415546706,-0.9747165869152881,-0.9728728037715147,-0.9655408363050948,-0.9889396325353307,-0.9732928816030872
27.16,-0.9952455628781762,-0.9910327111871357,-0.9849557049781419,-0.9680565673535847,-0.9839130526912647,-0.9665354464389194,-0.9889226383751442,-0.9791087060232884,-0.9774278130162855,-0.9706923938981237,-0.991782619362527,-0.9778112972904226
27.18,-0.9970392424964234,-0.9935727426647945,-0.9883035144897133,-0.9730116737756748,-0.9873812923876703,-0.9716102655785309,-0.9917679598758242,-0.9830860809227362,-0.9815687900680699,-0.9754327723787836,-0.9942054933922441,-0.981915518343277
27.2,-0.9984105826451295,-0.9956919030601507,-0.9912326849304591,-0.9775546186532194,-0.9904312836606559,-0.9762735168011788,-0.9941931747886903,-0.9866470268229696,-0.9852939808353771,-0.9797599637529579,-0.9962072283104825,-0.9856038062397662
27.22,-0.9993590024333461,-0.997389294710365,-0.9937419755224466,-0.9816834776237179,-0.9930617345533542,-0.9805232247833615,-0.9961972558081597,-0.9897900353299971,-0.9886018073511367,-0.9836721350499555,-0.9977869761950868,-0.9888745986446409
27.240000000000002,-0.9998841001164948,-0.998664198611151,-0.9958303233461715,-0.9853965017288215,-0.9952715308235295,-0.9843575893758587,-0.9977793540182833,-0.992513775085444,-0.9914908684411154,-0.9871676290989451,-0.9989440678749202,-0.9917265100710811
27.26,-0.999985653266543,-0.9995160747213404,-0.9974968437908033,-0.9886921181551803,-0.9970597364155636,-0.9877749863662635,-0.9989387992523415,-0.9948170923305066,-0.9939599403174461,-0.9902449652309222,-0.9996780132133203,-0.9941583324675803
27.28,-0.9996636188662236,-0.9999445621916417,-0.9987408309289018,-0.9915689309006772,-0.998425593856963,-0.9907739681669877,-0.9996751003767216,-0.9966990113946778,-0.9960079770970158,-0.9929028399059115,-0.999988501315719,-0.9961690357296682
27.3,-0.9989181333272565,-0.9999494795174928,-0.9995617578154421,-0.9940257213657656,-0.9993685245792191,-0.9933532644284515,-0.9999879454989591,-0.9981587351090343,-0.9976341112444959,-0.9951401272651381,-0.9998754006613346,-0.9977577681362559
27.32,-0.9977495124325654,-0.999530824615946,-0.9999592767110268,-0.9960614488696602,-0.999888129162887,-0.995511782577195,-0.999877202099854,-0.9991956451439127,-0.9988376539398237,-0.9969558796079333,-0.9993387591588836,-0.99892385671042
27.34,-0.9961582512025141,-0.9986887748265495,-0.9999332192291848,-0.9976752510911628,-0.9999841875067762,-0.9972486082786853,-0.9993429170896043,-0.9998093022708301,-0.9996180953699833,-0.9983493277931756,-0.9983788041262867,-0.9996668075044716
27.36,-0.9941450236852198,-0.9974236868362284,-0.9994835964076991,-0.9988664444339366,-0.9996566589211843,-0.9985630058246233,-0.9983853167879359,-0.9999994465485378,-0.9999751049449578,-0.9993198815650934,-0.9969959421943784,-0.9999863058091885
27.38,-0.9917106826710294,-0.9957360965281935,-0.998610598703932,-0.999634524316072,-0.9989056821451329,-0.9994544184445843,-0.997004806828234,-0.9997659974331315,-0.9999085314377667,-0.9998671298032938,-0.9951907591346608,-0.9998822162871248
27.400000000000002,-0.9888562593312837,-0.9936267187549452,-0.9973145959141475,-0.9999791653838257,-0.9977315752875989,-0.999922468541863,-0.9952019719857207,-0.9991090538121691,-0.9994184030485231,-0.9999908406969104,-0.9929640196111749,-0.999354583029939
27.42,-0.98558296278152,-0.9910964470354666,-0.9955961370168688,-0.9999002216494377,-0.9961348356927652,-0.9999669578534208,-0.9929775759297464,-0.9980288939627817,-0.9985049273924895,-0.9996909618427969,-0.9903166668565926,-0.9984036295397162
27.44,-0.9818921795692979,-0.9881463531767338,-0.9934559499403338,-0.9993977265529705,-0.994116139729349,-0.999587867533869,-0.9903325609003059,-0.9965259754337985,-0.9971684914121328,-0.998967620267725,-0.987249822272671,-0.9970297586342952
27.46,-0.9777854730868665,-0.9847776868197061,-0.99089494125415,-0.9984718929481452,-0.9916763425040964,-0.9987853581634509,-0.9872680473089102,-0.9946009348519309,-0.9954096612132177,-0.9978211223745764,-0.9837647849552322,-0.9952335522766365
27.48,-0.973264582908922,-0.9809918749099857,-0.987914195785277,-0.9971231130121767,-0.9888164774995646,-0.9975597696800222,-0.9837853332639883,-0.9922545876521025,-0.9932291818250086,-0.9962519538125527,-0.979863031143876,-0.993015771328307
27.5,-0.9683314240557349,-0.9767905210933728,-0.9845149761585007,-0.995351958079651,-0.985537756136345,-0.9959116212350543,-0.9798858940210162,-0.9894879277320349,-0.9906279768846792,-0.9942607792714573,-0.975546213596653,-0.9903773552271837
27.52,-0.9629880861819591,-0.9721754050365711,-0.9806987222615936,-0.9931591784005109,-0.9818415672599137,-0.9938416109737257,-0.9755713813576083,-0.9863021270312398,-0.9876071482460663,-0.9918484422001371,-0.9708161608899675,-0.987319421589514
27.54,-0.9572368326914675,-0.9671484816733324,-0.9764670506353877,-0.9905457028222552,-0.977729476552325,-0.9913506157391923,-0.9708436228738347,-0.9826985350345929,-0.9841679755129311,-0.9890159644492031,-0.965674876644004,-0.9838432657365002
27.560000000000002,-0.9510800997785893,-0.9617118803763601,-0.9718217537890178,-0.9875126383964843,-0.9732032258689985,-0.9884396907011614,-0.9657046212180618,-0.9786786782007002,-0.9803119154969273,-0.9857645458381809,-0.9601245386740066,-0.9799503601456099
27.580000000000002,-0.944520495396153,-0.9558679040553187,-0.9667647994406259,-0.9840612699099612,-0.9682647325008804,-0.9851100689089296,-0.960156553238643,-0.9742442593153001,-0.9760406016005054,-0.9820955636472742,-0.9541674980677701,-0.9756423538268442
27.6,-0.9375607981507741,-0.9496190281813377,-0.961298329683849,-0.9801930593403831,-0.9629160883622911,-0.9813631607690703,-0.9542017690618195,-0.9693971567699746,-0.971355843125013,-0.9780105720339592,-0.9478062781897345,-0.9709210716242271
27.62,-0.9302039561258556,-0.9429678997384164,-0.9554246600804411,-0.9759096452370972,-0.9571595591048038,-0.9772005534479944,-0.9478427910962222,-0.9641394237664738,-0.9662596245042869,-0.9735113013746516,-0.9410435736121034,-0.9657885134428137
27.64,-0.922453085632798,-0.9359173361021794,-0.9491462786794167,-0.971212842027022,-0.9509975831575288,-0.9726240101996371,-0.9410823129643948,-0.9584732874469934,-0.9607541044640596,-0.9685996575317314,-0.9338822489734411,-0.9602468534015425
27.66,-0.9143114698909504,-0.9284703238464537,-0.9424658449631285,-0.9661046392460668,-0.9444327706942104,-0.9676354696185548,-0.9339231983617935,-0.9524011479507712,-0.9548416151075365,-0.9632777210462312,-0.9263253377652293,-0.954298438912293
27.68,-0.9057825576368587,-0.920630017478175,-0.9353861887207281,-0.9605872006963783,-0.9374679025275743,-0.9622370448187483,-0.9263684798437427,-0.9459255773974035,-0.9485246609275318,-0.9575477462565326,-0.9183760410468996,-0.9479457896855371
27.7,-0.8968699616634038,-0.9123997381011589,-0.927910308849485,-0.9546628635297663,-0.9301059289313924,-0.9564310225385617,-0.9184213575408646,-0.9390493187973112,-0.941805917745582,-0.9514121603434426,-0.9100377260898858,-0.9411915966630052
27.72,-0.8875774572894453,-0.9037829720093028,-0.9200413720844729,-0.948334137257702,-0.9223499683907666,-0.9502198621720342,-0.9100851978035241,-0.931775284889819,-0.9346882315784838,-0.944873562302055,-0.9013139249512678,-0.9340387208778209
27.740000000000002,-0.8779089807606195,-0.894783369209813,-0.9117827116571613,-0.941603702688305,-0.9142033062811571,-0.9436061947271169,-0.9013635317758643,-0.9241065569093365,-0.9271746174327408,-0.9379347218408335,-0.8922083329776161,-0.9264901922425854
27.76,-0.8678686275819726,-0.8854047418770861,-0.9031378258834792,-0.9344744107907693,-0.9056693934767195,-0.9365928217111942,-0.8922600539000359,-0.9160463832801677,-0.9192682580274248,-0.9305985782083801,-0.8827248072396661,-0.9185492082659262
27.78,-0.8574606507831292,-0.8756510627378952,-0.8941103766819514,-0.9269492814877118,-0.8967518448885359,-0.9291827139443831,-0.882778620351256,-0.907598178240499,-0.9109725024459971,-0.9228682389483882,-0.8728673648984867,-0.9102191326980522
27.8,-0.846689459116737,-0.8655264633885691,-0.8847041880225324,-0.9190315023759518,-0.8874544379333615,-0.9213790103011134,-0.8729232474043556,-0.8987655203961494,-0.9022908647176578,-0.9147469785833071,-0.8626401815038378,-0.9015034941058909
27.82,-0.8355596151909472,-0.8550352325448735,-0.8749232443067981,-0.9107244273762654,-0.8777811109335355,-0.9131850163805195,-0.8626981097325124,-0.8895521512046962,-0.8932270223288253,-0.9062382372272754,-0.8520475892254332,-0.8924059843784101
27.84,-0.8240758335367223,-0.844181814225339,-0.864771688680178,-0.902031575312686,-0.8677359614487321,-0.9046042031062104,-0.8521075386388849,-0.879961973390617,-0.8837848146653767,-0.8973456191289098,-0.8410940750178613,-0.8829304571627569
27.86,-0.8122429786107912,-0.8329708058688031,-0.854253821276945,-0.892956628421953,-0.8573232445402609,-0.8956402052560083,-0.8411560202219005,-0.869999049292121,-0.8739682413863082,-0.888072891144569,-0.8297842787199396,-0.8730809262318775
27.88,-0.8000660627350964,-0.8214069563869638,-0.843374097398707,-0.8835034307937397,-0.8465473709686497,-0.88629681992228,-0.8298481934749727,-0.8596675991403683,-0.8637814607295051,-0.8784239811427372,-0.8181229910893091,-0.8628615637843087
27.900000000000002,-0.787550243973606,-0.8094951641527718,-0.8321371256271679,-0.8736759867423215,-0.835412905325275,-0.8765780049035126,-0.818188848321453,-0.8489719992718062,-0.8532287877503392,-0.8684029763402041,-0.8061151517730988,-0.852276698676861
27.92,-0.774700823947391,-0.7972404749255101,-0.8205476658719634,-0.8634784591103737,-0.8239245640988294,-0.8664878770278154,-0.8061829235856499,-0.8379167802743822,-0.8423146924938377,-0.8580141215707459,-0.793765847215524,-0.8413308145909422
27.94,-0.7615232455888923,-0.7846480797134431,-0.8086106273543924,-0.8529151675056178,-0.8120872136774476,-0.8560307104090578,-0.7938355049007743,-0.8265066250684148,-0.8310437981012021,-0.8472618174870401,-0.7810803085032999,-0.8300285481332992
27.96,-0.7480230908363289,-0.7717233125749381,-0.7963310665279029,-0.8419905864710637,-0.7999058682873352,-0.8452109346363816,-0.7811518225546977,-0.8147463669229383,-0.8194208788514739,-0.8361506186965783,-0.7680639091497871,-0.8183746868719803
27.98,-0.7342060782692252,-0.7584716483589928,-0.7837141849362101,-0.8307093435896212,-0.7873856878687745,-0.8340331328978559,-0.768137249274436,-0.8026409874083619,-0.8074508581391807,-0.8246852318323625,-0.7547221628188053,-0.8063741673083522
28.0,-0.7200780606860564,-0.7448987003861233,-0.7707653270099558,-0.819076217523886,-0.7745319758904065,-0.8225020400390669,-0.7547972979502959,-0.7901956142863067,-0.795138806388818,-0.812870513559206,-0.741060720989081,-0.7940320727860293
28.02,-0.7056450226250406,-0.7310102180705982,-0.7574899778028418,-0.8070961359919279,-0.7613501771027157,-0.8106225405574685,-0.7411376193006504,-0.7774155193375201,-0.7824899389070492,-0.8007114685164805,-0.7270853705603163,-0.7813536313376019
28.04,-0.6909130778291268,-0.7168120844850226,-0.7438937606681956,-0.7947741736799413,-0.7478458752316682,-0.7983996665333396,-0.7271639994783297,-0.7643061161287816,-0.7695096136735357,-0.7882132471981832,-0.7128020314018955,-0.7683442134700751
28.060000000000002,-0.6758884666562518,-0.7023103138683066,-0.7299824348769544,-0.7821155500926407,-0.7340247906134812,-0.7858385954982272,-0.7128823576196444,-0.7508729577197516,-0.7562033290713295,-0.7753811437712204,-0.6982167538452665,-0.7550093298899555
28.080000000000002,-0.660577553435965,-0.6875110490780715,-0.7157618931780739,-0.769125627342311,-0.7198927777715249,-0.7729446482417769,-0.6982987433370766,-0.73712173431073,-0.7425767215577947,-0.7622205938328316,-0.6833357161210581,-0.7413546291689518
28.1,-0.6449868237735387,-0.6724205589885751,-0.7012381593023984,-0.7558099078774518,-0.7054558229363834,-0.7597232865578806,-0.6834193341567036,-0.7230582708323241,-0.7286355632770394,-0.7487371721081061,-0.668165221742022,-0.7273858953512756
28.12,-0.6291228818027065,-0.6570452358352559,-0.6864173854110458,-0.7421740321519749,-0.6907200415101263,-0.7461801109310952,-0.6682504329014356,-0.7086885244780443,-0.7143857596148717,-0.7349365900885638,-0.6527116968329038,-0.713109045503557
28.14,-0.6129924473881951,-0.6413915925070232,-0.6713058494893918,-0.7282237762359434,-0.6756916754758628,-0.7323208581643129,-0.6527984650211813,-0.6940185821808762,-0.699833346697317,-0.720824693612805,-0.6369816874083781,-0.6985301272084132
28.16,-0.5966023532792325,-0.6254662597874386,-0.6559099526877554,-0.7139650493688662,-0.6603770907536775,-0.7181513989486885,-0.6370699758710681,-0.6790546580348933,-0.6849844888337525,-0.7064074603902493,-0.6209818566001987,-0.6836553160027304
28.18,-0.5799595422152379,-0.6092759835459591,-0.6402362166099123,-0.699403891456581,-0.6447827745040671,-0.7036777353768515,-0.6210716279388708,-0.6638030906630069,-0.6698454759057458,-0.6916909974690166,-0.6047189818347376,-0.6684909127617465
28.2,-0.5630710639849227,-0.5928276218804288,-0.6242912805505848,-0.6845464705127895,-0.6289153323800213,-0.6889059984004584,-0.6048101980228251,-0.6482703405319661,-0.6544227207027006,-0.6766815386490208,-0.5881999519621114,-0.6530433410300401
28.22,-0.5459440724400443,-0.5761281422120328,-0.6080818986830796,-0.6693990800463252,-0.6127814857289093,-0.6738424452331602,-0.588292574361018,-0.6324629872157446,-0.6387227562054402,-0.6613854418413709,-0.5714317643381074,-0.6373191443005577
28.240000000000002,-0.5285858224650802,-0.5591846183339422,-0.5916149371982622,-0.6539681363952639,-0.5963880687453603,-0.6584934567000867,-0.5715257537135753,-0.6163877266084757,-0.6227522328188783,-0.6458091863752009,-0.5544215218601487,-0.6213249832428324
28.26,-0.5110036669041054,-0.5420042274148998,-0.5748973713960828,-0.6382601760090031,-0.5797420255763426,-0.6428655345349702,-0.5545168383988773,-0.600051368088114,-0.6065179155549503,-0.6299593702530676,-0.5371764299585521,-0.6050676328815663
28.28,-0.49320505344617394,-0.5245942469590181,-0.5579362827308832,-0.6222818526794645,-0.5628504073796663,-0.6269652986260515,-0.537273033285063,-0.583460831632026,-0.5900266811669969,-0.6138427073560782,-0.5197037935443536,-0.5885539797267733
28.3,-0.4751975214705261,-0.506962051723074,-0.5407388558117386,-0.6060399347225891,-0.5457203693371586,-0.6107994842119383,-0.5198016427380934,-0.5666231448857322,-0.5732855152368151,-0.597466024599933,-0.5020110139149949,-0.5717910188566974
28.32,-0.45698869885295457,-0.48911511059260887,-0.5233123753591022,-0.589541302111323,-0.5283591676237742,-0.5943749390286006,-0.5021100675276686,-0.549545440186041,-0.556301509215611,-0.5808362590430883,-0.4841055856191807,-0.554785850954742
28.34,-0.43858629873468546,-0.47106098341815716,-0.5056642231190442,-0.5727929435613037,-0.5107741563339254,-0.5776986204087134,-0.48420580169230915,-0.5322349515398366,-0.5390818574201052,-0.5639604549482615,-0.4659950932822356,-0.537545679301666
28.36,-0.41999811625514055,-0.4528073178129409,-0.48780187473639186,-0.5558019535704847,-0.4929727843663351,-0.5607775923345754,-0.4660964293649289,-0.5146990115597991,-0.5216338539850671,-0.5468457607985271,-0.44768720839330545,-0.5200778067243194
28.38,-0.4012320252499659,-0.43436184591339,-0.469732896588093,-0.538575529413952,-0.47496259226873044,-0.5436190224458501,-0.44778962156024477,-0.49694504835835734,-0.5039648897735653,-0.5294994262692643,-0.42918968605576313,-0.5023896325022129
28.400000000000002,-0.38229597491572537,-0.41573238110385824,-0.45146494257814757,-0.5211209680952039,-0.45675120904371486,-0.5262301790034005,-0.4292931329253835,-0.4789805824011873,-0.4860824492462454,-0.5119287991572411,-0.4105103617021964,-0.48448864923323
28.42,-0.36319798644267154,-0.39692681470692365,-0.4330057508954627,-0.5034456632551867,-0.43834634891717156,-0.5086184278104993,-0.41061479845506305,-0.4608132233215907,-0.4679941072909595,-0.49414132226813434,-0.3916571477753683,-0.46638243965981047
28.44,-0.3439461496170208,-0.3779531126406745,-0.414363140736005,-0.4855571020403956,-0.419755808070566,-0.4907912290927217,-0.39176253017273827,-0.44245066669710315,-0.44970752601409314,-0.47614453026380443,-0.3726380303765572,-0.44807867345694863
28.46,-0.324548619394171,-0.35881931204439715,-0.3955450089906389,-0.46746286193136743,-0.4009874613385336,-0.4727561343378418,-0.3727443137791185,-0.42390069078969633,-0.4312304514949448,-0.45794604647066084,-0.3534610658826949,-0.4295851039833683
28.48,-0.3050136124443149,-0.339533517874095,-0.37655932690005417,-0.4491706075329076,-0.3820492588731498,-0.4545207830970701,-0.35356820526947547,-0.405171153250956,-0.41257071050453664,-0.43955357965046943,-0.3341343775337367,-0.4109095649972491
28.5,-0.28534940367191064,-0.320103899469281,-0.3574141366781991,-0.43068808732741304,-0.36294922277629615,-0.43609289974898835,-0.3342423275211751,-0.3862699877936304,-0.39373620719024394,-0.4209749207349702,-0.3146661519917091,-0.3920599673378968
28.52,-0.2655643227104851,-0.30053868709249704,-0.33811754810565,-0.4120231303926638,-0.3436954437015493,-0.417480290227552,-0.31477486685287853,-0.36720520083096064,-0.3747349197276488,-0.40221793952568824,-0.29506463587289133,-0.37304429557476165
28.54,-0.24566675039425406,-0.28084616844302773,-0.3186777350943597,-0.39318364308547604,-0.32429607742703176,-0.3986908387155465,-0.29517406955686937,-0.34798486808521484,-0.3555748969410356,-0.3832905813603359,-0.2753381322546017,-0.35387060462522624
28.560000000000002,-0.2256651152080545,-0.2610346851462835,-0.29910293222524054,-0.3741776056926194,-0.3047593414006758,-0.3797325043048976,-0.27544823840597715,-0.3286171311668634,-0.33626425489396056,-0.36420086374721844,-0.2554949971580668,-0.33454701634259343
28.580000000000002,-0.20556788971709192,-0.24111262922034102,-0.2794014312600485,-0.35501306905041846,-0.28509351125936544,-0.36061331762525056,-0.25560572913657564,-0.3091101941258451,-0.31681117345133875,-0.3449568729690685,-0.23554363600886424,-0.3150817160757213
28.6,-0.18538358697801577,-0.22108843952113844,-0.2595815776290457,-0.33569815113446994,-0.26530691732342904,-0.3413413774422469,-0.23565494690914596,-0.2894723199763836,-0.29722389281450556,-0.32556676065774853,-0.21549250007643778,-0.2954829492017611
28.62,-0.1651207569328429,-0.20097059816782917,-0.2396517668959292,-0.31624103362091976,-0.24540794106796887,-0.3219248472269387,-0.21560434274790435,-0.2697118271968273,-0.2775107100307198,-0.306038740341271,-0.19535008289419356,-0.27575901763346866
28.64,-0.14478798278725666,-0.1807676269498106,-0.2196204412015239,-0.2966499584207571,-0.22540501157252152,-0.3023719516977944,-0.1954624099610021,-0.24983708620599485,-0.25767997547858745,-0.2863810839646007,-0.17512491666169355,-0.2559182763025665
28.66,-0.12439387737481554,-0.1604880837169483,-0.19949608568774538,-0.27693322418859373,-0.20530660195055367,-0.28269097333676035,-0.1752376805428143,-0.22985651581751926,-0.23774008933089452,-0.26660211838571146,-0.15482556863046998,-0.23596912962064845
28.68,-0.10394707950861191,-0.1401405587545254,-0.17928722490334784,-0.2570991828074065,-0.1851212257603051,-0.2628902488808542,-0.1549387215598415,-0.20977857967369196,-0.21769949799634727,-0.246710221848382,-0.13446063747499234,-0.21592002791912393
28.7,-0.08345625032192575,-0.11973367114445248,-0.1590024191929797,-0.23715623585073312,-0.16485743339849976,-0.24297816579077644,-0.13457413152175482,-0.1896117826603179,-0.19756669054172737,-0.22671382043322555,-0.11403874965032366,-0.19577946386971196
28.72,-0.0629300695994238,-0.09927606511427926,-0.13865026107107598,-0.21711283102381904,-0.14452380847845217,-0.22296315869803532,-0.11415253673912214,-0.16936466730410005,-0.17735019509597738,-0.2066213844884555,-0.09356855573800905,-0.1755559688869991
28.740000000000002,-0.04237723210045809,-0.07877640637555516,-0.11823937158212407,-0.19697745858522336,-0.1241289641941035,-0.20285370583209072,-0.09368258766935779,-0.14904581015407964,-0.15705857523773956,-0.18644142504190003,-0.07305872678174455,-0.15525810951458693
28.76,-0.021806443876021316,-0.0582433784530889,-0.09777839664884416,-0.17675864775039954,-0.10368153967152752,-0.1826583254290303,-0.07317295525244409,-0.12866381814866457,-0.13670042636787852,-0.16618249019578507,-0.05251795061437818,-0.13489448379635852
28.78,-0.0012264185809190806,-0.037685679006662774,-0.0772760034098315,-0.15646496307877383,-0.08319019630945183,-0.16238557212329868,-0.05263232723797626,-0.10822732496978514,-0.11628437206852436,-0.14585316150581235,-0.031954928177799456,-0.11447371763440202
28.8,0.019354126217278743,-0.017112016146759442,-0.05674087654821172,-0.13610500084585272,-0.06266361411034463,-0.1420440333240092,-0.03206940450508718,-0.08774498738572147,-0.09581906045017805,-0.1254620503460674,-0.01137836983727572,-0.09400446113513332
28.82,0.03992647273094408,0.003468895254138232,-0.03618171461286437,-0.1156873854018953,-0.04211048800362089,-0.12164232557737181,-0.01149289737681034,-0.06722548158415154,-0.07531316048842696,-0.10501779426129615,0.009203008308203023,-0.07349538494516629
28.84,0.060481906645189945,0.024048337253111608,-0.015607226333773089,-0.09522076551869342,-0.02153952416252568,-0.10118909091677918,0.009088478069557435,-0.04667749949697341,-0.054775358351822144,-0.08452905330809622,0.0297804881180081,-0.05295517657848196
28.86,0.08101172080919868,0.04461759252967133,0.004973873066936946,-0.07471381072600716,-0.0009594363162547146,-0.08069299320209637,0.029666003694530794,-0.026109745118458285,-0.03421435372247259,-0.06400450638657194,0.05034535310282098,-0.03239253673645308
28.88,0.10150721892451559,0.06516794807835875,0.02555286556671157,-0.0541752076392072,0.01962105794112586,-0.06016271444970503,0.050230962989384204,-0.0055309308182939585,-0.013638856110915372,-0.04345284756400767,0.07088889211688264,-0.011816175622282373
28.900000000000002,0.12195971922874549,0.08569069889951951,0.046121034035466434,-0.03361365627967994,0.04019324084339673,-0.03960695115485653,0.07077464476840949,0.01505022634891943,0.006942418833177535,-0.022882782392116274,0.09140240304797932,0.008765190748583972
28.92,0.142360558173092,0.10617715168668593,0.06666966592810775,-0.013037866389553864,0.060748398144975665,-0.019034410607892054,0.09128834685891857,0.03562500833615819,0.027520753012892907,-0.0023030242194229077,0.11187719650360191,0.029342844240504935
28.94,0.1627010940921816,0.12661862850900618,0.08719005697511086,0.007543446257691706,0.08127782281221636,0.0015461927941101453,0.11176337978742842,0.05618469979688426,0.048087429577006575,0.018277709499653905,0.13230459949171713,0.049908068290591356
28.96,0.18297271086461792,0.1470064704871606,0.10767351486959337,0.028121563549172734,0.10177281871165246,0.022126141238697793,0.1321910704604666,0.07672059177681041,0.06863373661238605,0.038850700897460407,0.15267595909459178,0.07045215160098643
28.98,0.20316682156271598,0.16733204146120764,0.12811136294932093,0.04868776872553752,0.12222470429362425,0.0426967171908544,0.1525627658384384,0.09722398540295786,0.08915097083430139,0.0594072353859408,0.1729826461341135,0.09096639182891596
29.0,0.22327487208986999,0.1875867316488064,0.14849494387208614,0.06923335007333041,0.14262481626972778,0.06324920708569155,0.17286983660099922,0.11768619556844336,0.1096304412730812,0.0799386053480812,0.19321605882705561,0.11144209927294532
29.02,0.24328834480401412,0.20776196129226532,0.16881562328290334,0.08974960461521814,0.16296451328252862,0.08377490501945946,0.19310368080237983,0.13809855461143516,0.13006347295555198,0.10043611382640072,0.21336762642873783,0.1318706005538816
29.04,0.2631987621256415,0.22784918429287304,0.18906479347146662,0.11022784179651551,0.18323517956598578,0.1042651164373123,0.21325572751511565,0.15845241598671936,0.15044141057970145,0.12089107820692724,0.2334288128635388,0.15224324228876174
29.060000000000002,0.2829976901288528,0.24783989183097124,0.20923387701832086,0.130659387166449,0.20342822859503537,0.12471116181626629,0.23331744046063696,0.1787391579283213,0.17075562218100934,0.14129483389709735,0.25339112034072364,0.17255139475637044
29.080000000000002,0.3026767421139134,0.2677256159702366,0.229314330428202,0.1510355860525989,0.2235351067227878,0.14510438034179024,0.2532803216251823,0.1989501871016307,0.1909975027888926,0.16163873799602257,0.2732460929540538,0.19278645555273502
29.1,0.3222275821598062,0.28749793324464434,0.24929764774900734,0.17134780722696324,0.2435472968037982,0.16543613357647147,0.27313591485950284,0.21907694224348348,0.21115847807171606,0.18191417295556708,0.292985320263655,0.21293985323504905
29.12,0.3416419286552745,0.3071484682265952,0.2691753641748624,0.19158744656209115,0.2634563218018749,0.18569780911920278,0.2928758094608331,0.23911089778865824,0.23123000796882465,0.2021125502306861,0.3126004408586261,0.23300305095248075
29.14,0.36091155780685963,0.32666889707469277,0.2889390596317588,0.21174593067573633,0.2832537483808979,0.20588082425334073,0.3124916437356115,0.25904356748125135,0.2512035903080588,0.22222531391747904,0.33208314589887933,0.2529675500623287
29.16,0.3800283071224478,0.3460509510596699,0.30858036234424424,0.2318147205624871,0.30293119047712636,0.22597662958228973,0.33197510854144013,0.278866507969401,0.27107076440722006,0.24224394437741567,0.3514251826347123,0.2728248937299927
29.18,0.3989840788688493,0.36528642006696965,0.3280909523816528,0.2517853152108347,0.3224803128514819,0.24597671265097187,0.3513179508067845,0.2985713223818369,0.2908231146579627,0.2621599618462009,0.3706183579026197,0.29256667051123497
29.2,0.4177708435019471,0.3843671560744976,0.3474625651823749,0.27164925520414773,0.34189283462030234,0.26587260155164877,0.3705119770269224,0.31814966388474203,0.31045227409059123,0.28196493002574863,0.3896545415958656,0.31218451791521445
29.22,0.43638064306796026,0.4032850766040719,0.36668699505467267,0.2913981263040269,0.3611605327630718,0.2856558685125676,0.3895490567346598,0.33759323921741763,0.32994992791825584,0.3016504596577442,0.4085256701083446,0.3316701259467845
29.240000000000002,0.4548055945743825,0.42203216814510974,0.38575609865255894,0.311023563014523,0.3802752456056394,0.30531813346791153,0.4084211259443453,0.3568938122052559,0.34930781705904285,0.32120821207728045,0.42722374975027416,0.351015240626554
29.26,0.4730378933291679,0.44060048954909914,0.4046617984252665,0.33051725212570743,0.3992288762774525,0.32485106760754223,0.427120190567723,0.3760432072485311,0.36851774163446943,0.3406299027450632,0.4457408601342704,0.37021166748722023
29.28,0.4910698162467482,0.45898217539341907,0.42339608603884715,0.34987093623509524,0.41801339614133953,0.3442463969050307,0.4456383298001772,0.39503331278553144,0.3875715644428996,0.3599073047566894,0.464069157530374,0.38925127504469337
29.3,0.508893725119483,0.47716943931308214,0.44195102576845113,0.3690764172454281,0.4366208481943895,0.3634959056224824,0.4639676994759349,0.4138560847285649,0.4064612144064112,0.3790322523275111,0.482200878188604,0.40812599824254087
29.32,0.5265020698531558,0.49515457729898943,0.4603187578598493,0.3881255598373359,0.45504335043848776,0.382591439790671,0.48210053539080444,0.4325035498713835,0.425178689989653,0.3979966442516099,0.5001283416276332,0.4268278418682943
29.34,0.5438873916651455,0.5129299709612994,0.47849150185877515,0.40701029491540636,0.4732730992190802,0.4015249106630081,0.5000291565910427,0.4509678092665828,0.4437160625892441,0.4167924473334165,0.5178439538881906,0.4453488839401704
29.36,0.5610423262439199,0.5304880907565296,0.4964615599066756,0.42572262302620234,0.4913023725307514,0.4202882981418848,0.5177459686269588,0.46924104157154545,0.46206547989227975,0.43541169979052075,0.5353402107498143,0.46368127906277185
29.38,0.5779596068685071,0.5478214991770227,0.5142213200014749,0.4442546177467796,0.5091235332882171,0.4388736541759337,0.5352434667698733,0.48731550636151233,0.480219169202521,0.4538465146262319,0.5526097009095918,0.4818172617503469
29.400000000000002,0.5946320674866422,0.5649228539014312,0.5317632592219699,0.4625984290422685,0.5267290325613451,0.457273106126773,0.5525142391910751,0.5051835474083769,0.49816944073285957,0.4720890829704604,0.5696451091215432,0.4997491497161997
29.42,0.6110526457502518,0.5817849109048682,0.5490799469144919,0.4807462865910993,0.544111412772833,0.4754788601038059,0.5695509701014206,0.5228375959238151,0.5159086908626622,0.49013167738750557,0.5864392192953043,0.517469347126858
29.44,0.6272143860070225,0.5984005275274396,0.5661640478404812,0.4986905030764606,0.5612633108571919,0.49348320426566294,0.5863464428502649,0.5402701737653749,0.5334294053586166,0.5079666551493478,0.6029849175528249,0.5349703478196196
29.46,0.6431104422467715,0.6147626654998263,0.5830083252836561,0.5164234774425979,0.5781774613796927,0.5112785120868888,0.60289354298238,0.5574738966041711,0.550724162557712,0.5255864614730597,0.6192751952417598,0.5522447384821153
29.48,0.6587340810013723,0.6308643939246499,0.5996056441154308,0.5339376981145718,0.5948466996139585,0.5288572455884902,0.6191852612515951,0.5744414770528361,0.5677856365110088,0.5429836327209636,0.6353031519042889,0.5692852017925376
29.5,0.6740786841970096,0.6466988922123573,0.6159489738173138,0.5512257461801146,0.6112639645768974,0.5462119585309754,0.6352146965898697,0.5911657277524197,0.5846066000868636,0.5601507995621846,0.6510619982001072,0.5860845195192208
29.52,0.689137751957552,0.6622594529703781,0.6320313914589905,0.5682802985322324,0.6274223020196888,0.5633352995685338,0.6509750590305414,0.6076395644169,0.6011799280322965,0.5770806900942427,0.6665450587823464,0.6026355755782287
29.54,0.7039049053578645,0.6775394848443343,0.647846084630832,0.5850941309712313,0.6433148673735606,0.5802200153630168,0.6664596725845122,0.6238560088340448,0.6174985999912025,0.593766132923393,0.6817457751252085,0.6189313590476851
29.560000000000002,0.7183738891258595,0.6925325153100951,0.6633863543295893,0.6016601212648324,0.6589349286491031,0.5968589536564137,0.6816619780681556,0.6398081918213371,0.6335557034781296,0.6102000602023805,0.6966577083021168,0.6349649671375568
29.580000000000002,0.7325385742922257,0.7072321934154976,0.6786456177960473,0.6179712521651132,0.6742758692878981,0.6132450663004942,0.6965755358817446,0.6554893561357181,0.649344436806364,0.626375510624334,0.7112745417132029,0.65072960811363
29.6,0.7463929607865805,0.7216322924705691,0.6936174113034406,0.634020614380966,0.6893311909652502,0.6293714122423619,0.7111940287372303,0.6708928593359118,0.6648581119690804,0.6422856323715321,0.7255900837609788,0.6662186041744467
29.62,0.7599311799791008,0.7357267126851139,0.7082953928954514,0.6498014095048301,0.7040945163428365,0.6452311604646401,0.7255112643341844,0.6860121765961203,0.6800901574723403,0.657923686017789,0.7395982704730583,0.6814253942799782
29.64,0.7731474971663987,0.7495094837525405,0.722673345072602,0.6653069528924533,0.7185595917701051,0.6608175928790474,0.739521177982854,0.7008409034698995,0.6950341211187336,0.6732830473832327,0.7532931680708117,0.6963435369308404
29.66,0.7860363140007435,0.7629747673788639,0.7367451774259827,0.6805306764944649,0.7327202899332834,0.6761241071721366,0.7532178351730853,0.7153727586030457,0.7096836727404895,0.6883572103402659,0.7666689754828961,0.7109667128968714
29.68,0.7985921708614483,0.7761168597557379,0.7505049292170708,0.6954661316385592,0.7465706124508674,0.6911442196019931,0.7665954340881829,0.729601586394318,0.7240326068808945,0.7031397895695188,0.7797200268025194,0.7252887278939224
29.7,0.8108097491675672,0.7889301939765876,0.7639467719027007,0.7101069917611127,0.7601046924144994,0.7058715677447066,0.7796483080624854,0.7435213596029465,0.7380748454228847,0.7176245232646316,0.7924407936875184,0.7393035152077019
29.72,0.8226838736307771,0.8014093423946809,0.7770650116039587,0.7244470550870757,0.7733167968741518,0.7202999131894581,0.792370927981765,0.7571261819016979,0.7518044401636969,0.7318052757847139,0.8048258877020945,0.7530051382636074
29.740000000000002,0.8342095144476309,0.8135490189222789,0.7898540915181117,0.7384802472569998,0.786201329266569,0.7344231441810509,0.8047579046252936,0.7704102903745379,0.76521557533449,0.7456760402533597,0.8168700625993549,0.7663877931414347
29.76,0.8453817894301209,0.8253440812697598,0.8023085942724013,0.7522006239001172,0.7987528317859357,0.7482352782088465,0.8168039909486963,0.783368057957779,0.7783025700638676,0.7592309411031403,0.8285682165435597,0.7794458110338489
29.78,0.8561959660737556,0.8367895331238727,0.8144232442188223,0.7656023731523095,0.8109659876957683,0.7617304645408827,0.8285040843065777,0.7959939958236366,0.7910598807842584,0.7724642365644289,0.8399153942712402,0.7921736606476911
29.8,0.866647463562229,0.8478805262641556,0.8261929096688657,0.7786798181179908,0.8228356235810512,0.7749029867022221,0.8398532286139417,0.8082827557052975,0.8034821035801366,0.785370321097592,0.850906789190228,0.8045659505469679
29.82,0.8767318547077994,0.8586123626165834,0.8376126050672403,0.7914274192748181,0.8343567115396621,0.7877472648964278,0.8508466164455893,0.820229132162381,0.8155639764770858,0.7979437277674738,0.86153774541567,0.8166174314366431
29.84,0.8864448678266467,0.8689804962436727,0.8486774931037547,0.8038397768201659,0.8455243713121591,0.8002578583690969,0.861479591072486,0.8318280647859436,0.8273003816707379,0.8101791305591236,0.8718037597422617,0.8283229983862176
29.86,0.8957823885483027,0.8789805352700822,0.8593828867623394,0.8159116329584837,0.8563338723490279,0.8124294677125664,0.871747648434334,0.8430746403420476,0.8386863476946427,0.8220713466338967,0.8817004835517466,0.8396776929921165
29.88,0.9047404615584992,0.8886082437430121,0.8697242513064677,0.8276378741284303,0.8667806358145124,0.8242569371106728,0.8816464390474751,0.8539640948529477,0.8497170515261486,0.833615338524838,0.8912237246549924,0.8506767054780698
29.900000000000002,0.9133152922745875,0.8978595434264985,0.879697206200011,0.839013533168979,0.8768602365261798,0.8357352565227573,0.8911717698472779,0.8644918156151131,0.8603878206294054,0.8448062162705543,0.9003694490677477,0.8613153767324716
29.92,0.921503248452925,0.9067305155289554,0.8892975269628358,0.8500337914234432,0.8865684048294008,0.8468595638058539,0.9003196059643219,0.8746533431531092,0.8706941349346199,0.8556392394865379,0.909133782719438,0.8715892002819803
29.94,0.9293008617274462,0.9152174023631241,0.8985211469602377,0.8606939807806597,0.8959010284059467,0.8576251467742942,0.9090860724335159,0.8844443731086316,0.8806316287527287,0.8661098193731946,0.9175130130941727,0.8814938242004023
29.96,0.9367048290788632,0.9233166089378293,0.9073641591255691,0.8709895856523413,0.9048541540159419,0.8680274451957287,0.9174674558355332,0.8938607580637772,0.8901960926246768,0.8762135206596009,0.9255035908033671,0.8910250529521696
29.98,0.9437120142337824,0.9310247044807725,0.9158228176152226,0.8809162448858795,0.9134239891724317,0.878062052722841,0.9254602058697691,0.902898509297891,0.8993834751045169,0.8859460634822838,0.9331021310892176,0.9001788491695135
