timestamp,channel_00,channel_01,channel_02,channel_03,channel_04,channel_05,channel_06,channel_07,channel_08,channel_09,channel_10,channel_11,is_extreme
0.0,0.9886931925969834,-0.3746674658103151,0.776098676547682,0.9458164419739026,-0.5578008115833917,0.15257107112263107,0.9975515029856374,0.9744361784429636,-0.7208040924814871,-0.3067098527735865,-0.7255270671164878,0.4440817447067997,0
0.02,0.9845414596100445,-0.3515463855141443,0.7629093768880332,0.9523271907598643,-0.5721066020845763,0.13773876863459625,0.9956095535827468,0.9695015808946827,-0.7318841692991067,-0.2869654938956681,-0.7090357041352237,0.42811611445044645,0
0.04,0.9797497436373843,-0.32818119834327214,0.7493994332386194,0.9584352493002756,-0.5862211536557774,0.12288295528000259,0.9931064572397303,0.964138484528521,-0.7427568096977162,-0.2670806049319194,-0.692133031974348,0.41202229524437517,0
0.06,0.9743220496531918,-0.30458527430403765,0.7355750132711684,0.9641370767061375,-0.6001408902170362,0.10800690833285381,0.99004384577276,0.958349148771604,-0.753420053193306,-0.24706319534028368,-0.6748273231364308,0.3958055123902787,0
0.08,0.9682628199736156,-0.2807721985526176,0.7214424154277636,0.9694292995360089,-0.6138623246651403,0.09311390102981192,0.9864236861905687,0.9521360320743093,-0.7638720186855885,-0.22692136227160278,-0.6571270908399054,0.37947102058896687,0
0.1,0.9615769298569783,-0.2567557659667714,0.7070080657363227,0.9743087143696169,-0.6273820594324057,0.07820720207955102,0.9822482793897385,0.9455017910103034,-0.7741109043809955,-0.2066632881043639,-0.6390410863864204,0.36302410223542003,0
0.12,0.9542696827472609,-0.23254997555804247,0.6922785145647484,0.9787722903157519,-0.6406967870053342,0.0632900751746989,0.9775202586111263,0.9384492792675376,-0.7841349876861367,-0.18629723794349906,-0.6205782964350076,0.3464700657066028,0
0.14,0.9463468051658411,-0.208169024723522,0.6772604333154179,0.9828171714522002,-0.6538032904035008,0.04836577850609535,0.9722425876580352,0.9309815465301654,-0.7939426250722521,-0.16583155708377686,-0.6017479401836068,0.32981424364240153,0
0.16,0.9378144412568524,-0.18362730333626714,0.6619606110617263,0.9864406791954792,-0.6666984436190294,0.03343756427911035,0.9664185588769582,0.923101837251423,-0.8035322519111945,-0.14527466843831707,-0.5825594664584637,0.3130619912200526,0
0.18,0.9286791469919069,-0.15893938767344815,0.6463859511284297,0.9896403145981563,-0.6793792120170351,0.018508678231760573,0.9600517909019467,0.9148135893175942,-0.8129023822834837,-0.12463506993274652,-0.5630225507118897,0.2962186844224317,0
0.2,0.9189478840402966,-0.13412003418128737,0.6305434676175781,0.992413760571551,-0.6918426526974184,0.0035823591543705504,0.9531462261638751,0.906120432603254,-0.8220516087589799,-0.10392133186550233,-0.5431470919288456,0.27928971830059246,0
0.22,0.9086280133111514,-0.10918417307584112,0.6144402818818682,0.9947588840316413,-0.7040859148184051,-0.01133816158946919,0.9457061281660962,0.8970261874180708,-0.8309786021507243,-0.0831420942347744,-0.5229432094427777,0.2622805052309402,0
0.24,0.8977272881743853,-0.08414690177866384,0.5980836189472788,0.9966737379660177,-0.7161062398822394,-0.026249660540885438,0.9377360785282082,0.8875348628455232,-0.8396821112425019,-0.0623060640325641,-0.5024212396611012,0.24519647316744367,0
0.26,0.8862538473676111,-0.059023478186388346,0.581480803886894,0.9981565634197536,-0.7279009619834416,-0.04114892262288737,0.929240973799872,0.8776506549739708,-0.8481609624906763,-0.04142201250631973,-0.4815917327006879,0.22804306388929202,0
0.28,0.8742162075965401,-0.033829313773248756,0.5646392581478532,0.9992057913980881,-0.7394675080200507,-0.056032741616933564,0.9202260220468426,0.8673779450206013,-0.8564140597008562,-0.020498772388591522,-0.4604654489336757,0.21082573124441914,0
0.3,0.8616232558367121,-0.00857996652557077,0.5475664958334006,0.9998200446838482,-0.7508033978682788,-0.07089792063912378,0.9106967392115978,0.8567212973488538,-0.8644403836799429,0.00045476490486951376,-0.4390533554438735,0.19354993938931944,0
0.32,0.8484842413447182,0.01670886629274574,0.5302701199420444,0.9999981395675689,-0.7619062445210106,-0.08574127261622193,0.9006589452511692,0.8456854573800094,-0.8722389918641177,0.021429652108164856,-0.4173666223939907,0.17622116102560056,0
0.34,0.8348087673873892,0.04202135554472331,0.5127578185658714,0.9997390874883033,-0.7727737541905838,-0.10055962076171081,0.890118760054997,0.8342753493997148,-0.8798090179233169,0.042416888969070955,-0.3954166193038698,0.15884487563371782,0
0.36,0.8206067826977118,0.06734154779574644,0.49503736105008755,0.9990420965831546,-0.7834037263762926,-0.11534979905206541,0.879082599145849,0.8224960742602966,-0.8871496713427475,0.06340742514327052,-0.3732149112398512,0.14142656770435752,0
0.38,0.8058885726665304,0.09265337306089633,0.47711659411589613,0.997906573143597,-0.7937940538970573,-0.13010865270342545,0.8675571691670574,0.8103529069798046,-0.8942602369819875,0.08439216311865588,-0.3507732549153429,0.1239717249679408,0
0.4,0.7906647502793552,0.11794065272511667,0.45900343794884885,0.9963321229766999,-0.8039427228897066,-0.14483303864882807,0.8555494631595416,0.7978512942388046,-0.9011400746122143,0.10536196116939239,-0.32810359470261163,0.10648583662273009,0
0.42,0.7749462468078663,0.14318710763712544,0.4407058822548418,0.9943185526694069,-0.8138478127733216,-0.1595198260161577,0.8430667556322928,0.784996851776033,-0.9077886184320979,0.12630763633945616,-0.30521805855574996,0.08897439156204205,0
0.44,0.7587443022659456,0.1683763663779608,0.42223198228594655,0.9918658707540743,-0.823507496180088,-0.1741658966069528,0.8301165974302054,0.771795361684101,-0.9142053765628905,0.14721996745538737,-0.2821289538447131,0.07144287660107407,0
0.46,0.7420704556403072,0.1934919737050168,0.40358985483830734,0.9889742887735176,-0.8329200388531064,-0.1887681453761948,0.8167068104033446,0.7582527696065328,-0.9203899305232389,0.16808969816802893,-0.2588487631002501,0.05389677470386564,0
0.48,0.7249365349060205,0.21851739917238622,0.3847876742243499,0.9856442222438688,-0.8420837995116068,-0.20332348091319205,0.8028454818819367,0.7443751818374926,-0.926341934684237,0.1889075400230497,-0.23539013966948755,0.036341563210935096,0
0.5,0.7073546468374223,0.2434360459282817,0.36583366822158075,0.9818762915135989,-0.8509972296840135,-0.21782882592365743,0.7885409589615716,0.7301688623256537,-0.9320611157052275,0.2096641755600819,-0.21176590328184847,0.018782712068139425,0
0.52,0.6893371666251158,0.2682312596902535,0.346736114000273,0.9776713225171157,-0.8596588735093039,-0.2322811177130624,0.7738018426032927,0.7156402295837353,-0.9375472719508583,0.2303502614403346,-0.1879890355249191,0.00122568205731744,0
0.54,0.6708967273099311,0.2928863378988626,0.32750333403236687,0.9730303474214089,-0.868067367507101,-0.2466773086713322,0.7586369815534446,0.7007958535053286,-0.9428002728898821,0.2509564316025771,-0.16407267522979282,-0.016324076970701405,0
0.56,0.6520462090448871,0.31738453905039593,0.3081436919839218,0.9679546051642675,-0.8762214403169373,-0.26101436675893674,0.7430554660883304,0.6856424520907018,-0.9478200584761859,0.2714733004474207,-0.14003011376534463,-0.03386112786013883,0
0.58,0.6327987281963492,0.34170909220913637,0.28866558859348895,0.9624455418826658,-0.884119912407119,-0.27528927599440717,0.7270666215889069,0.6701868880833726,-0.9526066385125195,0.29189146604986127,-0.11587479024080304,-0.05138004791074886,0
0.6,0.6131676262957106,0.36584320669960735,0.2690774575387874,0.9565048112299738,-0.8917616957536224,-0.289499036943299,0.7106800019509275,0.6544361655193054,-0.9571600919973874,0.31220151340008134,-0.09162028661590205,-0.068875430634126,0
0.62,0.5931664588530482,0.3897700819791192,0.24938776129407855,0.9501342745807139,-0.8991457934894393,-0.30364066720859906,0.693905382836103,0.6383974261906799,-0.9614805664555525,0.33239401767254695,-0.06728032271780633,-0.08634188750520484,0
0.64,0.57280898404431,0.4134729176908311,0.22960498698066156,0.9433360011216617,-0.9062712995247887,-0.3177112019225616,0.6767527547700222,0.6220779460262554,-0.9655682772525888,0.35245954752347153,-0.042868751163911374,-0.10377404970830535,0
0.66,0.5521091512836868,0.43693492389742505,0.2097376422129167,0.9361122678281532,-0.913137398138603,-0.3317076942399322,0.659232316092724,0.6054851313904331,-0.9694235068939103,0.37238866841675805,-0.018399552189527373,-0.12116656987706331,0
0.68,0.5310810896928859,0.46013933149535463,0.18979425094233973,0.9284655593245366,-0.9197433635416902,-0.3456272158325119,0.6413544657679735,0.5886265153031984,-0.973046604308687,0.39217194597856914,0.006113171620641478,-0.1385141238275737,0
0.7000000000000001,0.5097390964791013,0.48306940280948674,0.16978334930202701,0.9203985676277872,-0.9260885594119636,-0.3594668573849835,0.6231297960574292,0.5715097535832026,-0.9764379841190447,0.4117999493807151,0.03065520069840827,-0.1558114122840537,0
0.72,0.4880976252335064,0.5057084423677951,0.14971348145406924,0.9119141917733711,-0.932172438402126,-0.37322372909191265,0.6045690850660372,0.5541426209163182,-0.9795981258949379,0.43126325475308946,0.055212203956692095,-0.17305316259633072,0
0.74,0.4661712741621343,0.5280398078555921,0.1295931954423356,0.9030155373225353,-0.9379945416201839,-0.38689496115580946,0.585683289165115,0.5365330068520776,-0.9825275733950606,0.45055244862542293,0.07976974435417358,-0.19023413044843207,0
0.76,0.4439747742610237,0.5500469212485986,0.10943103905312171,0.8937059157502735,-0.943554498083159,-0.4004777042861236,0.5664835352997145,0.5186889117304738,-0.9852269337941548,0.46965813139866874,0.10431328456151089,-0.20734910155755173,0
0.78,0.42152297744750705,0.5717132801239447,0.08923555568615227,0.883988843713306,-0.9488520241443553,-0.4139691301990233,0.5469811131869718,0.5006184425416812,-0.9876968768970549,0.4885709208463722,0.1288281927307158,-0.22439289336265225,0
0.8,0.39883084465950436,0.5930224691479801,0.06901528023842271,0.8738680421974947,-0.95388692289453,-0.4273664321177925,0.5271874674122629,0.48232980872131315,-0.9899381343397937,0.5072814556464214,0.15329974836939747,-0.2413603567019432,0
0.8200000000000001,0.37591343393465615,0.6139581717395298,0.04877873500337676,0.8633474355442025,-0.9586590835373063,-0.4406668252736541,0.5071141894300891,0.46383131788390985,-0.9919514987780813,0.5257803989436168,0.1777131483216892,-0.25824637747847073,0
0.84,0.3527858884810821,0.6345041819069831,0.02853442558790314,0.8524311503551921,-0.9631684807391564,-0.4538675474068166,0.4867730094767096,0.4451313714974148,-0.9937378230634483,0.5440584419435412,0.20205351285778453,-0.27504587831303834,0
0.86,0.32946342475149654,0.6546444162573225,0.0082908368496489,0.8411235142757564,-0.9674151739542727,-0.4669658592675203,0.46617578840162877,0.42623846050145303,-0.9952980194073344,0.5621063075382519,0.22630589187411865,-0.29175382018366613,0
0.88,0.3059613205323339,0.6743629261749162,-0.011943571142869987,0.8294290546558527,-0.9713993067246335,-0.47995904511683185,0.4453345094251287,0.4071611608722995,-0.9966330585333834,0.5799147539643604,0.2504552712063419,-0.30836520405078327,0
0.9,0.2822949030594503,0.6936439101675773,-0.03216036712487868,0.8173524970891194,-0.9751211059555608,-0.49284441322693084,0.4242612698291035,0.3879081291374749,-0.99774396881819,0.597474578494109,0.27448657905734447,-0.32487507246734204,0
0.92,0.2584795371718673,0.7124717263770642,-0.05235115262220002,0.8048987638297361,-0.9785808811670555,-0.5056192963806014,0.4029682725885232,0.3684880978429695,-0.9986318354207316,0.6147766211600891,0.2983846925427005,-0.3412785111730286,0
0.9400000000000001,0.23453061351490642,0.7308309052508427,-0.07250756590789191,0.7920729720871938,-0.9817790237211843,-0.5182810523696301,0.38146781795090834,0.34890987097614545,-0.9992977994006953,0.6318117685142948,0.32213444435601174,-0.35757065067173127,0
0.96,0.21046353680393098,0.7487061623715502,-0.09262128592621405,0.7788804321991318,-0.984716006025784,-0.5308270644917901,0.3597722949712453,0.3291823193474294,-0.9997430568259025,0.6485709574222391,0.3457206295567399,-0.3737466677914283,0
0.98,0.18629371415977358,0.7660824114402075,-0.11268403618147928,0.7653266456824974,-0.9873923807147362,-0.5432547420460773,0.33789417300980995,0.3093143759339426,-0.9999688578690108,0.6650451788929055,0.36912801248322347,-0.38980178722563735,0
1.0,0.16203654352677024,0.7829447774087982,-0.13268758858936514,0.7514173031633877,-0.9898087798050552,-0.5555615208258412,0.3158459932004012,0.2893150311882793,-0.9999765058936614,0.6812254819453385,0.3923413337936838,-0.4057312830555699,0
1.02,0.13770740218415042,0.7992786097573915,-0.15262376728827298,0.7371582821860267,-0.9919659138310224,-0.5677448636094409,0.29364035989650705,0.2691933283156757,-0.9997673565302215,0.6971029775127247,0.4153453176381253,-0.4215304802521187,0
1.04,0.11332163536135864,0.8150694959105114,-0.17248445240834598,0.7225556449014349,-0.9938645709555892,-0.5798022606480394,0.2712899321029421,0.24895835852286263,-0.9993428167412606,0.7126688423848401,0.4381246789641388,-0.4371947561568069,0
1.06,0.0888945449676857,0.8303032747869611,-0.19226158379576866,0.7076156356364485,-0.995505616059262,-0.5917312301501316,0.248807414900496,0.2286192562419234,-0.9987043438768786,0.727914323189784,0.4606641309597124,-0.45271954194081815,0
1.08,0.0644413784463836,0.8449660504767909,-0.21194716469000682,0.6923446783438507,-0.9968899898066712,-0.603529318762386,0.22620555087113617,0.20818519433252908,-0.9978534447199953,0.7428307404159447,0.4829483926362481,-0.46810032404122315,0
1.1,0.03997731776322709,0.8590442060385486,-0.23153326535165436,0.676749373934473,-0.9980187076910183,-0.615194102046369,0.20349711153128983,0.18766537926593843,-0.99679167452169,0.7574094924751785,0.5049621965550701,-0.4833326455735135,0
1.12,0.015517468539257975,0.8725244174093808,-0.25101202663859484,0.6608364974922335,-0.9988928590565873,-0.6267231849507019,0.18069488878071732,0.1670690462941952,-0.9955206360266743,0.7716420598082083,0.5266902967007946,-0.49841210771955274,0
1.1400000000000001,-0.008923150662792537,0.8853936674199548,-0.27037566352820513,0.644612995373182,-0.9995136060994946,-0.6381142022781894,0.1578116863744499,0.14640545460797152,-0.9940419784889583,0.7855200090332745,0.548117476505007,-0.5133343710900501,0
1.16,-0.03332961888914538,0.897639259905543,-0.2896164685833622,0.6280859821897183,-0.9998821828468483,-0.6493648191474485,0.1348603114252392,0.12568388248653067,-0.9923573966777675,0.7990349971390951,0.5692285570237601,-0.528095157060666,0
1.18,-0.05768712317368269,0.9092488339039617,-0.30872681536004554,0.6112627376812623,-0.999999894114477,-0.660472731448549,0.11185356594391176,0.1049136224433093,-0.9904686298737485,0.8121787757232113,0.5900084052724717,-0.5426902490808515,0
1.2,-0.08198096873599123,0.9202103779303779,-0.32769916175436564,0.594150703472748,-0.9998681144433829,-0.6714356662921719,0.08880423842496828,0.08410397637062425,-0.9883774608554926,0.8249431952768114,0.6104419427218479,-0.5571154939545362,0
1.22,-0.10619658899027512,0.930512244318292,-0.3465260532868794,0.5767574797224275,-0.9994882870150683,-0.6822513824517775,0.06572509548470877,0.0632642506870315,-0.9860857148763968,0.837320209517138,0.6305141539585057,-0.5713668030917689,0
1.24,-0.13031955535696163,0.9401431636152761,-0.36520012632209703,0.5590908216605597,-0.9988619225458778,-0.6929176707982733,0.04262887355908767,0.042403751490868356,-0.9835952586318706,0.849301879768595,0.650210095513994,-0.5854401537304302,0
1.26,-0.1543355868691019,0.9490922590212868,-0.383714111221127,0.5411586360206747,-0.997990598160496,-0.703432354726651,0.0195282706684304,0.02153177972351669,-0.980907999216887,0.8608803793936725,0.669514904865938,-0.5993315901271368,0
1.28,-0.17823055956597392,0.9573490608565999,-0.40206083542544446,0.5229689773651934,-0.9968759562447338,-0.7137932905740708,-0.003564061743955,0.0006576263459287959,-0.9780258830738705,0.8720479982748112,0.6884138096150305,-0.6130372247164627,0
1.3,-0.20199051566659124,0.9649035210455973,-0.42023322646981387,0.5045300443072933,-0.9955197032777383,-0.7239983680288554,-0.02663552689231861,-0.020209432468045,-0.9749508949309049,0.8827971473483202,0.7068921368415924,-0.6265532392376135,0
1.32,-0.22560167251612778,0.9717460276018199,-0.4382243149224503,0.48585017563099964,-0.9939236086437525,-0.734045510529851,-0.04967359064132986,-0.04106014011799755,-0.9716850567302385,0.8931203631914523,0.7249353226453932,-0.6398758858276966,0
1.34,-0.24905043129858853,0.9778674190988405,-0.45602723725054334,0.46693784631159374,-0.9920895034235567,-0.7439326756556196,-0.0726657894045248,-0.061885264339446286,-0.9682304265470593,0.9030103126637281,0.7425289218723847,-0.6530014880807455,0
1.36,-0.272323385509373,0.9832589991106456,-0.4736352386093293,0.4478016634385111,-0.9900192791657196,-0.7536578555029125,-0.09559973794173116,-0.08267560193894789,-0.9645890974985082,0.9124597976035728,0.7596586180319393,-0.6659264420716606,0
1.3800000000000001,-0.29540732918169693,0.9879125506043221,-0.4910416755529419,0.4284503620430147,-0.9877148866377887,-0.763219077053883,-0.11846313704898886,-0.10342198349835317,-0.9607631966428953,0.9214617595813043,0.7763102334081026,-0.6786472173442524,0
1.4000000000000001,-0.3182892648611744,0.9918203502669335,-0.5082400186653341,0.4088928008330108,-0.9851783345575525,-0.7726144025314946,-0.1412437811346172,-0.12411527804472505,-0.9567548838690824,0.930009284709475,0.7924697393682666,-0.6911603578625807,0
1.42,-0.34095641132318866,0.9949751827475501,-0.5252238551096172,0.38913795783747435,-0.9824116883045115,-0.7818419297425814,-0.16392956567522068,-0.14474639768247788,-0.9525663507759927,0.938095608511525,0.8081232668725472,-0.7034624829248064,0
1.44,-0.36339621102801495,0.9973703547944573,-0.541986891094228,0.3691949259630403,-0.9794170686116952,-0.7908997924080255,-0.1865084945455745,-0.1653063021843146,-0.9481998195422142,0.9457141208496535,0.8232571171869909,-0.7155502880387842,0
1.46,-0.3855963373090023,0.9989997092666136,-0.5585229542543909,0.3490729084654074,-0.9761966502379736,-0.799786160479516,-0.2089686872164866,-0.18578600353757868,-0.9436575417856575,0.9528583709127556,0.8378577728035644,-0.7274205457586537,0
1.48,-0.4075447012894521,0.9998576389974758,-0.5748259959474096,0.32878121433829066,-0.972752660621016,-0.8084992404423664,-0.23129838581489184,-0.20617657044266735,-0.9389417974132405,0.9595220722652027,0.8519119085696676,-0.7390701064817013,0
1.5,-0.4292294585241855,0.9999391004883406,-0.5908900934603912,0.30832925362273794,-0.9690873785110568,-0.817037275603874,-0.2534859620406102,-0.22646913276020134,-0.9340548934605705,0.9656991079571653,0.8654064030296733,-0.7504958992047908,0
1.52,-0.4506390153621233,0.999239627407385,-0.6067094521290675,0.2877265326397173,-0.9652031325856422,-0.8253985463667082,-0.2755199239343633,-0.24665488590368442,-0.9289991629216046,0.9713835356970901,0.8783283499807257,-0.7616949322396879,0
1.54,-0.4717620350265575,0.9977553438696223,-0.6222784073664555,0.266982649148958,-0.9611023000455384,-0.8335813704868426,-0.297388922491838,-0.26672509517443715,-0.9237769635682749,0.9765695930868422,0.8906650702447226,-0.7726642938866329,0
1.56,-0.49258744341012883,0.9954829774720236,-0.6375914266001659,0.24610728743710683,-0.9567873051919981,-0.8415841033155393,-0.31908175811875783,-0.28667110003564156,-0.9183906767600769,0.9812517029199149,0.9024041236580604,-0.783401153065536,0
1.58,-0.5131044345818813,0.9924198720571062,-0.6526431111172472,0.22511021333834036,-0.952260617985594,-0.8494051380249249,-0.34058738692212986,-0.3064843183223902,-0.9128427062436268,0.9854244785429852,0.9135333212803421,-0.7939027599042136,0
1.6,-0.5333024760040985,0.9885640001773405,-0.6674281978155248,0.20400126919064146,-0.9475247525868459,-0.8570429058167038,-0.36189492683302027,-0.32615625038469415,-0.9071354769422096,0.9890827292809611,0.9240407378228168,-0.8041664462831047,0
1.62,-0.5531713134569816,0.9839139752318089,-0.6819415608604764,0.18279036873102483,-0.9425822658788816,-0.8644958761135821,-0.3829936635564216,-0.34567848316046446,-0.9012714337353521,0.9922214659255166,0.9339147242968573,-0.8141896263359522,0
1.6400000000000001,-0.5727009756695629,0.978469063245642,-0.6961782132467637,0.161487491933059,-0.937435755972398,-0.8717625567329893,-0.403873056343976,-0.36504269417555724,-0.8952530402284722,0.994835906286953,0.9431439208822627,-0.8239697969059566,0
1.6600000000000001,-0.5918817786555994,0.9722291942618814,-0.71013330826362,0.1401026797900994,-0.9320878606931989,-0.8788414940427063,-0.42452274358553915,-0.38424065546803593,-0.8890827775126725,0.9969214808090449,0.9517172700146115,-0.8335045379569654,0
1.68,-0.6107043297535226,0.9651949733145776,-0.7238021408633827,0.11864602904770462,-0.9265412560526182,-0.8857312730980424,-0.4449325482157768,-0.4032642374338881,-0.8827631429147667,0.9984738382463455,0.9596240296902747,-0.8427915129392844,0
1.7,-0.6291595313698672,0.9573676909511211,-0.7371801489325395,0.09712768688877038,-0.9207986547011551,-0.8924305177602146,-0.4650924829322117,-0.42210541259150824,-0.876296648737649,0.9994888514032151,0.9668537869870358,-0.8518284691097529,0
1.72,-0.6472385844259295,0.9487493332710453,-0.7502629144647468,0.07555784557496806,-0.9148628043656755,-0.8989378907956249,-0.48499275522136476,-0.4407562592623409,-0.8696858209911381,0.999962622933618,0.9733964717975334,-0.8606132378057588,0
1.74,-0.6649329915077404,0.9393425914478277,-0.7630461646353683,0.05394673704811984,-0.9087364862705603,-0.9052520939557512,-0.5046237721898529,-0.4592089651651714,-0.8629331981134548,0.9998914912004961,0.9792423707719715,-0.8691437346729239,0
1.76,-0.6822345597197728,0.9291508706995616,-0.7755257727771716,0.03230462749520187,-0.902422513543211,-0.9113718680374023,-0.5239761451975498,-0.47745583092163146,-0.8560413296835185,0.9992720361932695,0.984382141465695,-0.8774179598462264,0
1.78,-0.6991354032431163,0.9181782986737743,-0.7876977592569133,0.010641811880698656,-0.8959237296043527,-0.9172959929231205,-0.5430406942901398,-0.49548927347059313,-0.8490127751242734,0.9981010855017434,0.9888068266863292,-0.8854339980843916,0
1.8,-0.7156279455991879,0.9064297332111554,-0.7995582922526348,-0.011031391549923015,-0.8892430065436089,-0.9230232876015503,-0.5618084524286355,-0.5133018293892108,-0.8418501023972936,0.9963757203444099,0.9925078690342141,-0.8931900188574202,0
1.82,-0.7317049216203518,0.8939107694525041,-0.8111036884315894,-0.032704646791817144,-0.8823832434808521,-0.9285526101676292,-0.5802706695136689,-0.5308861581184748,-0.8345558866889393,0.9940932816488216,0.9954771256288334,-0.9006842763871803,0
1.84,-0.7473593791291437,0.880627746252855,-0.822330413528816,-0.054367605623601926,-0.8753473649138765,-0.9338828578024931,-0.5984188162026098,-0.5482350450912518,-0.827132709088378,0.9912513761813843,0.9977068830128385,-0.9079151096410504,0
1.86,-0.762584680328094,0.8665877518664659,-0.8332350828264714,-0.07600991316758285,-0.8681383190529709,-0.9390129667330303,-0.6162445875177999,-0.5653414047608766,-0.8195831552578188,0.9878478827235673,0.9991898722240938,-0.9148809422786452,0
1.8800000000000001,-0.777374502902457,0.8517986288661908,-0.8438144615341343,-0.09762121346346665,-0.8607590761430107,-0.9439419121710608,-0.6337399062444476,-0.5821982835284908,-0.8119098140953435,0.9838809582911604,0.9999192840249362,-0.9215802825517261,0
1.9000000000000001,-0.7917228408384395,0.8362689782606965,-0.8540654650703935,-0.11919115505166,-0.8532126267737301,-0.9486687082321619,-0.6508969261169641,-0.5987988625674177,-0.8041152763907626,0.9793490443928135,0.9998887842765238,-0.9280117231574483,0
1.92,-0.8056240049598203,0.8200081627730312,-0.8639851592461318,-0.14070939656223094,-0.8455019801788761,-0.9531924078342017,-0.6677080347927723,-0.6151364605429903,-0.7962021334749634,0.9742508733236841,0.9990925294447658,-0.9341739410451637,0
1.94,-0.819072623186141,0.8030263092442411,-0.8735707603500268,-0.16216561230559912,-0.8376301625249908,-0.9575121025756964,-0.6841658566128695,-0.6312045362263632,-0.7881729758632605,0.9685854744895847,0.9975251822228663,-0.9400656971770601,0
1.96,-0.8320636405159159,0.7853343101260198,-0.8828196351368794,-0.1835494978610133,-0.8296002151906119,-0.9616269225941486,-0.7002632551486707,-0.6469966910009586,-0.7800303918933075,0.9623521807565646,0.9951819272539831,-0.9456858362429772,0
1.98,-0.8445923187385926,0.7669438240268315,-0.8917293007194989,-0.2048507756588748,-0.821415193036733,-0.9655360364045786,-0.7159933355349026,-0.6625066712603231,-0.7717769663581718,0.9555506348203856,0.9920584869358932,-0.951033286329812,0
2.0,-0.8566542358792621,0.7478672752765252,-0.9002974243649688,-0.22605920055296266,-0.8130781626694074,-0.9692386507185091,-0.7313494465885781,-0.677728370696293,-0.7634152791352271,0.9481807955898486,0.9881511372878802,-0.9561070585459874,0
2.02,-0.868245285380367,0.7281178524751956,-0.9085218231962254,-0.24716456537862455,-0.8045922006954317,-0.9727340102437166,-0.7463251827143139,-0.6926558324764964,-0.7549479038115655,0.9402429445774079,0.9834567238583062,-0.9609062466015275,0
2.04,-0.8793616750249176,0.7077095059929419,-0.9164004637999854,-0.2681567064930067,-0.7959603919721001,-0.9760213974651196,-0.760914385596509,-0.7072832513103501,-0.7463774063066839,0.9317376922899665,0.9779726776495049,-0.965430026344353,0
2.06,-0.889999925605971,0.6866569443882271,-0.9239314617421679,-0.28902550929341214,-0.7871858278520643,-0.9791001324072205,-0.7751111456791465,-0.7216049754028343,-0.7377063434932551,0.922665984612176,0.9716970310347468,-0.9696776552534787,0
2.08,-0.9001568693473619,0.6649756297137681,-0.9311130809920546,-0.30976091370989295,-0.7782716044243948,-0.9819695723785857,-0.7889098034342202,-0.73561550829547,-0.728937261816844,0.9130291091739824,0.964628433640065,-0.9736484718898641,0
2.1,-0.9098296480809099,0.642681771680286,-0.9379437332565475,-0.3303529196682051,-0.7692208207529895,-0.9846291116988941,-0.8023049504200307,-0.7493095105940495,-0.7200726959154906,0.9028287016935446,0.9567661681617133,-0.9773418953057438,0
2.12,-0.919015711185546,0.6197923206500208,-0.944421977225978,-0.35079159251928443,-0.7600365771135325,-0.9870781814091477,-0.8152914301308409,-0.7626818015828107,-0.7111151672401348,0.8920667522860267,0.948110166087948,-0.9807574244133315,0
2.14,-0.9277128132940213,0.5963249594336746,-0.9505465177330379,-0.3710670684314301,-0.7507219732302616,-0.9893162489656945,-0.8278643386396093,-0.7757273607248787,-0.7020671826769189,0.8807456117281123,0.9386610232916941,-0.9838946373138688,0
2.16,-0.9359190117730641,0.5722980938663936,-0.9563162048264966,-0.3911695597414193,-0.7412801065138594,-0.991342817918774,-0.8400190250357599,-0.7884413290489413,-0.692931233172462,0.8688679976674214,0.9284200154584746,-0.9867531905880593,0
2.18,-0.943632663983056,0.5477308421405306,-0.9617300327614826,-0.41108936026081827,-0.7317140703018419,-0.9931574275763524,-0.8517510916601788,-0.8008190104222496,-0.6837097923632599,0.8564370007653227,0.9173891133117613,-0.9893328185490006,0
2.2,-0.9508524243234789,0.5226430228752463,-0.966787138908205,-0.4308168505337943,-0.7220269521028739,-0.9947596526540755,-0.8630563941398536,-0.8128558727101926,-0.6744053152104288,0.8434560907609286,0.9055709975956474,-0.9916333324588058,0
2.22,-0.9575772410705814,0.49705514190552946,-0.9714868025810933,-0.45034250304278506,-0.7122218318465026,-0.9961491029122275,-0.8739310412247965,-0.8245475488228124,-0.6650202366410667,0.8299291224433418,0.8929690737724634,-0.9936546197101732,0
2.24,-0.9638063530138721,0.47098837777589814,-0.9758284437904396,-0.4696568873584317,-0.7023017801398539,-0.9973254227806412,-0.8843713944301171,-0.8358898376487812,-0.6555569701975745,0.815860341518485,0.879587486390655,-0.9953966429742379,0
2.2600000000000002,-0.9695392858982248,0.4444645659269483,-0.979811621918722,-0.4887506752302368,-0.6922698565328995,-0.9982882909725673,-0.8943740674863231,-0.8468787048774878,-0.6460179066963377,0.8012543903561019,0.8654311330759435,-0.9968594393161118,0
2.2800000000000002,-0.974775848678529,0.417506181565968,-0.9834360343238885,-0.5076146456144713,-0.6821291077939586,-0.9990374200885667,-0.9039359256011398,-0.8575102837100259,-0.6364054128972325,0.7861163136017579,0.850505678096484,-0.9980431192795898,0
2.3000000000000003,-0.9795161295939732,0.3901363212161012,-0.9867015148719825,-0.5262396896359126,-0.6718825661971566,-0.9995725562115496,-0.9130540845363492,-0.8677808754600115,-0.6267218301854833,0.7704515636379033,0.8348175654504623,-0.9989478659425713,0
2.32,-0.9837604920691805,0.3623786829419542,-0.9896080324015747,-0.5446168154800675,-0.661533247823619,-0.9998934784941431,-0.9217259095033524,-0.8776869500452901,-0.6169694732674611,0.7542660058772945,0.8183740314223169,-0.9995739339448156,0
2.34,-0.9875095704495521,0.3342575452531359,-0.9921556891225705,-0.5627371532125998,-0.6510841508782405,-0.999999998739625,-0.9299490138813504,-0.8872251463717336,-0.607150628882072,0.7375659238712912,0.8011831165515797,-0.9999216484897183,0
2.36,-0.9907642655782906,0.30579774469097454,-0.9943447189520468,-0.5805919595227619,-0.6405382540239178,-0.9998919609777163,-0.9377212577622371,-0.8963922726104542,-0.5972675545294492,0.7203580242147755,0.7832536769561755,-0.9999914043218646,0
2.38,-0.993525740222687,0.2770246521075424,-0.9961754857898599,-0.5981726223876975,-0.6298985147351974,-0.9995692410365823,-0.9450407463264804,-0.9051853063699022,-0.5873224772187189,0.7026494412286676,0.7645953949499821,-0.9997836646821815,0
2.4,-0.9957954143573594,0.24796414765016853,-0.9976484817368538,-0.6154706656545746,-0.6191678676733361,-0.999031746112441,-0.9519058280544465,-0.9136013947644349,-0.577317592236672,0.6844477414002542,0.7452187888924691,-0.9992989602425709,0
2.42,-0.9975749603122182,0.2186425944687757,-0.9987643252585788,-0.6324777535375775,-0.6083492230848286,-0.9982794143382318,-0.9583150927777959,-0.921637854381078,-0.567255061939231,0.6657609275607862,0.725135222206413,-0.998537888021975,0
2.44,-0.9988662977930226,0.18908681116765064,-0.9995237592975103,-0.6491856950268876,-0.5974454652255067,-0.9973122143528435,-0.9642673695757483,-0.9292921711463267,-0.5571370145676554,0.6465974427790702,0.7043569114979649,-0.997501110285877,0
2.46,-0.999671588782459,0.15932404302763428,-0.9999276493368318,-0.6655864482068585,-0.5864594508123573,-0.9961301448724522,-0.9697617245211656,-0.9365620000949483,-0.5469655430914868,0.6269661739490613,0.6828969337118118,-0.9961893534313039,0
2.48,-0.9999932323297405,0.12938193202916087,-0.9999769814189212,-0.6816721244806908,-0.5753940075052616,-0.9947332342655574,-0.9747974582815665,-0.9434451650428753,-0.5367427040802841,0.6068764550487687,0.6607692322528084,-0.9946034068594505,0
2.5,-0.9998338592367755,0.09928848571109361,-0.9996728601217432,-0.6974349926990012,-0.5642519324208914,-0.993121540133353,-0.9793741035803158,-0.9499396581663911,-0.5264705166062509,0.5863380700471188,0.6379886220042936,-0.9927441218380929,0
2.52,-0.9991963266490006,0.06907204490484956,-0.999016506496418,-0.7128674831897834,-0.5530359906810467,-0.991295148897105,-0.9834914225233806,-0.9560436394899202,-0.5161509611799026,0.5653612554347988,0.6145707931723887,-0.9906124103560131,0
2.54,-0.9980837125590032,0.03876125038788892,-0.9980092559692954,-0.7279621916873472,-0.5417489139977506,-0.9892541753942435,-0.987149403797166,-0.9617554362848508,-0.5057859787209669,0.5439567023545067,0.5905323138848877,-0.9882092439716978,0
2.56,-0.9964993102310835,0.00838500850521241,-0.9966525562119147,-0.7427118831579336,-0.5303933992974565,-0.9869987624849116,-0.9903482597430677,-0.9670735423819135,-0.49537746956675033,0.522135558305494,0.5658906314729639,-0.9855356526586168,0
2.58,-0.9944466225549182,-0.0220275441879376,-0.9949479649822878,-0.7571094955197974,-0.5189721073867493,-0.9845290806707395,-0.9930884233144874,-0.9719966173997456,-0.4849272925202404,0.4999094283967941,0.5406640723638214,-0.9825927236494234,0
2.6,-0.9919293563364899,-0.05244707720447754,-0.992897147940978,-0.7711481432556593,-0.5074876616619483,-0.9818453277276392,-0.99537054492216,-0.9765234858923653,-0.4744372639402492,0.47729037612309655,0.5148718405126586,-0.9793816002814547,0
2.62,-0.9889514165344385,-0.08284410326285425,-0.9905018764454971,-0.7848211209155312,-0.4959426468650479,-0.9789477283544346,-0.9971954891737389,-0.9806531364183707,-0.4639091568759284,0.45429092363686185,0.4885340143029016,-0.9759034808459335,0
2.64,-0.9855169004499724,-0.1131890162169288,-0.9877640253265658,-0.7981219065080296,-0.4843396078884394,-0.9758365338391588,-0.9985643315136615,-0.9843847205347629,-0.4533447002480137,0.4309240514899711,0.46167154184464193,-0.9721596174433037,0
2.66,-0.9816300918784471,-0.143452129707707,-0.9846855706498203,-0.8110441647783945,-0.4726810486308805,-0.9725120217448631,-0.9994783547694019,-0.9877175517183727,-0.44274557807917503,0.4072031978179921,0.434306234602578,-0.9681513148471441,0
2.68,-0.9772954552306791,-0.1736037164621803,-0.9812685874665611,-0.823581750371548,-0.4609694309071788,-0.9689744956167864,-0.9999390456102737,-0.9906511042179477,-0.4321134287758609,0.3831422569400065,0.4064607592865731,-0.9638799293791243,0
2.7,-0.9725176296320119,-0.2036140481606741,-0.9775152475571615,-0.8357287108786318,-0.4492071734140612,-0.9652242847127399,-0.9999480909250048,-0.993185011840021,-0.4214498444640366,0.3587555773469104,0.37815862794018174,-0.9593468677974705,0
2.72,-0.9673014230070895,-0.233453435790399,-0.9734278171707562,-0.8474792897655741,-0.4373966507546969,-0.9612617437585521,-0.9995073741243503,-0.9953190666717472,-0.41075637038121526,0.3340579590511561,0.3494241861652225,-0.9545535862014156,0
2.74,-0.9616518061582181,-0.2630922703994638,-0.9690086547648357,-0.8588279291823484,-0.4255401925243301,-0.9570872527304187,-0.9986189713750403,-0.9970532177439466,-0.40003450432717824,0.3090646502710777,0.32028259942367754,-0.9495015889540998,0
2.7600000000000002,-0.9555739068451141,-0.2925010641623974,-0.9642602087483632,-0.8697692726517029,-0.4136400824594625,-0.9527012166659776,-0.9972851477713878,-0.9983875696376467,-0.3892856961757707,0.28379134342322243,0.2907598373619152,-0.9441924276263832,0
2.7800000000000002,-0.9490730038737433,-0.32165049166531023,-0.9591850152320207,-0.8802981676362367,-0.4016985576530034,-0.9481040655059156,-0.9955083534508865,-0.9993223810374532,-0.3785113474501374,0.2582541703965153,0.2608826561064546,-0.9386276999640112,0
2.8000000000000003,-0.942154521201842,-0.35051143131620316,-0.9537856957891677,-0.8904096679828317,-0.3897178078377729,-0.9432962539678825,-0.9932912196601378,-0.9998580632351143,-0.3677128109637423,0.2324696970826251,0.23067857848525425,-0.9328090488805547,0
2.82,-0.9348240220686039,-0.37905500678363924,-0.9480649552310645,-0.9000990362435369,-0.3776999747407053,-0.9382782614544559,-0.9906365547774276,-0.9999951785866737,-0.35689139052947794,0.20645491713755967,0.20017587213380109,-0.9267381614785134,0
2.84,-0.9270872031558771,-0.4072526283650484,-0.9420255793998843,-0.9093617458721315,-0.36564715151005706,-0.9330505919968588,-0.9875473402982585,-0.9997344389266231,-0.3460483407391322,0.18022724495033568,0.16940352545111126,-0.9204167681009368,0
2.86,-0.9189498887880837,-0.435076034184345,-0.9356704329829795,-0.9181934832956887,-0.3535613822178648,-0.9276137742360857,-0.9840267267901046,-0.9990767039424757,-0.33518486681542903,0.1538045077955288,0.1383912213771345,-0.9138466414158699,0
2.88,-0.910418025177914,-0.4624973311173549,-0.9290024573518281,-0.9265901498605823,-0.34144466143984176,-0.9219683614430404,-0.9800780298226133,-0.9980229795131909,-0.32430212453879953,0.1272049371476148,0.10716930896996209,-0.9070295955358851,0
2.9,-0.9014976747246923,-0.4894890353427404,-0.9220246684290111,-0.9345478636524714,-0.32929893391482634,-0.9161149315792213,-0.9757047258794224,-0.9965744160148678,-0.31340122025097483,0.1004471591362953,0.07576877276869248,-0.8999674851748906,0
2.92,-0.8921950103721296,-0.5160241124157423,-0.914740154586511,-0.942062961189924,-0.3171260942858186,-0.9100540873994328,-0.9709104482576872,-0.9947323065971172,-0.3024832109374122,0.0735501841234215,0.04422119993575443,-0.8926622048443543,0
2.94,-0.8825163100319959,-0.5420760167620957,-0.9071520745785329,-0.9491319989914198,-0.30492798692455275,-0.9037864565979126,-0.9656989829613359,-0.9924980854334953,-0.29154910439048143,0.0465333953837446,0.012558745180952471,-0.8851156880909925,0
2.96,-0.8724679510800485,-0.5676187304899653,-0.8992636555119674,-0.9557517550156012,-0.2927064058414525,-0.89731269199919,-0.9600742645939764,-0.9898733259493552,-0.2805998594552403,0.01941653687348303,-0.019185906521582204,-0.8773299067778964,0
2.98,-0.8620564049303356,-0.5926268014186653,-0.8910781908575139,-0.9619192299747197,-0.28046309468271324,-0.8906334717948988,-0.9540403722572715,-0.9868597390304277,-0.2696363863595226,-0.007780299927359573,-0.05097957940298133,-0.8693068704109793,0
3.0,-0.8512882316937905,-0.6170753802243077,-0.8825990385043715,-0.9676316485213374,-0.26819974681613457,-0.8837494998276664,-0.9476015254604819,-0.9834591712153965,-0.2586595471299454,-0.03503669011087239,-0.08278864852544035,-0.8610486255125255,0
3.02,-0.8401700749267798,-0.6409402566043302,-0.8738296188612972,-0.9728864603084324,-0.25591800550720206,-0.8766615059230988,-0.9407620800467502,-0.9796736028756752,-0.24767015609531545,-0.06233189038496874,-0.11457908352376259,-0.8525572550435102,0
3.04,-0.8287086564750473,-0.6641978943651291,-0.8647734130066964,-0.9776813409231534,-0.24361946418678096,-0.8693702462707663,-0.9335265241415502,-0.9755051463855243,-0.2366689804787772,-0.08964485507217124,-0.14631649441172132,-0.8438348778762557,0
3.06,-0.8169107714182288,-0.6868254653397202,-0.8554339608902833,-0.9820141926945553,-0.23130566681163806,-0.8618765038549735,-0.9258994741285798,-0.970956044285571,-0.2256567410798987,-0.11695425306801437,-0.17796617939158796,-0.8348836483188496,0
3.08,-0.8047832831198553,-0.7088008820454845,-0.8458148595886991,-0.9858831453757412,-0.21897810831885295,-0.8541810889359727,-0.9178856706582066,-0.9660286674427091,-0.21463411304773297,-0.14423848576082873,-0.20949317459424785,-0.8257057556926369,0
3.1,-0.7923331183874902,-0.7301028289956178,-0.835919761617328,-0.9892865567009154,-0.2066382351750148,-0.8462848395821417,-0.9094899746933981,-0.9607255132092636,-0.20360172674572555,-0.1714757059117167,-0.2408623056662479,-0.8163034239639387,0
3.12,-0.7795672627473623,-0.7507107925818598,-0.8257523733003923,-0.9922230128179352,-0.19428744602092624,-0.8381886222535069,-0.9007173635978794,-0.9550492035841978,-0.19256016870916048,-0.1986438374904006,-0.272038241108971,-0.8066789114310216,0
3.14,-0.7664927558375606,-0.7706050894504348,-0.8153164532012259,-0.9946913285970301,-0.18192709241235153,-0.8298933324368424,-0.8915729272710663,-0.9490024833790318,-0.18150998269565047,-0.2257205964593708,-0.3029855472639875,-0.7968345104671705,0
3.16,-0.7531166869235632,-0.7897668932978555,-0.8046158106144649,-0.9966905478164264,-0.1695584796571549,-0.8213998953324257,-0.8820618643341052,-0.9425882183910211,-0.17045167082897886,-0.25268351249534443,-0.33366874482755315,-0.7867725473205736,0
3.18,-0.7394461905395551,-0.808178260018314,-0.793654304121695,-0.9982199432256922,-0.15718286774897144,-0.8127092665923654,-0.8721894783711347,-0.935809393586013,-0.15938569483639556,-0.2795099516335224,-0.3640523667663186,-0.7764953819715386,0
3.2,-0.7254884422586774,-0.8258221511397698,-0.7824358402119121,-0.9992790164876818,-0.14480147239734442,-0.8038224331102504,-0.8619611742296549,-0.9286691112932633,-0.14831247737925363,-0.30617713981646955,-0.39410101749563387,-0.7660054080474042,0
3.22,-0.7112506545950233,-0.8426824554915373,-0.7709643719679408,-0.9998674980000241,-0.13241546615404448,-0.794740413861701,-0.8513824543836406,-0.9211705894143529,-0.13723240347665008,-0.33266218732570063,-0.4237794331714958,-0.755305052795315,0
3.24,-0.6967400730398661,-0.8587440090521217,-0.7592438978197655,-0.9999853465971603,-0.12002597963506105,-0.7854642607952277,-0.8404589153628013,-0.9133171596481866,-0.12614582202150332,-0.35894211407020027,-0.45305254293726577,-0.7443967771128502,0
3.2600000000000002,-0.6819639722342611,-0.8739926129322315,-0.747278460365497,-0.9996327491339934,-0.10763410283752431,-0.7759950597726128,-0.8291962442511178,-0.905112265733909,-0.11505304738826141,-0.3849938757022037,-0.48188553095686215,-0.7332830756363004,0
3.2800000000000002,-0.6669296522798318,-0.8884150494542856,-0.7350721452604988,-0.9988101199522643,-0.09524088655057705,-0.7663339315578622,-0.8176002152575315,-0.8965594617133938,-0.10395436113119044,-0.41079439052658634,-0.5102438990573233,-0.7219664768861913,0
3.3000000000000003,-0.651644435189192,-0.901999096296276,-0.7226290801749549,-0.997518100230822,-0.08284734385897313,-0.7564820328535743,-0.8056766863613831,-0.8876624102148031,-0.09285001377194241,-0.4363205671662188,-0.5380935297954985,-0.7104495434694524,0
3.3200000000000003,-0.6361156614771042,-0.9147335386745171,-0.7099534338199526,-0.9957575572209979,-0.07045445173792922,-0.7464405573833872,-0.7934315960349271,-0.8784248807585322,-0.08174022667484633,-0.46154933294162676,-0.565400749756269,-0.6987348723374283,0
3.34,-0.6203506868931374,-0.9266081795465902,-0.6970494150419091,-0.993529583368342,-0.05806315273750515,-0.7362107370189795,-0.7808709600449506,-0.8688507480866751,-0.07062519400810748,-0.4864576629192894,-0.592132392883186,-0.6868250950987197,0
3.36,-0.6043568792962066,-0.937613847822596,-0.6839212719849449,-0.990835495322014,-0.0456743567545318,-0.7257938429499018,-0.7680008683352567,-0.8589439905169619,-0.05950508478883732,-0.5110226095789395,-0.6182558636368515,-0.6747228783856429,0
3.38,-0.588141615671042,-0.9477424045796736,-0.6705732913205718,-0.9876768328331645,-0.03328894288984842,-0.7151911868943289,-0.7548274819914618,-0.8487086883219338,-0.04838004500957297,-0.5352213330463131,-0.6437391997717881,-0.662430924272871,0
3.4,-0.5717122792862648,-0.9569867472815553,-0.6570097975438235,-0.9840553575436691,-0.020907761388352094,-0.7044041223486258,-0.7413570302892709,-0.838149022133923,-0.037250199843679783,-0.5590311318339609,-0.668551134519055,-0.6499519707466347,0
3.42,-0.5550762569934093,-0.9653408120116689,-0.6432351523347283,-0.9799730516666144,-0.008531635659103764,-0.6934340458734403,-0.7275958078271021,-0.8272692713762216,-0.02611565592676638,-0.5824294740290054,-0.6926611579595107,-0.6372887922226321,0
3.44,-0.5382409366658525,-0.9727995737349667,-0.629253753983778,-0.9754321165599614,0.0038386356275226193,-0.6822823984138381,-0.7135501717436176,-0.8160738127206246,-0.01497650371097813,-0.6053940288631342,-0.7160395773714401,-0.6244442001106079,0
3.46,-0.5212137047762962,-0.9793590446101719,-0.6150700368798308,-0.9704349711948367,0.0162022763689165,-0.6709506666508184,-0.6992265390204464,-0.8045671185713397,-0.003832819888774693,-0.6279026985966819,-0.738657576336324,-0.6114210434233424,0
3.48,-0.504001944111075,-0.9850162703804903,-0.6006884710586332,-0.964984250519928,0.02855853078905333,-0.6594403843813721,-0.6846313838700646,-0.792753755575062,0.007315330117459093,-0.6499336506454034,-0.7604872723878382,-0.5982222094276092,0
3.5,-0.48661303161924907,-0.9897693248769872,-0.5861135618099449,-0.9590828037234796,0.04090666113083132,-0.6477531339240574,-0.6697712352085187,-0.7806383831568249,0.01846788960387127,-0.6714653498755023,-0.781501772991771,-0.5848506243344542,0
3.52,-0.46905433639408917,-0.993617302674743,-0.5713498493410119,-0.9527336923944077,0.05324594528593181,-0.6358905475469173,-0.654652674212392,-0.7682257520810417,0.029624807975816462,-0.6924765909896753,-0.8016752296484401,-0.5713092540259574,0
3.54,-0.4513332177842639,-0.9965603099475635,-0.5564019084939217,-0.9459401885840691,0.06557567436644703,-0.6238543089143908,-0.6392823319591135,-0.7555207030369767,0.040786038085129234,-0.7129465309243904,-0.8209828899143753,-0.5576011048154693,0
3.56,-0.43345702363170674,-0.9985994535723801,-0.541274348514176,-0.9387057727702375,0.07789515022274536,-0.611646154549714,-0.6236668871494453,-0.7425281652476887,0.05195153351860877,-0.7328547211763687,-0.8394011471465114,-0.5437292242381226,0
3.58,-0.41543308863284717,-0.9997368285395278,-0.5259718128676,-0.9310341317248589,0.09020368291226077,-0.599267875309179,-0.6078130639107077,-0.7292531551013319,0.0631212458425444,-0.7521811399742855,-0.8569075877798602,-0.5296967018682649,0
3.6,-0.39726873281961095,-0.9999755037298004,-0.5104989791025318,-0.9229291562871712,0.10250058812409897,-0.5867213178644661,-0.5917276296790334,-0.7157007748035079,0.07429512180831736,-0.7709062242100977,-0.8734810359585894,-0.5155066701602916,0
3.62,-0.3789712601563007,-0.9993195061235365,-0.49486055875404145,-0.9143949390437865,0.11478518456454727,-0.5740083861891507,-0.5754173931586933,-0.7018762110492165,0.08547310052430747,-0.789010901043136,-0.8891015953505581,-0.50116230530922,0
3.64,-0.36054795724822103,-0.997773803510971,-0.47906129728676794,-0.9054357719173581,0.127056791308756,-0.5611310430453722,-0.5588892023562901,-0.6877847337127833,0.09665511059951294,-0.806476619089205,-0.9037506879866185,-0.4866668281272005,0
3.66,-0.3420060921576613,-0.995344285776675,-0.4631059740728026,-0.896056143665458,0.13931472512402676,-0.5480913114665484,-0.5421499426873808,-0.6734316945540049,0.1078410672644559,-0.8232853791064165,-0.9174110899782681,-0.47202350493204087,0
3.68,-0.3233529133226199,-0.9920377448341009,-0.4469994024008875,-0.8862607372913157,0.15155829777029495,-0.5348912762319343,-0.5252065351528712,-0.6588225259386001,0.11903086947509459,-0.8394197640893725,-0.9300669639805039,-0.4572356484437049,0
3.7,-0.30459564857343957,-0.9878618532890334,-0.430746429513091,-0.8760544273680766,0.16378681328352984,-0.5215330853287486,-0.508065934582318,-0.6439627395709453,0.13022439700559446,-0.8548629686835951,-0.9417038882808567,-0.4423066186846551,0
3.72,-0.28574150424232797,-0.982825141913112,-0.4143519366649723,-0.8654422772782631,0.17599956524789515,-0.508018951397524,-0.49073512794107305,-0.6288579252369292,0.14142150753592478,-0.8695988278328217,-0.9523088824104883,-0.42723982387981035,0
3.74,-0.26679766436057006,-0.9769369760105502,-0.3978208392051676,-0.854429536370131,0.18819583406261478,-0.494351153156304,-0.47322113269803406,-0.6135137495546824,0.1526220337403414,-0.8836118445728969,-0.9618704291888028,-0.41203872135183234,0
3.7600000000000002,-0.24777128993806513,-0.9702075307627132,-0.3811580866702289,-0.8430216370326344,0.20037488420957186,-0.48053203679925804,-0.4555309952505994,-0.597935954730813,0.16382578038289353,-0.8968872168875629,-0.9703784931291526,-0.3967068184073926,0
3.7800000000000002,-0.2286695183197074,-0.9626477656363424,-0.3643686628904674,-0.8312241916907334,0.21253596152773313,-0.4665640173652897,-0.43767178940326973,-0.5821303573197143,0.17503252142614728,-0.9094108635434123,-0.9778245351497726,-0.38124767321003256,0
3.8000000000000003,-0.2094994626129863,-0.9542693979419365,-0.34745758610251665,-0.8190429897227939,0.22467829050053698,-0.45244958007218905,-0.4196506148962165,-0.5661028469834379,0.18624199715935585,-0.9211694488236675,-0.9842015235509498,-0.3656648956352003,0
3.8200000000000003,-0.19026821118111134,-0.9450848756291248,-0.3304299090642572,-0.8064839943018551,0.2368010715624082,-0.4381912816119158,-0.4014745959800177,-0.5498593852495496,0.19745391135232088,-0.9321504060832653,-0.9895039412364773,-0.34996214810304743,0
3.84,-0.17098282719587846,-0.9351073494058015,-0.31329071916775286,-0.7935533391625571,0.24890347843056815,-0.4237917514026083,-0.3831508800326654,-0.533406004264364,0.20866792844118515,-0.9423419600509212,-0.9937277891745615,-0.3341431463845662,0
3.86,-0.151650348244439,-0.9243506442673608,-0.2960451385458119,-0.7802573252955476,0.26098465546829414,-0.4092536927929679,-0.36468663621486785,-0.5167488055388982,0.21988367075236995,-0.9517331478074621,-0.9968705861103755,-0.3182116603766768,0
3.88,-0.1322777859841079,-0.9128292305215666,-0.27869832416781376,-0.7666024175712113,0.2730437150857476,-0.39457988421472784,-0.3460890541596075,-0.49989395868487996,0.23110071577082497,-0.9603138383736746,-0.9989313645592981,-0.30217151484190646,0
3.9,-0.11287212583933813,-0.9005581943934708,-0.2612554679204523,-0.7525952412945859,0.28507973518443575,-0.37977318027898205,-0.32736534269187295,-0.4828477001381294,0.24231859345869042,-0.9680747508452486,-0.999910663126389,-0.2860265901083635,0
3.92,-0.0934403267349863,-0.8875532082933192,-0.24372179666909663,-0.7382425786933641,0.29709175665129534,-0.36483651281224294,-0.30852272857445256,-0.46561633186664825,0.2535367836303846,-0.9750074710170483,-0.9998105152137288,-0.2697808227257707,0
3.94,-0.07398932086003268,-0.8738305008286352,-0.22610257229552583,-0.723551365340895,0.3090787809082953,-0.3497728918281984,-0.289568455275669,-0.4482062200607613,0.26475471339002277,-0.981104466443902,-0.998634434192778,-0.25343820607341633,0
3.96,-0.054526013455973285,-0.8594068266396242,-0.2084030917078564,-0.7085286865161419,0.32103976752333996,-0.3345854064312599,-0.27050978175494755,-0.43062379380269256,0.2759717546369466,-0.9863590998903502,-0.9963873951337654,-0.23700279091596646,0
3.98,-0.035057282624163515,-0.8442994361347371,-0.19062868681858322,-0.6931817735025659,0.33297363188812285,-0.3192772256481068,-0.25135398126212466,-0.4128755437129977,0.2871872216449996,-0.9907656411272703,-0.9930758131982212,-0.2204786859032118,0
4.0,-0.015589979146484191,-0.8285260452006982,-0.17278472448674836,-0.6775179998279462,0.34487924296843275,-0.30385159918359733,-0.23210834014644885,-0.3949680205713377,0.29840036872102,-0.9943192770390149,-0.9887075188140196,-0.20387005800993585,0
4.0200000000000005,0.0038690736861844905,-0.8121048049585466,-0.1548766064203658,-0.661544877447171,0.3567554211322455,-0.28831185809754895,-0.212780156671294,-0.3769078339091368,0.3096103879478435,-0.9970161200105885,-0.9832917297646117,-0.1871811329122349,0
4.04,0.02331308024308126,-0.7950542716343044,-0.13690976903536792,-0.6452700528700612,0.36860093606075245,-0.27266141539907257,-0.1933767398306587,-0.35870165057175635,0.32081640701691355,-0.9988532145704273,-0.9768390203354456,-0.17041619529677832,0
4.0600000000000005,0.04273527272551829,-0.7773933766097748,-0.11888968326747422,-0.6287013032363209,0.38041450474727834,-0.2569037665553041,-0.1739054081636266,-0.34035619324790006,0.33201748715538343,-0.9998285422705141,-0.9693612876708196,-0.15357958909964917,0
4.08,0.06212891134677191,-0.7591413967157323,-0.10082185433354314,-0.6118465323397387,0.39219478958882814,-0.24104248991158375,-0.1543734885630606,-0.32187823896406076,0.3432126211523733,-0.9999410247917838,-0.9608717155035503,-0.13667571767158512,0
4.1,0.08148728452482783,-0.7403179248263968,-0.08271182143912838,-0.5947137666037853,0.40394039657477643,-0.22508124702030094,-0.1347883150749152,-0.30327461754193974,0.3544007314888046,-0.9991905252690616,-0.9513847354278238,-0.1197090438666319,0
4.12,0.10080370909271047,-0.7209428408106328,-0.06456515742913607,-0.5773111510107876,0.4156498735769754,-0.2090237828758448,-0.11515722768468561,-0.28455221001687475,0.36558066857498805,-0.9975778478360509,-0.9409159858924013,-0.10268409005139251,0
4.14,0.1200715305309329,-0.7010362828917791,-0.04638746837866924,-0.5596469449868806,0.42732170874530623,-0.19287392605329853,-0.0954875710876458,-0.26571794701544205,0.3767512090998793,-0.9951047353971354,-0.9294822690969683,-0.0856054380322771,0
4.16,0.13928412322638864,-0.6806186194644407,-0.028184393121331024,-0.541729518244964,0.43895432901244197,-0.17663558874873064,-0.07578669343967775,-0.24677880709053107,0.38791105449565066,-0.9917738656389427,-0.9171015059788218,-0.06847772889835206,0
4.18,0.15843489076178363,-0.6597104214129637,-0.009961602712464336,-0.5235673465879191,0.45054609871132095,-0.16031276671915481,-0.05606194508565333,-0.22774181501232377,0.3990588295209488,-0.9875888453006815,-0.9037926894803177,-0.05130566277760861,0
4.2,0.17751726623947556,-0.6383324349727029,0.008275200174991216,-0.5051690076743561,0.46209531830855444,-0.14390953912045606,-0.03632067726250758,-0.2086140400137587,0.41019308096592666,-0.9825542027282066,-0.889575836289544,-0.034093998504674816,0
4.22,0.19652471264335206,-0.6165055551715858,0.026520281924131806,-0.4865431767491859,0.47360022325671186,-0.127430068241798,-0.016570240774297394,-0.18940259398920806,0.42131227648185066,-0.9766753787425191,-0.8744719372475797,-0.016847553198238028,0
4.24,0.21545072324212902,-0.5942507998859041,0.044767878719106646,-0.46769862234133114,0.48505898296814154,-0.11087859913526071,0.0031820153632493835,-0.1701146296452402,0.4324148035377902,-0.9699587158589714,-0.8585029066154778,0.00042879825334638574,0
4.26,0.23428882203720103,-0.5715892845407368,0.06301219736318438,-0.4486442019308966,0.49646969991269296,-0.09425945913968652,0.02292874531102975,-0.15075733860250878,0.44349896850660475,-0.9624114458987689,-0.8416915303928307,0.017730123799561143,0
4.28,0.25303256425791304,-0.5485421974819337,0.0812474161713302,-0.4293888575881545,0.5078304088414173,-0.07757705729793074,0.042662607829825575,-0.13133794944795044,0.45456299588214616,-0.9540416760394188,-0.8240614138774515,0.03505143492939754,0
4.3,0.27167553690687435,-0.5251307760432177,0.09946768593851198,-0.40994161158667874,0.5191390761380286,-0.060835883666954436,0.06237626774046236,-0.11186372573665594,0.46560502762929806,-0.9448583733555631,-0.8056369286524468,0.05238768746804481,0
4.32,0.29021135935766706,-0.501376283328635,0.1176671309847506,-0.39031156199300887,0.5303935992996153,-0.04404050852040503,0.08206239742259647,-0.09234196394290632,0.47662312266818047,-0.9348713479060914,-0.7864431591827717,0.06973378246919776,0
4.34,0.30863368400702995,-0.47729998572740817,0.1358398502776889,-0.3705078782351995,0.541591806547798,-0.02719558144357758,0.10171367835366064,-0.07277999136006041,0.48761525649355314,-0.9240912344275799,-0.7665058491983663,0.08708456720336925,0
4.36,0.3269361969833556,-0.4529231311751364,0.15397991863325006,-0.3505397966526268,0.5527314565712439,-0.010305830320840884,0.12132280268929148,-0.05318516394911812,0.4985793209301628,-0.9125294726978954,-0.7458513480351967,0.10443483624237934,0
4.38,0.3451126189130581,-0.4282669281723309,0.17208138799472358,-0.3304166160294342,0.5638102384001562,0.006623939784148725,0.14088247488636838,-0.03356486413594297,0.5095131240244926,-0.9001982866372414,-0.724506557099089,0.12177933263994854,0
4.4,0.36315670574612197,-0.4033525255684214,0.19013828879040387,-0.3101476931139765,0.5748257714130796,0.023588847854920526,0.16038541336957324,-0.013926498557297861,0.5204143900730933,-0.8871106622169935,-0.7024988766101777,0.13911274920813765,0
4.42,0.3810622496418703,-0.37820099311665895,0.20814463136970707,-0.28974243812663353,0.5857756054760815,0.04058393825462444,0.17982435224219945,0.005722504244014653,0.5312807597874,-0.8732803242493588,-0.6798561527782049,0.1564297298891405,0
4.44,0.398823079915761,-0.3528333028027832,0.22609440751745818,-0.26921031025835396,0.5966572212141013,0.05760418216349207,0.1991920430417294,0.02537469617445266,0.5421097905946693,-0.8587217121332001,-0.6566066255508664,0.17372487122174343,0
4.46,0.4164330640477469,-0.3272703109478747,0.2439815920458711,-0.24856081316227055,0.6074680304139897,0.07464447912019925,0.21848125654050493,0.04502261199488259,0.5528989570744158,-0.8434499546332858,-0.6327788770689885,0.19099272390156025,0
4.48,0.4338861087525074,-0.30153274108355027,0.26180014446351435,-0.22780349044073153,0.6182053765585116,0.0916996586658238,0.23768478459161924,0.06465877177482635,0.5636456515294694,-0.8274808437717518,-0.6084017809535947,0.20822779443396663,0
4.5,0.4511761611116188,-0.2756411675955059,0.2795440107203842,-0.20694792113005908,0.6288665354903266,0.1087644820889016,0.25679544201998816,0.08427568339493731,0.5743471846905354,-0.8108308079117205,-0.5835044525409828,0.22542454687845537,0
4.5200000000000005,0.46829720976750144,-0.24961600012944393,0.297207125028025,-0.18600371518534414,0.63944871620473,0.1258336442699251,0.27580606855835227,0.10386584509668052,0.5850007865529036,-0.7935168841137773,-0.5581162001728425,0.24257740468297048,0
4.54,0.4852432861787572,-0.22347746875156757,0.3147834117534383,-0.16498050896755856,0.6499490617696985,0.142901775623457,0.29470953082779844,0.12342174807808218,0.5956036073437291,-0.7755566898464156,-0.532266477639256,0.25968075260659995,0
4.5600000000000005,0.5020084659362949,-0.19724560985414732,0.3322667873853762,-0.1438879607352374,0.6603646503715692,0.15996344413587643,0.31349872436222137,0.14293587913426886,0.6061527186180916,-0.756968394131589,-0.5059848378632221,0.2767289387288349,0
4.58,0.5185868701394427,-0.17094025279510439,0.3496511625714396,-0.12273574614297855,0.6706924964844642,0.17701315749662805,0.3321665756759624,0.16240072334142372,0.6166451144818373,-0.737770688206201,-0.47930088790618625,0.29371627654347054,0
4.6000000000000005,0.5349726668310387,-0.14458100725916825,0.36693044422424603,-0.10153355374895275,0.6809295521613713,0.19404536532071504,0.35070604437372377,0.18180876678264934,0.6270777129390148,-0.7179827557797096,-0.45224424536499297,0.3106370471350458,0
4.62,0.5511600724903113,-0.11818725132688962,0.38409853769479674,-0.08029108053361209,0.6910727084446066,0.2110544614600294,0.36911012530169396,0.20115249931413767,0.6374473573615301,-0.697624242967068,-0.4248444962217552,0.32748550143561145,0
4.64,0.5671433535821726,-0.09177812023666611,0.40114934901102,-0.059018027431744995,0.7011187968931942,0.22803478640100935,0.38737185073867114,0.22042441736993956,0.6477508180784798,-0.6767152279749343,-0.3971311541994277,0.34425586255945895,0
4.66,0.5829168281613902,-0.06537249582394887,0.4180767871793552,-0.03772409487998475,0.7110645912245375,0.2449806297459855,0.4054842926258504,0.2396170268035366,0.6579847940824529,-0.6552761906175466,-0.3691336216673808,0.3609423282133406,0
4.68,0.5984748675299274,-0.038988996620919335,0.43487476654710405,-0.016418978381859288,0.7209068090675911,0.261886232775491,0.42344056483378956,0.2587228457643225,0.6681459148499507,-0.6333279817368304,-0.34088115213307835,0.3775390731795905,0
4.7,0.6138118979456109,-0.01264596859917855,0.45153720922317764,0.0048876359075713085,0.7306421138246008,0.27874579108869646,0.4412338254649634,0.27773440760703516,0.6782307422729255,-0.6108917925992413,-0.3124028143480666,0.3940402518694541,0
4.72,0.6289224023801216,0.013638523462628007,0.46805804755475644,0.026186075575484732,0.7402671166383324,0.2955534573190595,0.45885727919018837,0.29664426383208375,0.6882357726983183,-0.5879891243395622,-0.2837274580489295,0.4104400009438326,0
4.74,0.6438009223241985,0.039846704004861004,0.4844312266572882,0.04746668632150403,0.7497783784615952,0.31230334392219117,0.47630417961710475,0.31544498705466806,0.6981574390723528,-0.5646417575193876,-0.25488368134668565,0.4267324419985762,0
4.76,0.6584420596378057,0.06596109412562742,0.5006507069951591,0.06871983630240333,0.7591724122257375,0.3289895260328735,0.49356783168879437,0.334129174000514,0.7079921131862378,-0.5408717218653506,-0.22589979977127897,0.4429116843113632,0
4.78,0.6728404784429074,0.09196451845155257,0.5167104670103001,0.08993592044942811,0.7684456851046971,0.3456060443881041,0.5106415941105261,0.35268944852599027,0.7177361080198319,-0.5167012662493272,-0.19680381697143098,0.4589718276471515,0
4.8,0.6869909070564036,0.11784011146012838,0.5326045057959135,0.11110536475637293,0.7775946208710858,0.3621469083129838,0.5275188818025346,0.37111846466032994,0.7273856801797381,-0.492152828969888,-0.16762339706409896,0.47490696511910785,0
4.82,0.700888139960672,0.14357132327334046,0.5483268458124498,0.13221863053660665,0.7866156023407053,0.37860609876621704,0.5441931683766619,0.38940890966763103,0.736937032428216,-0.46724900839118866,-0.13838583862221437,0.4907111861018826,0
4.84,0.7145270398090937,0.1691419249423147,0.5638715356429054,0.15326621864727843,0.7955049739018166,0.39497757144196555,0.5606579886346296,0.4075535071262713,0.7463863162992344,-0.44201253399231316,-0.10911805028420811,0.506378579194041,0
4.86,0.7279025394638556,0.1945360132427028,0.5792326527844631,0.17423867367897103,0.8042590441254154,0.411255259924745,0.5769069410856316,0.4255450200233448,0.755729634797926,-0.4164662378768508,-0.07984652796408218,0.5219032352264276,0
4.88,0.7410096440632681,0.2197380150004465,0.594404306473471,0.19512658810912323,0.8128740884527121,0.42743307889404647,0.592933690480906,0.4433762538616974,0.7649630451796543,-0.39063302678917444,-0.050597333636459435,0.5372792503132078,0
4.9,0.7538434331157775,0.2447326909673863,0.6093806405406977,0.21592060641757255,0.8213463519559652,0.44350492737534,0.6087319703628737,0.4610400597771096,0.7740825618048639,-0.36453585468057187,-0.021396075667125383,0.5525007289423018,0
4.92,0.7663990626177979,0.2695051392659917,0.6241558362938081,0.23661142916261582,0.8296720521687748,0.4594646920340961,0.6242955856264109,0.4785293376631811,0.7830841590658494,-0.33819769586501913,0.00773210934393634,0.5675617871019195,0
4.94,0.7786717671924638,0.2940407984222031,0.6387241154239575,0.2571898170160345,0.8378473819819179,0.47530625050947106,0.639618415089775,0.4958370393014241,0.7919637743815519,-0.3116415188010536,0.036762573243138856,0.5824565554398775,0
4.96,0.7906568622463623,0.3183254500050721,0.6530797429334054,0.2776465947555597,0.8458685126007721,0.4910234747842842,0.6546944140726852,0.5129561714941082,0.8007173112564749,-0.28489026053286687,0.06567117156637699,0.597179182452386,0
4.98,0.8023497461412815,0.3423452208915391,0.6672170300810414,0.2979726552133021,0.8537315965603701,0.5066102345879352,0.6695176169790282,0.5298797991973538,0.8093406423997976,-0.2579668018204506,0.09443427738584255,0.6117238376989875,0
5.0,0.8137459023780017,0.36608658517428155,0.6811303373427068,0.3181589631787174,0.861432770794109,0.5220604008289045,0.684082139881657,0.5466010486520114,0.8178296129007597,-0.23089394298537982,0.12302879380382119,0.626084715040335,0
5.0200000000000005,0.824840901789137,0.38953636573014816,0.6948140773832151,0.33819655925470504,0.8689681597521393,0.5373678490535083,0.6983821831067281,0.5631131105098444,0.8261800434563914,-0.20369438049564093,0.15143216513841956,0.6402560358955135,0
5.04,0.8356304047380464,0.4126817354662518,0.708262718036967,0.358076563665488,0.8763338785654615,0.5525264629275818,0.7124120338150247,0.5794092429525501,0.8343877336476718,-0.17639068430978977,0.17962238684753,0.6542320525156141,0
5.0600000000000005,0.8461101633208207,0.43551021826029374,0.7214707852940908,0.3777901800149646,0.88352603625177,0.5675301377378082,0.7261660685777166,0.595482774801177,0.8424484652602086,-0.1490052759977065,0.20757801423841427,0.6680070512703024,0
5.08,0.8562760235683726,0.4580096896112251,0.7344328662890373,0.3973286989942469,0.8905407389590939,0.5823727839094168,0.7396387559440042,0.6113271086134966,0.8503580056455501,-0.12156040765227481,0.23527817001106213,0.681575355944139,0
5.1000000000000005,0.8661239276456695,0.4801683770158081,0.7471436122886026,0.4166835020371596,0.897374093243313,0.5970483305370222,0.7528246589981145,0.6269357237669247,0.8581121111192667,-0.09407814160348399,0.26270255068401027,0.6949313310394365,0
5.12,0.8756499160451698,0.5019748600861458,0.7595977416763644,0.4358460649224934,0.9040222093756455,0.6115507289253951,0.7657184379031254,0.6423021795245993,0.8657065303919586,-0.06658033094372749,0.28983143195157146,0.7080693850824856,0
5.14,0.8848501297715459,0.5234180704226845,0.7717900429305632,0.4548079613218525,0.9104812046762388,0.6258739561370061,0.7783148524291161,0.6574201180822508,0.8731370080293872,-0.03908860087045905,0.31664567302148117,0.7209839739299968,0
5.16,0.89372081251481,0.5444872912566725,0.7837153775924799,0.47356086629197214,0.9167472068700299,0.6400120185432114,0.7906087644631619,0.6722832675935376,0.8803992879379545,-0.011624330849887688,0.34312671998180405,0.7336696040726586,0
5.18,0.902258312808995,0.5651721568755018,0.7953686832224188,0.49209655971041916,0.9228163574610756,0.6539589553760055,0.802595140498722,0.686885445171541,0.8874891168717989,0.015791362396980493,0.36925660824558076,0.7461208359327551,0
5.2,0.9104590861735797,0.5854626518438233,0.8067449763404317,0.5104069296536156,0.9286848151216041,0.6677088422772933,0.8142690541019957,0.7012205598641477,0.894402247957815,0.04313764108687393,0.3950179641211958,0.7583322871528213,0
5.22,0.9183196972348844,0.605349110032769,0.8178393553489702,0.5284839757161726,0.9343487590920763,0.6812557948427028,0.8256256883528537,0.7152826156010983,0.9011344442349538,0.07039396174839391,0.4203940055557359,0.7702986358723712,0
5.24,0.9258368218247248,0.6248222134690774,0.8286470034347012,0.5463198122705436,0.9398043925886013,0.6945939721569884,0.836660338257995,0.7290657141104953,0.9076814822042026,0.09754008978276354,0.4453685420978177,0.782014623989778,0
5.26,0.9330072490536411,0.6438729910153852,0.8391631914467723,0.5639066716660475,0.9450479462141005,0.7077175803181397,0.8473684131340063,0.7425640578026261,0.9140391553857005,0.12455611321804148,0.46992597412539994,0.7934750604064444,0
5.28,0.9398278833560866,0.6624928168924156,0.8493832807488569,0.5812369073663382,0.9500756813696676,0.7206208759473554,0.8577454389580588,0.7557719526189823,0.920203277879491,0.15142245566535992,0.49405129138306053,0.8046748242504466,0
5.3,0.9462957465050098,0.6806734090532626,0.8593027260423777,0.5983029970244375,0.9548838936626337,0.7332981696821006,0.8677870606839982,0.768683810844407,0.9261696879264786,0.17811988848733584,0.517730070872061,0.8156088680768936,0
5.32,0.9524079795933194,0.6984068274194735,0.8689170781583455,0.6150975454944666,0.9594689163079024,0.7457438296495191,0.8774890445216585,0.7812941538803428,0.931934251466202,0.20462954219025384,0.5409484741353073,0.8262722210423116,0
5.34,0.9581618449797844,0.7156854719881199,0.8782219868153268,0.6316132877792551,0.9638271235191829,0.7579522849175258,0.8868472801772469,0.7935976149772005,0.9374928656881032,0.23093291705295013,0.5636932439780202,0.8366599920503982,0
5.36,0.9635547281969825,0.7325020808185606,0.8872132033410932,0.6478430919130248,0.9679549338868135,0.7699180289209683,0.8958577830527213,0.805588941923915,0.9428414625730295,0.2570118930065294,0.58595170066358,0.8467673728665785,0
5.38,0.9685841398189704,0.7488497279071225,0.8958865833555844,0.6637799617783848,0.9718488137389317,0.7816356228602953,0.90451669640212,0.8172629996927963,0.9479760124217654,0.28284873878012085,0.6077117376226229,0.8565896411988332,0
5.4,0.9732477172864195,0.764721820957466,0.9042380894128617,0.6794170398568958,0.9755052804828132,0.7930996990702369,0.9128202934428585,0.8286147730378456,0.9528925273674588,0.3084261203288613,0.6289618167120475,0.8661221637423423,0
5.42,0.9775432266870235,0.7801120990539436,0.9122637935998014,0.6947476099124905,0.9789209059232726,0.804304964356056,0.9207649794200637,0.8396393690447358,0.9575870648688631,0.33372710856113086,0.6496909630591255,0.875360399185548,0
5.44,0.9814685644890523,0.7950146302448358,0.9199598800893366,0.7097650996070676,0.9820923195550844,0.8152462032949908,0.928347293622067,0.8503320196307235,0.962055731181389,0.35873518638281704,0.6698887595244735,0.8842999011753029,0
5.46,0.985021759225994,0.8094238090419217,0.9273226476461208,0.7244630830476012,0.9850162118264536,0.8259182815005669,0.9355639113452399,0.8606880839927985,0.9662946848030189,0.38343425507701595,0.689545340816149,0.8929363212388313,0
5.48,0.9882009731303028,0.8233343538424446,0.9343485120825471,0.7388352832641365,0.9876893373706392,0.8363161488475213,0.9424116458064042,0.8707030510024312,0.9703001398922096,0.407808640038126,0.7086513872856808,0.9012654116602971,0
5.5,0.9910045037143297,0.8367413042791302,0.9410340086631289,0.7528755746180631,0.9901085182028996,0.8464348426551339,0.9488874500011142,0.8803725415453283,0.9740683696549672,0.43184309587971637,0.7271981184353795,0.9092830283098369,0
5.5200000000000005,0.9934307852965948,0.8496400185035642,0.9473757944553055,0.7665779851400897,0.9922706468800058,0.8562694908268306,0.9549884185061586,0.8896923108046603,0.9775957096983561,0.4555228109359267,0.7451772861648213,0.9169851334229788,0
5.54,0.9954783904716232,0.8620261704078542,0.9533706506248029,0.7799366987973645,0.9941726896196386,0.8658153149439765,0.960711789224697,0.8986582504862682,0.9808785613477621,0.4788334111763954,0.7625811677829706,0.9243677983284319,0
5.5600000000000005,0.9971460315216419,0.8738957467891798,0.9590154846737506,0.7929460576892147,0.9958116893770599,0.8750676333118386,0.9660549450724963,0.9072663909844219,0.9839133949253044,0.5017609635549256,0.779402558811006,0.931427206122298,0
5.58,0.9984325617685058,0.8852450444614912,0.9643073326198135,0.8056005641709933,0.9971847688765205,0.8840218639557609,0.9710154156037966,0.9155129034867381,0.9866967529868538,0.5242919788121878,0.7956347655995253,0.9381596542868204,0
5.6000000000000005,0.9993369768642928,0.8960706673183221,0.9692433611146648,0.8178948829055642,0.9982891335949402,0.8926735275656469,0.975590878575395,0.9233941020169312,0.9892252535151889,0.546413413752809,0.8112715977824692,0.9445615572518467,0
5.62,0.9998584160190799,0.9063695233503728,0.973820869500198,0.8298238428419551,0.9991220746954712,0.9010182503869156,0.9797791614475926,0.9309064454141103,0.9914955930668855,0.5681126730171691,0.8263073605887761,0.950629448897251,0
5.64,0.9999961631644823,0.9161388216212473,0.9780372918009276,0.8413824391207575,0.9996809719086277,0.9090517670561433,0.9835782428207134,0.938046539247397,0.9935045498706045,0.5893776103681424,0.840736847031517,0.9563599849946206,0
5.66,0.9997496480516117,0.9253760692044596,0.981890198651109,0.8525658349058555,0.9999632963587375,0.916769923379673,0.9869862538059598,0.9448111376646833,0.9952489868745136,0.6101965295128763,0.8545553299930101,0.9617499455865772,0
5.68,0.9991184472821796,0.9340790680845711,0.9853772991551579,0.863369363142101,0.9999666133335489,0.9241686790535252,0.9900014793294307,0.9511971451743999,0.9967258547406426,0.6305581844795058,0.8677585542232247,0.9667962373021669,0
5.7,0.9981022852715398,0.9422459120250855,0.9884964426800228,0.8737885282385732,0.9996885849948931,0.931244110323005,0.992622359368187,0.9572016183592236,0.997932194784046,0.6504517795684628,0.8803427282676227,0.9714958956068162,0
5.72,0.9967010351425412,0.9498749834055021,0.9912456205782256,0.8838190076770774,0.999126973028383,0.9379924125804574,0.9948474901173092,0.9628217675206896,0.9988651418547086,0.6698669688977608,0.8923045163394798,0.9758460869854089,0
5.74,0.9949147195491244,0.9569649500297186,0.9936229678403485,0.893456653545568,0.9982796412301951,0.9444099028996782,0.9966756250869482,0.9680549582537415,0.9995219271602006,0.6887938555613073,0.9036410301506514,0.9798441110571101,0
5.76,0.9927435114286697,0.9635147619077751,0.9956267646758049,0.9026974939962019,0.9971445580290594,0.9504930225055497,0.9981056761284322,0.9728987129502863,0.9998998810271575,0.7072229904189459,0.9143498207137307,0.9834874026206154,0
5.78,0.9901877346821714,0.9695236480127456,0.9972554380208031,0.9115377346277479,0.9957197989416521,0.9562383391775203,0.9991367143885471,0.9773507122308822,0.9999964355997256,0.7251453705365444,0.924428870127564,0.9867735336285688,0
5.8,0.9872478647813817,0.9749911130144105,0.9985075629724616,0.9199737597921027,0.9940035489596567,0.9616425495856072,0.99976797119117,0.9814087963037321,0.9998091274731794,0.7425524372940306,0.9338765833571512,0.9897002150899559,0
5.82,0.9839245293021345,0.9799169339911808,0.999381864148109,0.928002133824685,0.9919941048668358,0.9667024815576557,0.999998838845487,0.9850709662502034,0.9993356002609883,0.7594360741788454,0.9426917800180655,0.9922652988993327,0
5.84,0.980218508383126,0.9843011571215947,0.9998772169688498,0.9356196021985039,0.9896898774845193,0.9714150962766444,0.9998288713800889,0.9883353852361477,0.9985736070936738,0.7757886042818294,0.9508736861746848,0.994466779591816,0
5.86,0.9761307351094971,0.9881440943565649,0.9999926488665468,0.9428230926017186,0.9870893938439947,0.9757774904068748,0.9992577852022911,0.9912003796483395,0.9975210130478618,0.7916027875120826,0.9584219261607149,0.9963027960228155,0
5.88,0.971662295820623,0.9914463200734284,0.9997273404134274,0.9496097159385282,0.9841912992843469,0.9797868981479487,0.9982854596820818,0.9936644401553996,0.9961757975040074,0.8068718175468546,0.965336514429722,0.9977716329715487,0
5.9,0.9668144303415858,0.9942086677127258,0.9990806263735762,0.9559767672532531,0.980994359474372,0.9834406932154766,0.9969119376601558,0.9957262226926202,0.9945360564313277,0.8215893185320319,0.9716178474426782,0.9988717226674371,0
5.92,0.9615885321378645,0.9964322263985325,0.998051996675642,0.9619217265774953,0.9774974623572545,0.9867363907475232,0.995137425879549,0.9973845493701541,0.9926000045985468,0.8357493415482754,0.977266695598829,0.9996016462385375,0
5.94,0.9559861483928426,0.9981183375430565,0.9966410973061377,0.9674422597002804,0.9736996200167679,0.9896716491358446,0.992962295340439,0.9986384093040739,0.9903659777091218,0.8493463608573588,0.9822841952155625,0.9999601350812222,0
5.96,0.9500089800077929,0.9992685914361273,0.9948477311227731,0.9725362188611127,0.9695999704638271,0.9922442717810235,0.990387081577736,0.9994869593698609,0.987832434459681,0.8623752699427407,0.9866718405623472,0.9999460721503729,0
5.98,0.9436588815240639,0.9998848238201171,0.9926718585873154,0.9772016433658961,0.9651977793422895,0.9944522087706598,0.987412484861133,0.99992952487792,0.9849979585204706,0.874831377357895,0.9904314759532433,0.9995584931694146,0
6.0,0.9369378609672443,0.9999691124507537,0.9901135984175269,0.9814367601256933,0.960492441552967,0.9962935584798278,0.9840393703173472,0.9999656001707703,0.9818612604366684,0.886710402395397,0.9935652879019574,0.998796587759563,0
6.0200000000000005,0.9298480796131536,0.9995237736442187,0.9871732281577864,0.9852399841183209,0.955483482794881,0.9977665690930563,0.9802687679743265,0.9995948491416013,0.9784211794494891,0.8980084705892627,0.9960757973429201,0.9976597004877213,0
6.04,0.9223918516755513,0.9985513588108611,0.9838511846680529,0.9886099187728015,0.9501705610228552,0.9988696400471421,0.9761018727272511,0.9988171056739308,0.9746766852360607,0.9087221090625247,0.9979658519213932,0.9961473318325079,0
6.0600000000000005,0.9145716439155248,0.9970546509757972,0.9801480645308849,0.9915453562767127,0.9445534678206101,0.9996013233941554,0.9715400442262105,0.9976323740021434,0.970626879567123,0.918848241731522,0.9992386183551915,0.9942591390679555,0
6.08,0.906390075172568,0.995036661286622,0.9760646243762804,0.9940452778065013,0.938632129688585,0.9999603250840431,0.966584806685484,0.9960408289927353,0.9662709978816548,0.9283841843778868,0.9998975748701949,0.9919949370644696,0
6.1000000000000005,0.8978499158174171,0.9925006255084113,0.9716017811241572,0.9961088536808499,0.9324066092457812,0.9999455061662862,0.9612378486144018,0.9940428163461292,0.9616084107775962,0.9373276395987216,0.999946503711462,0.9893546990066909,0
6.12,0.8889540871267694,0.989450000506153,0.9667606121443406,0.9977354434372058,0.9258771063449797,0.9995558839101139,0.9555010224698167,0.9916388527189713,0.9566386254178992,0.9456766916449768,0.9993894837314045,0.9863385570279508,0
6.140000000000001,0.879705660580054,0.9858884607147175,0.9615423553339804,0.99892459583161,0.9190439591007543,0.9987906328428255,0.9493763442302549,0.9888296257668591,0.9513612868511934,0.9534298011575693,0.9982308830561738,0.9829468027610668,0
6.16,0.8701078570784896,0.9818198945964467,0.9559484091123653,0.9996760487619814,0.9119076448297604,0.9976490857058178,0.942865992891871,0.9856159941074951,0.9457761792464167,0.9605857998103177,0.996475351831111,0.9791798878052674,0
6.18,0.8601640460867104,0.9772484010864141,0.9499803323331575,0.9999897291150385,0.9044687809028428,0.9961307343279605,0.9359723098863761,0.9819989872043023,0.9398832270408195,0.9671438848683273,0.9941278150458484,0.9750384241090914,0
6.2,0.8498777446972803,0.972178286025396,0.9436398441141084,0.9998657525370624,0.8967281255085691,0.994235230416011,0.9286977984211436,0.9779798051705717,0.9336824960008087,0.973103613670008,0.9911934654394052,0.9705231842691503,0
6.22,0.8392526166184866,0.9666140585805734,0.9369288235843808,0.9993044231287297,0.8886865783278508,0.9919623862618032,0.9210451227417624,0.9735598184942642,0.9271741941951565,0.978464898040492,0.987677756485396,0.9656351017446928,0
6.24,0.8282924710858355,0.9605604276539741,0.9298493095496313,0.9983062330642658,0.8803451811193809,0.9893121753659913,0.9130171073173287,0.9687405676836173,0.9203586728801564,0.983227998643799,0.983586395457267,0.9603752709879573,0
6.26,0.8170012616977288,0.9540222982786577,0.9224035000750694,0.9968718621351944,0.8717051182156705,0.9862847329781723,0.9046167359488287,0.9635237628337551,0.9132364272963659,0.9873935192806947,0.9789253365732956,0.9547449474903464,0
6.28,0.8053830851758444,0.9470047680026412,0.914593751986742,0.995002177218982,0.86276771692953,0.9828803565532581,0.8958471508010003,0.9579112831145346,0.9058080973766323,0.9909624011388061,0.9737007742209184,0.9487455477444989,0
6.3,0.7934421800507853,0.9395131232605608,0.9064225802913511,0.9926982316728977,0.8535344478708932,0.979099506124009,0.8867116513580984,0.9519051761798987,0.8980744683651519,0.9939359170011732,0.9679191362598075,0.9423786491223862,0
6.32,0.7811829252736211,0.9315528357330661,0.8978926575149412,0.9899612646534375,0.8440069251739466,0.9749428045896839,0.8772136933040413,0.9455076574990523,0.8900364713473738,0.996315665419066,0.9615870774029853,0.9356459896696024,0
6.34,0.7686098387539688,0.9231295586939514,0.8890068129608524,0.9867927003616808,0.8341869066345778,0.9704110379208086,0.8673568873274532,0.9387211096098026,0.8816951836906055,0.9981035648545383,0.9547114726751473,0.928549467816058,0
6.36,0.7557275758253194,0.9142491233450291,0.8797680318873634,0.9831941472149726,0.8240762937582126,0.9655051552801013,0.8571449978521442,0.9315480812944559,0.8730518293952414,0.9993018477978629,0.9472994109472613,0.9210911420033414,0
6.38,0.7425409276383534,0.9049175351387623,0.8701794546055048,0.9791673969453524,0.8136771317181709,0.9602262690596381,0.8465819416936354,0.9239912866786881,0.8641077793565827,0.9999130548646675,0.9393581885464237,0.913273230229039,0
6.4,0.7290548194830259,0.8951409700886884,0.8602443754975502,0.974714423625166,0.8029916092247195,0.9545756548343859,0.8356717866423461,0.9160536042538484,0.854864551537273,0.999940028877285,0.9308953029398751,0.9050981095083668,0
6.42,0.715274309040249,0.8849257710676661,0.8499662419567502,0.9698373826203295,0.7920220583050582,0.9485547512322656,0.8244187499741171,0.907738075823192,0.8453238110504252,0.9993859089345373,0.9219184464920139,0.8965683152534886,0
6.44,0.7012045845640308,0.874278444094008,0.8393486532488968,0.9645386094717351,0.7807709539945258,0.9421651597209544,0.8128271968887779,0.8990479053725686,0.8354873701535687,0.9982541244738923,0.9124355002931901,0.887686540570956,0
6.46,0.6868509629949754,0.8632056546055644,0.8283953592963604,0.9588206187053084,0.7692409139393669,0.935408644311669,0.800901638877499,0.889986457866132,0.8253571881535973,0.9965483893296614,0.9024545280590187,0.8784556354777289,0
6.48,0.6722188880060864,0.8517142237218489,0.8171102593852673,0.9526861025712595,0.7574346979114512,0.9282871311802238,0.7886467320197006,0.8805572579676667,0.8149353712229468,0.9942726957906551,0.8919837700989152,0.8688786060362896,0
6.5,0.6573139279818377,0.8398111244943152,0.805497400796541,0.9461379297130824,0.7453552072353883,0.9208027082056813,0.7760672752103415,0.8707639886881697,0.804224172127285,0.9914313086604672,0.881031637352533,0.8589586134093932,0
6.5200000000000005,0.6421417739315325,0.8275034781449019,0.7935609773615443,0.9391791437668952,0.7330054841285266,0.9129576244269653,0.763168208318431,0.8606104899603441,0.7932259898650434,0.9880287593233282,0.8696067054927588,0.8486989728350408,0
6.54,0.6267082373379956,0.8147985502930096,0.7813053279431165,0.9318129618917224,0.7203887109543848,0.9047542894178344,0.7499546102776375,0.8501007571407074,0.7819433692191697,0.9840698398182514,0.8577177090939159,0.8381031525223004,0
6.5600000000000005,0.6110192479426757,0.8017037471710574,0.7687349348428308,0.9240427732313569,0.7075082093900991,0.8961952725806598,0.7364316971099237,0.8392389394400461,0.770379000221531,0.9795595969239848,0.8453735358638149,0.8271747724686331,0
6.58,0.5950808514682676,0.7882266118288369,0.755854422135322,0.9158721373084557,0.6943674395085286,0.8872833023594849,0.7226048198831414,0.8280293382829739,0.7585357175304405,0.9745033262570908,0.8325832209383006,0.8159176031994303,0
6.6000000000000005,0.5788992072799992,0.7743748203268542,0.7426685539305815,0.9073047823515499,0.6809699987757015,0.878021265372883,0.7084794626035703,0.8164764055973937,0.7464164997218306,0.9689065663852837,0.8193559412369412,0.8043355644304859,0
6.62,0.5624805859867665,0.7601561779189155,0.7291822325651501,0.8983446035556678,0.6673196209643325,0.868412205467159,0.6940612400444076,0.8045847420346788,0.7340244684946433,0.9627750929579891,0.8057010098785323,0.7924327236541852,0
6.640000000000001,0.5458313669833057,0.745578615224215,0.7154004967231601,0.8889956612773051,0.6534201749841896,0.858459322690488,0.6793558955112468,0.7923590951214403,0.7213628877910493,0.9561149128559175,0.7916278706550907,0.7802132946502102,0
6.66,0.5289580359346514,0.7306501843892104,0.7013285194882235,0.8792621791644856,0.6392756636301269,0.8481659721886138,0.6643692985456169,0.7798043573437479,0.7084351628321564,0.9489322583612952,0.7771460925630377,0.7676816359216029,0
6.68,0.5118671822041377,0.7153790552396052,0.686971606327192,0.8691485422226867,0.6248902222486508,0.8375356630227666,0.6491074425676827,0.7669255641647343,0.6952448390699102,0.9412335813502516,0.7622653643903154,0.7548422490570638,0
6.7,0.4945654962262268,0.699773511422772,0.6723351930068389,0.8586592948174306,0.6102681173239244,0.8265720569104852,0.6335764424592151,0.7537278919765167,0.6817956010559358,0.9330255475087206,0.7469954893581755,0.7416997770203908,0
6.72,0.4770597668254884,0.6838419465409821,0.6574248434445523,0.8477991386143497,0.5954137449841597,0.8152789668900803,0.6177825320880073,0.7402166559874085,0.6680912712281073,0.9243150305730988,0.7313463798164348,0.728259002368,0
6.74,0.4593568784830764,0.6675928602758371,0.6422462474941566,0.8365729304575752,0.5803316294293859,0.8036603559094968,0.601732061774897,0.7263973080454156,0.6541358086156797,0.9151091065967718,0.7153280519910311,0.7145248453955003,0
6.76,0.4414638085520519,0.6510348545043074,0.6268052186679973,0.8249856801873127,0.5650264212816244,0.7917203353403622,0.5854314957046116,0.7122754343990477,0.6399333074638545,0.9054150482435229,0.698950620782724,0.7005023622143304,0
6.78,0.4233876244229597,0.6341766294068314,0.6111076917964728,0.8130425483974885,0.5495028958585402,0.7794631634180619,0.5688874092816598,0.6978567533964977,0.6254879957786941,0.8952403191087306,0.6822242946158492,0.6861967427594908,0
6.8,0.40513548064106863,0.6170269795679354,0.5951597206262043,0.8007488441343722,0.5337659513716755,0.7668932436086853,0.552106486432529,0.683147113124256,0.6108042337933364,0.8845925680691673,0.6651593703360648,0.671613308729432,0
6.82,0.38671461597670465,0.5995947900698647,0.5789674753580791,0.7881100225371104,0.5178206070504133,0.7540151229037406,0.5350955168554642,0.6681524889862809,0.5958865123565064,0.8734796236621285,0.6477662281560748,0.6567575114591996,0
6.84,0.36813235045014,0.5818890325797548,0.5625372401264049,0.7751316824211237,0.5016720011928495,0.7408334900435619,0.5178613932191275,0.6528789812248333,0.5807394512443497,0.8619094884945383,0.6300553266483514,0.6416349297279613,0
6.86,0.34939608231251434,0.5639187614308749,0.5458754104204774,0.7618195638053319,0.4853253891447933,0.7273531736703533,0.5004111083114713,0.6373328123841501,0.565367797396661,0.849890333682608,0.6120371977839327,0.62625126750206,0
6.88,0.3305132849842796,0.5456931096985161,0.5289884904498354,0.7481795453842119,0.46878614120814865,0.7135791404118584,0.4827517521401594,0.6215203247181131,0.5497764230786107,0.837430493322551,0.5937224420164134,0.6106123516147811,0
6.9,0.31149150395269076,0.5272212852711167,0.5118830904545518,0.7342176419456973,0.45205974047995956,0.6995164928966631,0.4648905089859151,0.6054479775431261,0.5339703239691104,0.824538458992807,0.5751217234102898,0.5947241293840363,0
6.92,0.29233835362987665,0.5085125669172473,0.4945659239619051,0.7199400017359566,0.43515178062344473,0.6851704677021739,0.44683465441016246,0.5891223445374179,0.5179546171769932,0.8112228742881586,0.556245764812875,0.5785926661691955,0
6.94,0.27306151417302976,0.4895763003490849,0.47704380499079346,0.7053529037721038,0.41806796357236614,0.6705464332363418,0.42859155221839373,0.5725501109880178,0.5017345391862189,0.7974925293860948,0.537105343069045,0.5622241428683282,0
6.96,0.253668728268289,0.4704218942830486,0.4593236452053016,0.6904627551039235,0.4008140971701203,0.6556498875542229,0.41016865138066266,0.555738070986666,0.4853154437313475,0.7833563556457028,0.5177112842781156,0.5456248533571398,0
6.98,0.23416779787990016,0.4510588164982843,0.4414124510188204,0.6752760880256956,0.38339609274496095,0.640486456110508,0.3915734829106614,0.5386931245759548,0.4687027996045574,0.7688234202393582,0.49807445909221487,0.5288012018708987,0
7.0,0.21456658096624084,0.43149658989370837,0.4233173206501622,0.659799557239248,0.365819962622798,0.6250618894491624,0.3728136567048385,0.5214222748469901,0.45190218839551544,0.7539029208174269,0.47820577805554876,0.5117597003307022,0
7.0200000000000005,0.1948729881643249,0.41174478854433166,0.4050454411331297,0.6440399369693564,0.3480918175790405,0.60938206083136,0.3538968583430243,0.5039326249899252,0.43491930216543806,0.7386041802061808,0.4581161869840121,0.49450696561541885,0
7.04,0.17509497944440655,0.3918130337576359,0.3866040852810034,0.628004118032659,0.3302178642309872,0.593452963802912,0.3348308458520684,0.48623137529869376,0.41775994105671055,0.7229366411390736,0.43781666238464667,0.47704971678069674,0
7.0600000000000005,0.15524056073630887,0.3717109901307605,0.3680006086074416,0.6116991048612411,0.31220440237228264,0.5772807097024149,0.3156234464339942,0.46832582013131,0.4004300108394647,0.7069098610215403,0.41731820691448585,0.4593947722264216,0
7.08,0.13531778052914098,0.35144836160930837,0.34924244620530803,0.5951320124820905,0.29405782225099336,0.5608715251113711,0.2962825531601806,0.4502233448271295,0.3829355203965389,0.6905335067294176,0.396631844878384,0.4415490468140549,0
7.1000000000000005,0.11533472644603615,0.3310348875485714,0.3303371095849438,0.5783100634536221,0.275784601792878,0.5442317492475557,0.2768161216331176,0.4319314225824551,0.36528257914827345,0.6738173494411127,0.3757686177654691,0.4235195489352826,0
7.12,0.09529952179558852,0.3104803387780207,0.31129218347342685,0.5612405847605045,0.25739130377144953,0.5273678313029269,0.25723216661728515,0.41345761128591135,0.3474773944186237,0.6567712595036006,0.3547395798238947,0.4053133775334379,0
7.140000000000001,0.07522032210165298,0.2897945136699116,0.29211532257638023,0.5439310046680134,0.23888457292644827,0.5102863277274096,0.23753875864070115,0.3948095503150303,0.3295262687440928,0.6394052013323314,0.3335557936736329,0.3869377190791607,0
7.16,0.05510531161319716,0.26898723421287507,0.2728142483038906,0.526388849537187,0.22027113303237447,0.49299389945987526,0.21774402056872355,0.3759949572954746,0.31143559712701907,0.6217292283451327,0.3122283259570681,0.3683998445018059,0
7.18,0.034962699795874706,0.24806834209137876,0.2533967454621301,0.5086217406020368,0.2015577839187363,0.47549730910770593,0.19785612415168075,0.3570216248243795,0.2932118642347647,0.6037534779301619,0.2907682430272105,0.34970710607810207,0
7.2,0.014800717807031237,0.22704769477196868,0.23387065891227074,0.49063739071011336,0.18275139844370292,0.45780341807630154,0.17788328654792523,0.3378974171592794,0.27486164154639137,0.5854881664479977,0.2691866066733999,0.33086693427958397,0
7.22,-0.005372385044171049,0.20593516159721043,0.21424389019830145,0.4724436010277277,0.16385891942286043,0.43991918364995325,0.15783376682391434,0.3186302668741169,0.2563915844484142,0.5669435842679134,0.24749446988437826,0.31188683458034483,0
7.24,-0.025548344849809477,0.18474061988826704,0.19452439414537023,0.4540482577111441,0.14488735651479323,0.4218516560254979,0.13771586243291692,0.29922817148382935,0.23780842928125895,0.548130090838424,0.22570287264868633,0.29277438422667906,0
7.26,-0.04571888666772017,0.16347395105706874,0.17472017543028115,0.4354593285450708,0.12584378306522567,0.40360797530020087,0.11753790567397288,0.2796991900390332,0.21911899033806131,0.5290581097921676,0.20382283779236154,0.2735372289701618,0
7.28,-0.06587572809579073,0.14214503672902512,0.15483928512578018,0.4166848595498022,0.10673533291147749,0.38519536841531005,0.09730826013272768,0.26005143969233396,0.2003301568174642,0.5097381240852044,0.18186536685394386,0.2541830797657795,0
7.3,-0.08601058285430503,0.12076375487728236,0.13488981722028945,0.3977329715583643,0.0875691971490005,0.3666211460567839,0.07703531710576565,0.24029309223778933,0.18144888973209805,0.4901806711708158,0.15984143599686373,0.2347197094366883,0
7.32,-0.10611516437463057,0.09933997596949168,0.11487990511473811,0.37861185676503417,0.06835262086177853,0.3478926995146666,0.05672749201008705,0.22043237062508922,0.16248221877443264,0.4703963382079015,0.13776199195928518,0.21515494930721976,0
7.34,-0.12618118939253914,0.07788355912811712,0.09481771809815248,0.35932977524661686,0.04909289981838315,0.32901749750262366,0.03639322077936426,0.20047754544998875,0.14343723914171544,0.45039575730407533,0.11563794804153926,0.19549668580576327,0
7.36,-0.1462003815444488,0.056404348305271364,0.07471145780369658,0.3398950514578745,0.029797377135494508,0.31000308293917184,0.01604095624861448,0.18043693142258455,0.12432110832172383,0.43018960079357926,0.09348018013130967,0.1757528570391373,0
7.38,-0.16616447496488423,0.03491216847313106,0.054569354646803965,0.32031607070251167,0.010473439910702573,0.2908570696921302,-0.004320835471046246,0.1603188838149852,0.10514104284107237,0.40978857655013146,0.07129952276676055,0.15593144934011724,0
7.4,-0.18606521788344366,0.01341682183094276,0.03439966424712755,0.3006012755811299,-0.0088714841735831,0.27158713928785194,-0.0246836786259375,0.14013179488996974,0.0859043149778298,0.3892034233348663,0.049106765237828545,0.13604049378974797,0
7.42,-0.2058943762195599,-0.008071915970317442,0.014210663835951438,0.2807591624175836,-0.028229930273276405,0.25220103758679946,-0.045039091459965076,0.11988409031222078,0.06661824944021721,0.3684449061794956,0.026912647725943626,0.11608806271611717,0
7.44,-0.22564373717337732,-0.0295442995845925,-0.005989351349209742,0.2607982776651653,-0.04759439983097002,0.23270657142704626,-0.06537858985975532,0.09958422554372706,0.0472902200131665,0.34752381180487835,0.004727857482458945,0.09608226617124603,0
7.46,-0.24530511281101786,-0.05099061770763199,-0.026192071681152864,0.24072721429406385,-0.06695736404764586,0.21311160523728556,-0.08569369100310878,0.07924068222494986,0.027927646174527563,0.32645094407517156,-0.01743697495390385,0.07603124838778304,0
7.48,-0.26487034364258233,-0.07240119679305984,-0.046389176768962814,0.22055460816155986,-0.08631126737588422,0.1934240576209597,-0.1059759170091111,0.058861964543364266,0.00853798968273167,0.30523711948776006,-0.03957127950023225,0.055943184217166875,0
7.5,-0.28433130219116204,-0.09376640474653737,-0.06657233909173692,0.20028913436639986,-0.10564853103271075,0.1736518979131126,-0.126216798588276,0.038456595590980545,-0.010871248862285118,0.2838931626991828,-0.061664550232887534,0.03582627555095515,0
7.5200000000000005,-0.30367989655121763,-0.11507665459696119,-0.08673322763834185,0.1799395035888279,-0.12496155653020755,0.15380314271158366,-0.14640787869104033,0.01803311371245485,-0.030292533483072825,0.2624299020872833,-0.08370634905083743,0.015688747727005178,0
7.54,-0.3229080739346328,-0.1363224081435897,-0.10686351155152349,0.15951445841775233,-0.1442427292220223,0.13388585238418693,-0.16654071615298005,-0.0023999311545856634,-0.04971829631175461,0.24085816534982588,-0.1056863092984523,-0.004461154077804868,0
7.5600000000000005,-0.34200782420278314,-0.1574941795780407,-0.1269548637746629,0.13902276966651503,-0.16348442186389833,0.1139081275534938,-0.18660688933510566,-0.022833981145401774,-0.06914094109836985,0.2191887751398555,-0.12759413934733962,-0.024615168466600452,0
7.58,-0.36097118338297635,-0.17858253908003727,-0.14699896469948398,0.11847323267875326,-0.182678998186349,0.09387810556087939,-0.20659799975758453,-0.04326047413855202,-0.0885528467386406,0.19743254473805597,-0.14941962613673052,-0.04476502145160542,0
7.6000000000000005,-0.37979023716760923,-0.19957811638583997,-0.16698750581302446,0.09787466362585452,-0.20181881647760466,0.0738039569114859,-0.22650567572525995,-0.06367084742924987,-0.10794637081931707,0.17560027376243456,-0.17115263867197078,-0.06490243009158594,0
7.62,-0.3984571243944082,-0.22047160432824814,-0.1869121933421727,0.07723589579748345,-0.2208962331749528,0.053693881701740456,-0.24632157594334247,-0.08405654140403127,-0.12731385317925786,0.1537027439156182,-0.19278313148059412,-0.08501910613594679,0
7.640000000000001,-0.41696404050613795,-0.24125376234708756,-0.2067647518940914,0.056565775886689054,-0.23990360646259612,0.03355610603111747,-0.2660373931216421,-0.10440900321513519,-0.1466476194843929,0.13175071477010653,-0.2143011480254803,-0.1051067596737905,0
7.66,-0.4353032409881605,-0.2619154199690794,-0.22653692809083678,0.03587316027108668,-0.2588332998741586,0.013398878399798302,-0.2856448575657187,-0.12471969045296089,-0.1659399848147222,0.10975491959183356,-0.2356968240745503,-0.12515710278621833,0
7.68,-0.4534670447822451,-0.2824474802560142,-0.24622049419650868,0.015166911291630917,-0.2776776858979676,-0.0067695339061020635,-0.30513574075335576,-0.14498007481500289,-0.1851832572614974,0.08772606120238229,-0.2569603910264615,-0.14516185320018637,0
7.7,-0.4714478376750512,-0.3028409232201059,-0.2658072517352515,-0.005544106469530687,-0.29642914958324745,-0.026940848440057542,-0.3245018588947388,-0.16518164576964278,-0.20436974153273532,0.06567480788025006,-0.2780821791917427,-0.16511273794220988,0
7.72,-0.4892380756596986,-0.3230868092054653,-0.2852890350984397,-0.026251029910607054,-0.31508009214536364,-0.04710677122973452,-0.3437350764747596,-0.1853159142131965,-0.22349174256521123,0.04361178930156031,-0.2990526210287813,-0.18500149699023818,0
7.74,-0.5068302882688859,-0.3431762822345842,-0.3046577151394063,-0.046945001129604785,-0.3336229345682619,-0.06725900041898733,-0.3628273097758481,-0.20537441611859883,-0.24254156914108468,0.021547592520613897,-0.31986225433409043,-0.20481988692198072,0
7.76,-0.5242170818779951,-0.3631005733187448,-0.32390520275404105,-0.06761717114016552,-0.35205012120225165,-0.08738922991558047,-0.381770530379771,-0.22534871617414498,-0.26151153750731265,-0.0005072420092695747,-0.34050172538624524,-0.22455968455802286,0
7.78,-0.5413911429766713,-0.3828510037312844,-0.3430234524456438,-0.08825870358227784,-0.37035412335529705,-0.10748915304294233,-0.40055676864682543,-0.24523041141068097,-0.2803939749960045,-0.022542224374192406,-0.3609617920428826,-0.2442126905980315,0
7.8,-0.5583452414073581,-0.40241898824262046,-0.3620044658723818,-0.1088607784263678,-0.3885274428759767,-0.1275504661942858,-0.4191781171708789,-0.26501113481565763,-0.2991812236438817,-0.044546919096947454,-0.3812333267901546,-0.2637707332483854,0
7.82,-0.5750722335693007,-0.4217960383159764,-0.3808402953757396,-0.12941459566926364,-0.40656261572629254,-0.14756487248740235,-0.43762673420871673,-0.28468255893247363,-0.3178656438090095,-0.06651094899262389,-0.40130731974399686,-0.28322567183955644,0
7.84,-0.5915650655865379,-0.440973765262735,-0.39952304748835527,-0.14991137902052168,-0.424452215542511,-0.16752408541846878,-0.4558948470821719,-0.3042363994435203,-0.3364396177829744,-0.08842399898209785,-0.42117488160259503,-0.3025694004315723,0
7.86,-0.6078167764384252,-0.4599438833563647,-0.41804488641963394,-0.17034237957763,-0.442188857182234,-0.18741983251318478,-0.47397475555151464,-0.323664418735383,-0.35489555339668366,-0.11027581986288122,-0.44082724654938754,-0.32179385140590994,0
7.88,-0.6238205010512547,-0.478698212903858,-0.43639803751756073,-0.19069887948858164,-0.4597652002559081,-0.20724385897356928,-0.49185883515861495,-0.3429584294446151,-0.3732258876179787,-0.1320562320368324,-0.46025577510599164,-0.34089099904218106,0
7.9,-0.6395694733495487,-0.49722868327364744,-0.4545747907051326,-0.210972195600335,-0.4771739526409918,-0.22698793131876094,-0.5095395405383876,-0.3621102979825635,-0.3914230901392539,-0.15375512919420925,-0.4794519569343769,-0.35985286307795844,0
7.92,-0.6550570292656279,-0.515527335878954,-0.4725675038898587,-0.23115368309166928,-0.49440787397701474,-0.24664384101814538,-0.5270094086970463,-0.38111194803768905,-0.4094796669532915,-0.17536248195352191,-0.49840741358765517,-0.37867151225012274,0
7.94,-0.6702766097060818,-0.5335863271155494,-0.49036860634477325,-0.251234739088957,-0.5114597791397758,-0.26620340811517434,-0.5442610622557228,-0.39995536405386733,-0.427388163915523,-0.19686834145665116,-0.5171139012088275,-0.3973390678161104,0
7.96,-0.6852217634737755,-0.5513979312529117,-0.5079706020594327,-0.27120680626338234,-0.5283225416929443,-0.28565848484020206,-0.5612872126580004,-0.41863259468314573,-0.445141170290948,-0.21826284291866965,-0.5355633131768301,-0.4158477070534643,0
7.98,-0.6998861501440654,-0.5689545432777644,-0.525366073059386,-0.2910613764081246,-0.5449890973153393,-0.3050009592107263,-0.578080663339954,-0.43713575621145245,-0.4627313222839448,-0.23953620913180643,-0.5537476826992404,-0.4341896667360776,0
8.0,-0.714263542893904,-0.586248681689014,-0.5425476826926107,-0.3107899939940677,-0.5614524472021829,-0.3242227586173724,-0.5946343128612935,-0.4554570359557811,-0.48015130654922744,-0.260678753922982,-0.571659185350968,-0.45235724658556364,0
8.02,-0.7283478312825501,-0.6032729912430927,-0.5595081788814347,-0.330384259702561,-0.5777056614386393,-0.3433158533940077,-0.6109411579962134,-0.4735886956313522,-0.49739386368221045,-0.28168088556433085,-0.5892901415583085,-0.47034281269618367,0
8.040000000000001,-0.7421330239826112,-0.620020245648744,-0.5762403973384818,-0.3498358339338027,-0.5937418823439649,-0.3622722603703743,-0.6269942967825993,-0.4915230746873011,-0.5144517916870623,-0.30253311013612577,-0.6066330190276846,-0.4881388009317645,0
8.06,-0.7556132514601808,-0.63648335021029,-0.5927372647451805,-0.3691364402894007,-0.6095543277846203,-0.3810840464056156,-0.642786931528234,-0.5092525936094403,-0.5313179494207376,-0.32322603484150386,-0.6236804351184474,-0.5057377202930847,0
8.08,-0.7687827686028479,-0.652655344418434,-0.6089918018914238,-0.38827786902769745,-0.6251362944547079,-0.399743331901116,-0.6583123717726821,-0.5267697571886595,-0.5479852600113012,-0.34375037127239827,-0.6404251591590896,-0.5231321562541913,0
8.1,-0.7816359572943845,-0.6685294044876744,-0.6249971267749498,-0.40725198049043193,-0.640481161122123,-0.4182422942910596,-0.6735640372035502,-0.5440671577535392,-0.5644467142488636,-0.36409693862606507,-0.6568601147062391,-0.5403147740661459,0
8.120000000000001,-0.794167328934949,-0.684098845839413,-0.6407464576590706,-0.42605070849934046,-0.6555823918388244,-0.43657317150913344,-0.6885354605258257,-0.5611374783657938,-0.5806953739474764,-0.3842566668715901,-0.6729783817458012,-0.557278322026707,0
8.14,-0.8063715269056547,-0.6993571255298564,-0.6562331160873598,-0.4446660637213076,-0.6704335391136486,-0.45472826542981487,-0.7032202902830498,-0.5779734959771303,-0.5967243752763405,-0.4042205998657656,-0.6887731988356262,-0.5740156347144706,0
8.16,-0.8182433289763897,-0.71429784462183,-0.6714505298539618,-0.4630901370006804,-0.6850282470461252,-0.47269994528269366,-0.7176122936290642,-0.5945680845461825,-0.6125269320587137,-0.42397989841771916,-0.7042379651890921,-0.5905196361860128,0
8.18,-0.8297776496558009,-0.7289147504996355,-0.6863922359281928,-0.481315102657385,-0.6993602544197586,-0.490480651038297,-0.7317053590491245,-0.6109142181141413,-0.6280963390369065,-0.44352584330165934,-0.7193662426989919,-0.6067833431346016,0
8.2,-0.8409695424823812,-0.7432017391261003,-0.7010518833321115,-0.499333221749484,-0.7134233977532718,-0.5080628967638873,-0.745493499029184,-0.6270049738377803,-0.6434259751017909,-0.4628498382171345,-0.7341517579011256,-0.6227998680090483,0
8.22,-0.8518142022556127,-0.7571528572409969,-0.7154232359697963,-0.5171368452988442,-0.7272116143083361,-0.5254392739477372,-0.7589708526721732,-0.6428335349785333,-0.6585093064852552,-0.4819434126961541,-0.7485884038770155,-0.6385624220913031,0
8.24,-0.8623069672061764,-0.7707623044999986,-0.7295001754070494,-0.5347184174785813,-0.7407189450523239,-0.5426024547903857,-0.7721316882601249,-0.6583931938463501,-0.6733398899140666,-0.5007982249565753,-0.7626702420951638,-0.6540643185314181,0
8.26,-0.872443321104235,-0.7840244355533992,-0.7432767036002951,-0.5520704787609753,-0.7539395375746569,-0.5595451954613985,-0.7849704057610271,-0.6736773546970479,-0.6879113757236198,-0.5194060647011092,-0.7763915041902901,-0.6692989753385047,0
8.28,-0.8822188953048464,-0.7969337620637991,-0.7567469455734581,-0.569185669024561,-0.7668676489553401,-0.5762603393201859,-0.7974815392792977,-0.6886795365819138,-0.7022175109300789,-0.5377588558613219,-0.7897465936799878,-0.6842599183263641,0
8.3,-0.8916294707295852,-0.809484954662015,-0.7699051520416277,-0.586056730619111,-0.7794976485843045,-0.5927408200994214,-0.8096597594488176,-0.7033933761483091,-0.7162521422594329,-0.5558486592860284,-0.8027300876182641,-0.6989407840124557,0
8.32,-0.9006709797834804,-0.821672844840466,-0.7827457019803464,-0.6026765113872546,-0.7918240209302034,-0.6089796650496553,-0.8214998757674611,-0.7178126303900914,-0.73000921913202,-0.5736676753734288,-0.8153367381854377,-0.7133353224689277,0
8.34,-0.9093395082064049,-0.8334924267833329,-0.7952631051393779,-0.619037967641489,-0.8038413682573335,-0.6249699980437099,-0.8329968388721175,-0.7319311793466386,-0.7434827966010928,-0.5912082466463975,-0.8275614742138735,-0.7274374001244132,0
8.36,-0.917631296858091,-0.8449388591327776,-0.8074520044998399,-0.6351341670953481,-0.8155444132893853,-0.6407050426394781,-0.8441457427531966,-0.7457430287493354,-0.7566670382440228,-0.6084628602702915,-0.8393994026490585,-0.7412410025153713,0
8.38,-0.9255427434359658,-0.8560074666905643,-0.8193071786736151,-0.6509582917475225,-0.8269280018187506,-0.6561781250997548,-0.8549418269076565,-0.7592423126143589,-0.7695562190047673,-0.625424150512688,-0.8508458099455354,-0.7547402369857213,0
8.4,-0.9330704041250377,-0.866693742054421,-0.8308235442439793,-0.6665036407177541,-0.8379871052601423,-0.6713826773677565,-0.8653804784296156,-0.772423295780659,-0.782144727986253,-0.6420849011444214,-0.8618961633972271,-0.7679293353335879,0
8.42,-0.9402109951790935,-0.8769933471885134,-0.8419961580464015,-0.6817636330333086,-0.8487168231473212,-0.6863122399970183,-0.8754572340376271,-0.7852803763920303,-0.7944270711913488,-0.6584380477813505,-0.8725461124016916,-0.7808026564039726,0
8.44,-0.9469613944324992,-0.8869021149274289,-0.8528202193885227,-0.6967318103649063,-0.8591123855717353,-0.7009604650343502,-0.8851677820377427,-0.7978080883222142,-0.8063978742111324,-0.6744766801662504,-0.882791489657885,-0.7933546886261974,0
8.46,-0.9533186427419279,-0.8964160504130736,-0.8632910722083238,-0.7114018397109522,-0.8691691555619279,-0.7153211188545782,-0.8945079642215027,-0.8100011035419773,-0.8180518848591818,-0.6901940443902388,-0.8926283122970012,-0.8055800524950049,0
8.48,-0.9592799453573685,-0.9055313324639384,-0.8734042071695282,-0.725767516028978,-0.8788826314025859,-0.7293880849458201,-0.9034737776980278,-0.8218542344271503,-0.829383975750654,-0.7055835450531799,-0.9020527829460018,-0.8174735029942052,0
8.5,-0.9648426732218035,-0.9142443148761826,-0.883155263693328,-0.7398227648131958,-0.8882484488921386,-0.74315536664405,-0.9120613766594149,-0.8333624360066387,-0.8403891468249303,-0.7206387473624789,-0.9110612907234443,-0.8290299319618037,0
8.52,-0.9700043641989747,-0.9225515276560313,-0.8925400319255243,-0.7535616446170976,-0.8972623835378462,-0.7566170898157483,-0.9202670740786669,-0.8445208081494293,-0.8510625278106536,-0.7353533791697241,-0.9196504121672509,-0.8402443703955607,0
8.540000000000001,-0.9747627242286884,-0.9304496781829943,-0.9015544546382289,-0.7669783495200688,-0.9059203526873466,-0.7697675054874454,-0.92808734333942,-0.8553245976896544,-0.8613993806319988,-0.7497213329446192,-0.927816912094078,-0.8511119906979638,0
8.56,-0.9791156284091458,-0.9379356523034423,-0.9101946290652848,-0.7800672115369746,-0.9142184175956674,-0.7826009924209999,-0.9355188197967608,-0.865769200488804,-0.8713951017550502,-0.7637366676856743,-0.9355577443899593,-0.8616281088596255,0
8.58,-0.9830611220058166,-0.9450065153541071,-0.918456808670601,-0.7928227029697414,-0.9221527854267344,-0.7951120596334689,-0.9425583022684518,-0.8758501634341941,-0.8810452244731976,-0.7773936107671275,-0.9428700527319187,-0.8717881865801365,0
8.6,-0.9865974213864022,-0.9516595131150849,-0.9263374048486263,-0.8052394386999417,-0.9297198111884462,-0.8072953488604666,-0.9492027544559178,-0.8855631863728354,-0.8903454211304799,-0.790686559721578,-0.9497511712402784,-0.8815878333254505,0
8.620000000000001,-0.989722914881475,-0.9578920726919664,-0.9338329885562215,-0.8173121784214467,-0.9369159996004178,-0.8191456369619114,-0.9554493062943851,-0.8949041239798683,-0.8992915052818515,-0.8036100839578405,-0.9561986250613957,-0.8910228083208859,0
8.64,-0.992436163570413,-0.9637018033267212,-0.9409402918752064,-0.8290358288122083,-0.9437380068935248,-0.8306578382691141,-0.9612952552315719,-0.9038689875607681,-0.9078794337893641,-0.8161589264135185,-0.9622101308805902,-0.9000890224788712,0
8.66,-0.9947359019922737,-0.9690864971370107,-0.9476562095049095,-0.8404054456442799,-0.9501826425404183,-0.8418270068721678,-0.9667380674343938,-0.9124539467865377,-0.9161053088532976,-0.8283280051418295,-0.9677835973650504,-0.9087825402605915,0
8.68,-0.996621038781296,-0.9740441297836191,-0.953977800184059,-0.8514162358311922,-0.9562468709162103,-0.8526483388466304,-0.971775378923148,-0.9206553313611544,-0.9239653799773023,-0.8401124148322202,-0.9729171255365172,-0.9170995814707151,0
8.700000000000001,-0.9980906572267456,-0.9785728610657192,-0.9599022880414038,-0.8620635594118363,-0.9619278128885694,-0.8631171744185242,-0.9764049966326905,-0.9284696326205454,-0.9314560458666483,-0.8515074282643248,-0.9776090090735801,-0.9250365229844152,0
8.72,-0.9991440157568545,-0.9826710354437213,-0.965427063874466,-0.8723429314700349,-0.9672227473364945,-0.8732290000667033,-0.9806248994001511,-0.9358935050624106,-0.9385738562587089,-0.8625084976948305,-0.9818577345434316,-0.9325899004059282,0
8.74,-0.9997805483466407,-0.9863371824894788,-0.9705496863558805,-0.8822500239889953,-0.9721291125970725,-0.8829794505616607,-0.9844332388787495,-0.942923767806241,-0.9453155136848392,-0.873111256176844,-0.9856619815629599,-0.9397564096579311,0
8.76,-0.9999998648494247,-0.9895700172636496,-0.9752678831667853,-0.8917806676398778,-0.976644507839561,-0.892364310939885,-0.9878283403773287,-0.9495574059829003,-0.9516778751628457,-0.8833115188113523,-0.9890206228890758,-0.9465329085010337,0
8.78,-0.999801751251898,-0.9923684406200428,-0.979579552056781,-0.9009308535037395,-0.9807666943661719,-0.9013795184128995,-0.9908087036252365,-0.9557915720531798,-0.9576579538192745,-0.8931052839304011,-0.9919327244381938,-0.9529164179827311,0
8.8,-0.9991861698526255,-0.9947315394368086,-0.9834827618299938,-0.9096967347261266,-0.9844935968389641,-0.9100211642101486,-0.9933730034622273,-0.9616235870547601,-0.9632529204407779,-0.9024887342116237,-0.9943975452348223,-0.9589041238151816,0
8.82,-0.9981532593639081,-0.9966585867743523,-0.9869757532568183,-0.918074628103638,-0.9878233044322943,-0.9182854953549235,-0.9955200904530869,-0.9670509417770468,-0.9684601049538597,-0.9114582377237728,-0.996414537289223,-0.9644933776812111,0
8.84,-0.9967033349369522,-0.9981490419598891,-0.9900569399109453,-0.926061015601791,-0.9907540719103052,-0.9261689163725569,-0.9972489914267175,-0.9720712978633779,-0.9732769978323262,-0.9200103489029298,-0.9979833454041469,-0.9696816984679777,0
8.86,-0.9948368881103407,-0.999202550598577,-0.9927249089313163,-0.9336525458035597,-0.9932843206289701,-0.9336679909301291,-0.9985589099394492,-0.976682488840133,-0.9777012514318096,-0.9281418094590815,-0.999103806910659,-0.9744667734277597,0
8.88,-0.9925545866818228,-0.9998189445112012,-0.9949784217086738,-0.9408460352879834,-0.9954126394622467,-0.9407794434069839,-0.9994492266623805,-0.9808825210723026,-0.9817306812507638,-0.9358495492127686,-0.999775951333102,-0.9788464592653661,0
8.9,-0.9898572745034797,-0.9999982415984039,-0.996816414496416,-0.9476384699382678,-0.9971377856519291,-0.9475001603953607,-0.9999194996925821,-0.9846695746451128,-0.9853632671173662,-0.9431306868615461,-0.9999999999832712,-0.9828187831516991,0
8.92,-0.9867459712003553,-0.9997406456314895,-0.9982379989454945,-0.9540270061788358,-0.9984586855808234,-0.9538271921304896,-0.9999694647880322,-0.9880420041713273,-0.9885971543017973,-0.9499825306759919,-0.9997763654838938,-0.986381943663031,0
8.94,-0.9832218718126747,-0.9990465459698586,-0.9992424625631257,-0.9600089721408099,-0.999374435468908,-0.9597577538495328,-0.9995990355261811,-0.9909983395238826,-0.9914306545534024,-0.9564025791250484,-0.9991056512215404,-0.9895343116455909,0
8.96,-0.9792863463618049,-0.9979165172051568,-0.999829269095125,-0.9655818687554378,-0.9998843019921778,-0.9652892270787765,-0.9988083033860826,-0.9935372864935471,-0.9938622470622747,-0.9623885214304725,-0.9979886507291115,-0.9922744310050902,0
8.98,-0.9749409393401525,-0.9963513187322491,-0.9999980588317009,-0.970743370775008,-0.9999877228239027,-0.970419160848517,-0.997597537754055,-0.9956577273713221,-0.995890579344839,-0.9679382380502204,-0.9964263469980792,-0.9946010194208502,0
9.0,-0.9701873691252151,-0.994351894247164,-0.9997486488365818,-0.9754913277208271,-0.9996843070980749,-0.975145272835115,-0.9959671858528744,-0.9973587214553383,-0.9975144680530458,-0.9730498010905901,-0.9944199117206795,-0.9965129689842243,0
9.02,-0.9650275273180475,-0.9919193711721773,-0.9990810330993853,-0.9798237647578605,-0.9989738357948469,-0.9794654504297209,-0.9939178725945301,-0.998639505482034,-0.9987328997068228,-0.9777214746469857,-0.9919707044622846,-0.9980093467610444,0
9.040000000000001,-0.9594634780064305,-0.9890550600082364,-0.9979953826111664,-0.983738883495673,-0.9978562620478069,-0.9833777517332106,-0.9914504003566118,-0.9994994939814311,-0.9995450313494693,-0.9819517150731758,-0.9890802717642097,-0.9990893952778556,0
9.06,-0.9534974569530621,-0.9857604536149518,-0.9964920453631205,-0.9872350627153315,-0.9963317113729665,-0.986880406476905,-0.9885657486824222,-0.9999382795563613,-0.9999501911257102,-0.9857391711789516,-0.9857503461772268,-0.9997525329317313,0
9.08,-0.9471318707091327,-0.9820372264184156,-0.9945715462684487,-0.9903108590219679,-0.9944004818193796,-0.9899718168686706,-0.9852650739049519,-0.9999556330855224,-0.999947878782167,-0.989082684356103,-0.9819828452261006,-0.9999983543235006,0
9.1,-0.9403692956536636,-0.9778872335471347,-0.9922345870074245,-0.9929650074227253,-0.9920630440413397,-0.9926505583640429,-0.9815497086948778,-0.9995515038502847,-0.9995377660900349,-0.9919812886326679,-0.9777798703054691,-0.9998266305142485,0
9.120000000000001,-0.9332124769590341,-0.9733125098963893,-0.9894820457957384,-0.9951964218298464,-0.9893200412921468,-0.994915380362038,-0.9774211615327819,-0.9987260195851916,-0.9987196971897938,-0.9944342106554158,-0.9731437055074331,-0.9992373092049874,0
9.14,-0.925664327483147,-0.9683152691213671,-0.9863149770762271,-0.9970041954886921,-0.9861722893394647,-0.9967652068253565,-0.9728811161058228,-0.9974794864521382,-0.9974936888578162,-0.9964408696005681,-0.9680768163812375,-0.998230514839429,0
9.16,-0.917727926588719,-0.9628979025594424,-0.9827346111341269,-0.9983876013305114,-0.9826207763023274,-0.9981991368247144,-0.9679314306291218,-0.9958123889382406,-0.9958599306947695,-0.9980008770127695,-0.9625818486254546,-0.9968065486298195,0
9.18,-0.9094065188902084,-0.9570629780820029,-0.9787423536360297,-0.9993460922498101,-0.9786666624098936,-0.9992164450070692,-0.962574137092154,-0.9937253896774424,-0.9938187852357498,-0.9991140365723544,-0.9566616267131082,-0.9949658885058366,0
9.200000000000001,-0.9007035129289248,-0.9508132388762545,-0.9743397850927438,-0.9998793013062052,-0.9743112796820745,-0.9998165819875451,-0.9568114404304789,-0.9912193291959375,-0.991370787982114,-0.9997803437909746,-0.9503191524501992,-0.9927091889865788,0
9.22,-0.8916224797769089,-0.9441516021574616,-0.9695286602463038,-0.9999870418506757,-0.969556131532206,-0.99999917466489,-0.950645717623163,-0.9882952255815216,-0.9885166473550198,-0.999999985635681,-0.9435576034681284,-0.9900372809757125,0
9.24,-0.88216715157018,-0.9370811578121148,-0.9643109073814016,-0.9996693075761562,-0.9644028922919636,-0.9997640264603349,-0.9440795167162891,-0.9849542740770153,-0.9852572445707138,-0.9997733400815774,-0.9363803316505259,-0.9869511714798719,0
9.26,-0.8723414199719968,-0.929605166972531,-0.958688627561545,-0.9989262724924522,-0.9588534066587594,-0.9991111174797586,-0.9371155557729738,-0.9811978465979365,-0.981593633437645,-0.9991009755931838,-0.9287908614950336,-0.9834520432504468,0
9.28,-0.8621493345668004,-0.921727060523442,-0.9526640937902808,-0.9977582908254823,-0.9529096890658916,-0.9980406045990914,-0.9297567217503473,-0.9770274911746307,-0.9775270400755166,-0.997983650534682,-0.9207928884106074,-0.979541254348921,0
9.3,-0.8515951011855396,-0.9134504375411318,-0.9462397500978567,-0.9961658968408912,-0.9465739229757534,-0.9965528214729293,-0.9220060693039817,-0.9724449313191025,-0.9730588625564253,-0.9964223125092303,-0.9123902769509328,-0.9752203376359588,0
9.32,-0.8406830801631047,-0.9047790636657266,-0.9394182105537209,-0.9941498045921042,-0.9398484600964447,-0.9946482784663607,-0.9138668195202828,-0.9674520653168165,-0.9681906704682712,-0.994418097627569,-0.903587058984576,-0.9704910001844738,0
9.34,-0.8294177845286363,-0.8957168694072642,-0.9322022582053004,-0.9917109075929259,-0.93273581952216,-0.99232766251004,-0.9053423585773986,-0.9620509654437819,-0.962924204400656,-0.9919723297061576,-0.8943874318025113,-0.9653551226169382,0
9.36,-0.8178038781294856,-0.8862679483861928,-0.9245948439435201,-0.988850278414819,-0.9252386867977627,-0.9895918368785823,-0.8964362363352132,-0.9562438771092489,-0.9572613753535225,-0.9890865193951133,-0.8847957561637005,-0.9598147583672381,0
9.38,-0.8058461736896531,-0.8764365555089835,-0.9165990852955627,-0.9855691682090314,-0.9173599129079926,-0.9864418408923775,-0.8871521648550427,-0.9500332179243929,-0.9512042640688271,-0.9857623632362458,-0.874816554279419,-0.9538721328673951,0
9.4,-0.7935496308035443,-0.8662271050795615,-0.908218265145402,-0.9818690061537673,-0.9091025131917817,-0.9828788895429627,-0.877494016849669,-0.9434215766973845,-0.9447551202855621,-0.9820017426515087,-0.8644545077370436,-0.9475296426595229,0
9.42,-0.7809193538659183,-0.8556441688472889,-0.8994558303826667,-0.9777513988266334,-0.9004696661821902,-0.978904373042121,-0.8674658240643802,-0.936411712355279,-0.9379163619184909,-0.9778067228622125,-0.853714455364062,-0.9407898544334122,0
9.44,-0.7679605899389218,-0.8446924739922642,-0.8903153904804297,-0.9732181295026214,-0.8914647123725059,-0.9745198562949114,-0.8570717755897135,-0.9290065527931869,-0.9306905741609822,-0.9731795517393723,-0.8426013910330561,-0.933655503990169,0
9.46,-0.7546787265571464,-0.8333769010487221,-0.8808007160025461,-0.9682711573779179,-0.8820911529090861,-0.9697270782968629,-0.8463162161066314,-0.9212091936512214,-0.9230805085123706,-0.9681226585855887,-0.831120461408472,-0.9261294951323632,0
9.48,-0.7410792894716528,-0.8217024817673421,-0.870915737041187,-0.9629126167198659,-0.8723526482115507,-0.9645279514556019,-0.8352036440648848,-0.9130228970197486,-0.915089081730302,-0.9626386528488846,-0.8192769636359833,-0.9182148984811863,0
9.5,-0.7271679403339484,-0.8096743969173102,-0.8606645415852626,-0.9571448159434324,-0.8622530165209658,-0.9589245608372152,-0.8237387097953452,-0.9044510900734951,-0.9067193747085545,-0.9567303227689481,-0.8070763429752987,-0.9099149502211268,0
9.52,-0.7129504743209196,-0.7972979740289918,-0.8500513738204329,-0.9509702366145661,-0.8517962323766936,-0.9529191633376822,-0.811926213557126,-0.8954973636350978,-0.8979746312808601,-0.9504006339562553,-0.7945241903772726,-0.9012330507727301,0
9.540000000000001,-0.6984328177017509,-0.7845786850781069,-0.8390806323614629,-0.9443915323808617,-0.8409864250226143,-0.9465141867797404,-0.799771103520327,-0.8861654706687182,-0.8888582569512861,-0.9436527279045775,-0.7816262400062219,-0.8921727633940151,0
9.56,-0.6836210253478842,-0.7715221441123159,-0.8277568684176799,-0.9374115278299777,-0.8298278767434532,-0.9397122289355835,-0.7872784736852684,-0.876459324704359,-0.8793738175517645,-0.9364899204373992,-0.7683883667083463,-0.882737812711171,0
9.58,-0.6685212781871039,-0.7581341048211593,-0.816084783892341,-0.9300332172762854,-0.8183250211319811,-0.9325160564758238,-0.7744535617391196,-0.8663829981935643,-0.8695250378273907,-0.9289157000887932,-0.7548165834272021,-0.8729320831791741,0
9.6,-0.6531398806028433,-0.7444204580503015,-0.8040692294167341,-0.9222597634762516,-0.8064824412878855,-0.9249286038451815,-0.7613017468508323,-0.855940720797204,-0.8593157999501515,-0.9209337264193432,-0.7409170385671787,-0.8627596174730034,0
9.620000000000001,-0.6374832577798492,-0.730387229261072,-0.791715202319873,-0.9140944962730976,-0.7943048679491377,-0.91695297206539,-0.7478285474053308,-0.8451368776060816,-0.848750141961758,-0.9125478282677038,-0.7266960133059666,-0.8522246148101548,0
9.64,-0.6215579529973433,-0.7160405759363059,-0.7790278445346618,-0.9055409111712979,-0.7817971775567141,-0.908592427465847,-0.7340396186779401,-0.8339760072951237,-0.8378322561463112,-0.903762001938439,-0.7121599188570124,-0.8413314292051948,0
9.66,-0.6053706248708625,-0.7013867849335176,-0.7660124404414453,-0.8966026678415149,-0.7689643902535542,-0.8998504003425666,-0.7199407504500361,-0.8224628002119396,-0.8265664873335365,-0.8945804093267857,-0.6973152936829873,-0.830084567657116,0
9.68,-0.588928044543967,-0.6864322697864533,-0.7526744146498819,-0.8872835885565957,-0.755811667818676,-0.890730483546019,-0.7055378645669613,-0.810602096400574,-0.8149573311333754,-0.8850073759810225,-0.682168800661318,-0.8184886882702792,0
9.700000000000001,-0.5722370928310364,-0.6711835679561003,-0.7390193297200989,-0.8775876565592892,-0.7423443115373797,-0.8812364309984745,-0.6908370124392318,-0.7983988835612977,-0.803009432102735,-0.8750473891031515,-0.666727224202838,-0.8065485983097764,0
9.72,-0.5553047573123855,-0.6556473380322514,-0.7250528838241233,-0.8675190143623558,-0.7285677600085216,-0.8713721561415031,-0.675844372488132,-0.7858582949473052,-0.7907275818452342,-0.8647050954886211,-0.6509974673246556,-0.7942692521920494,0
9.74,-0.5381381293829561,-0.6398303568867372,-0.7107809083486004,-0.8570819619817942,-0.7144875868898478,-0.8611417303143016,-0.6605662475367788,-0.772985607199226,-0.778116717044816,-0.8539852994058379,-0.6349865486783358,-0.7816557494116525,0
9.76,-0.5207444012558666,-0.62373951677946,-0.69620936543984,-0.8462809551039208,-0.7001094985824138,-0.8505493810635646,-0.6450090621477751,-0.7597862381183694,-0.7651819174341156,-0.8428929604162538,-0.6187015995345266,-0.7687133324050566,0
9.78,-0.5031308629221112,-0.6073818224183971,-0.6813443454922542,-0.8351206031870623,-0.6854393318551391,-0.8395994903856271,-0.6291793599086045,-0.7462657443796599,-0.7519284036985158,-0.8314331911358229,-0.6021498607251732,-0.755447384352427,0
9.8,-0.4853048990677233,-0.5907643879747398,-0.6661920645812763,-0.8236056674986695,-0.6704830514105762,-0.8282965929016523,-0.6130838006659252,-0.732429819185239,-0.7383615353168319,-0.8196112549386614,-0.5853386795444828,-0.7418634269183306,0
9.82,-0.4672739859497327,-0.5738944340543731,-0.6507588618418769,-0.8117410590886659,-0.6552467473929927,-0.8166453739666557,-0.5967291577099447,-0.7182842898597367,-0.724486808339612,-0.8074325636037499,-0.5682755066098262,-0.7279671179323614,0
9.84,-0.44904568823227375,-0.5567792846269048,-0.635051196793796,-0.7995318366998833,-0.639736632839889,-0.8046506677131887,-0.580122314910095,-0.7038351153882377,-0.7103098531060573,-0.7949026749055651,-0.5509678926837674,-0.7137642490106856,0
9.86,-0.43062765578420564,-0.5394263639134844,-0.6190756466146742,-0.7869832046164604,-0.6239590410781115,-0.7923174550305317,-0.5632702638032228,-0.6890883838980038,-0.695836431900589,-0.7820272901495212,-0.5334234854584461,-0.6992607431195476,0
9.88,-0.4120276204396194,-0.5218431932346537,-0.6028389033622347,-0.7741005104511077,-0.6079204230657229,-0.7796508614802822,-0.5461801006355579,-0.674050310085018,-0.6810724365501282,-0.7688122516531528,-0.5156500263035424,-0.6844626520817852,0
9.9,-0.3932533927226524,-0.504037387819509,-0.5863477711467427,-0.7608892428721655,-0.5916273446808381,-0.7666561551492334,-0.5288590233597107,-0.6587272325864533,-0.6660238859631683,-0.7552635401739751,-0.4976553469790791,-0.6693761540274558,0
9.92,-0.37431285853799817,-0.4860166535774527,-0.5696091632549452,-0.7473550292714104,-0.5750864839586363,-0.7533387444404854,-0.5113143285879956,-0.6431256113001947,-0.6506969236117467,-0.7413872722849814,-0.47944736631431745,-0.6540075507896572,0
9.94,-0.3552139758285546,-0.4677887838338395,-0.5526300992267446,-0.7335036333735844,-0.5583046282777969,-0.7397041758037413,-0.4935534085033908,-0.6272520246525483,-0.6350978149574509,-0.7271896976987751,-0.4610340868540382,-0.6383632652466882,0
9.96,-0.3359647712016516,-0.44936165603083056,-0.5354177018858669,-0.7193409527886563,-0.5412886714976196,-0.7257581314057745,-0.4755837477294391,-0.611113166815313,-0.6192329448226184,-0.7126771965413315,-0.4424235914734991,-0.6224498386117016,0
9.98,-0.3165733365253052,-0.430743228394799,-0.5179791943258062,-0.7048730165078392,-0.5240456110471114,-0.7115064267420858,-0.45741292016045126,-0.5947158448733985,-0.6031088147079078,-0.6978562765764241,-0.42362403996338677,-0.6062739276710146,0
10.0,-0.2970478254959751,-0.4119415365716196,-0.5003218968523409,-0.6901059823444112,-0.5065825449673496,-0.6969550081907705,-0.439048585753354,-0.5780669759442016,-0.5867320400574411,-0.6827335703817621,-0.4046436655860678,-0.5898423019722865,0
10.02,-0.27739645017929415,-0.3929646902312177,-0.48245322388395473,-0.6750461343204286,-0.48890666890843604,-0.6821099505096693,-0.4204984872825632,-0.5611735842499721,-0.570109347472751,-0.6673158324779144,-0.38549077160450895,-0.5731618409637691,0
10.040000000000001,-0.2576274775252717,-0.37382086964274464,-0.4643806808114878,-0.6596998800004044,-0.471025273082397,-0.6669774542778839,-0.4017704470592719,-0.5440427981444078,-0.5532475718767748,-0.651609936411105,-0.36617372778518803,-0.5562395310858781,0
10.06,-0.23774922585946404,-0.3545183222217721,-0.4461118608183699,-0.6440737477730998,-0.4529457391733805,-0.6515638432827572,-0.38287236361654864,-0.5266818470947625,-0.5361536536291608,-0.6356228717909903,-0.3467009668763725,-0.5390824628163386,0
10.08,-0.21777006135162474,-0.3350653590509017,-0.42765444166282507,-0.628174384082551,-0.4346755372065314,-0.6358755618534628,-0.3638122083616767,-0.5090980586207406,-0.518834635594184,-0.6193617412845484,-0.32708098106314254,-0.5216978276701919,0
10.1,-0.19769839446336004,-0.31547035137520824,-0.40901618242341314,-0.6120085506094999,-0.41622222237694845,-0.6199191721423493,-0.3445980221971572,-0.49129885519149485,-0.5012976601625699,-0.6028337575672342,-0.3073223184005369,-0.5040929151559407,0
10.120000000000001,-0.17754267637631113,-0.29574172707393964,-0.3902049202093213,-0.5955831214044169,-0.3975934318401272,-0.6037013513552149,-0.32523791211182285,-0.4732917510820454,-0.4835499662285679,-0.586046240232556,-0.28743357922622376,-0.48627510968917753,0
10.14,-0.15731139540240446,-0.275887967109902,-0.3712285668368206,-0.5789050799733213,-0.3787968814653209,-0.5872288889317105,-0.3057400477435299,-0.45508434919046237,-0.4655988861236053,-0.5690066126612673,-0.26742341255410484,-0.46825188746500945,0
10.16,-0.137013073377716,-0.25591760195797963,-0.3520951054733207,-0.5619815163176086,-0.3598403625532687,-0.5705086836770998,-0.2861126579148811,-0.43668433781717025,-0.44745184250790077,-0.5517223988513777,-0.2473005124502622,-0.4500308132906334,0
10.18,-0.11665626204150277,-0.2358392080142538,-0.33281258725046947,-0.5448196239291585,-0.3407317385197397,-0.5535477408465992,-0.26636402714346996,-0.4180994874077458,-0.4291163452214131,-0.5342012202101963,-0.22707361439267826,-0.4316195373794395,0
10.200000000000001,-0.09624953940194776,-0.2156614039871571,-0.3133891278477416,-0.5274266967419574,-0.321478941546378,-0.5363531691835711,-0.24650249212814682,-0.39933764726060156,-0.41059998809552517,-0.5164507923096439,-0.20675149161616643,-0.41302579210801466,0
10.22,-0.07580150609019586,-0.1953928472721696,-0.2938329040480072,-0.5098101260415341,-0.30208996920032544,-0.5189321779128415,-0.22653643821279065,-0.3804067422009521,-0.3919104457268835,-0.49847892160610097,-0.18634295144394203,-0.3942573887374573,0
10.24,-0.055320781704238466,-0.17504223031150856,-0.2741521502665406,-0.491977397333504,-0.28257288102412703,-0.5012920736904469,-0.2064742958291119,-0.36131476922248723,-0.3730554702148213,-0.48029350212603705,-0.16585683160729192,-0.375322214100404,0
10.26,-0.03481600114422223,-0.1546182769403052,-0.25435515505498635,-0.47393608717254226,-0.2629357950974252,-0.48344025751111713,-0.1863245369199994,-0.3420697940981877,-0.35404288786380905,-0.46190251211873334,-0.1453019965547991,-0.3562282272552186,0
10.28,-0.014295810940752815,-0.13412973872077802,-0.23445025758175866,-0.4556938599531088,-0.24318688457197327,-0.4653842215748434,-0.16609567134494052,-0.32267994796171184,-0.33488059585240504,-0.4433140106773677,-0.12468733375257524,-0.33698345610875946,0
10.3,0.0062311344222216025,-0.11358539126587439,-0.21444584409040943,-0.43725846466329354,-0.22333437418149374,-0.4471315461138624,-0.14579624326905602,-0.3031534238608268,-0.3155765588701661,-0.42453613432980536,-0.10402174997696902,-0.3175959940092069,0
10.32,0.026756176188374912,-0.09299403055390332,-0.1943503443374731,-0.41863773160313106,-0.20338653672792745,-0.4286898961814505,-0.12543482753727847,-0.28349847328434724,-0.29613880572401774,-0.4055770936004005,-0.08331416760123224,-0.2980739963104018,0
10.34,0.047270655012227776,-0.07236446923566887,-0.1741722280113272,-0.399839569068772,-0.1833516895456274,-0.41006701840388493,-0.10502002603523812,-0.2637234026640514,-0.27657542591558043,-0.3864451695441553,-0.06257352087760307,-0.278425676909176,0
10.36,0.06776591464305995,-0.05170553293560037,-0.15392000113359974,-0.3808719600039107,-0.1632381909450601,-0.39127073769699416,-0.08456046403840121,-0.24383656985309227,-0.2568945661909621,-0.3671487102545979,-0.04180875221630122,-0.25865930475718313,0
10.38,0.08823330560791819,-0.031026056548415802,-0.13360220244467694,-0.361742958619871,-0.1430544366375776,-0.37230895394870245,-0.06406478655102119,-0.22384638058236234,-0.23710442706454474,-0.34769612734673494,-0.02102880846289742,-0.23878320034870806,0
10.4,0.1086641888921531,-0.010334880532816762,-0.11322739977485455,-0.3424606869857809,-0.12280885614284327,-0.35318963866899517,-0.04354165463646566,-0.20376128489636616,-0.2172132593182953,-0.32809589241646037,-0.00024263717556751466,-0.21880573218598934,0
10.42,0.12904993961588274,0.01035915279624007,-0.09280418640269826,-0.32303333159026093,-0.10250990918049305,-0.3339208316087542,-0.022999741740487148,-0.18358977357008835,-0.197229360478148,-0.3083565334778096,0.02054081709631135,-0.19873531322355545,0
10.44,0.1493819507048302,0.03104720297519503,-0.0723411774021698,-0.30346913987609075,-0.08216608204761698,-0.3145106373489146,-0.0024477300090030613,-0.1633403745083887,-0.17716107126900707,-0.28848663137945724,0.04131261653071277,-0.17858039729311911,0
10.46,0.1696516365539466,0.05172043509792816,-0.051847005980089574,-0.28377641674929216,-0.061785883983665815,-0.2949672218614114,0.018105693398040166,-0.1430216491294701,-0.15701677204993325,-0.26849481620186477,0.06206383374718674,-0.15834947551056633,0
10.48,0.18985043668225168,0.07237002351867029,-0.0313303198055066,-0.2639635210641145,-0.04137784352436925,-0.2752988090433992,0.03865183999514251,-0.12264218873394628,-0.13680487923108467,-0.24838976363650128,0.08278555551527388,-0.13805107266657146,0
10.5,0.20996981937731957,0.0929871555502588,-0.010799777332548067,-0.2440388620854009,-0.020950504846277633,-0.2555136772262344,0.05918202366050603,-0.10221061086105745,-0.11653384167398209,-0.2281801913485638,0.10346888645560615,-0.11769374360241587,0
10.52,0.23000128532785616,0.11356303515621213,0.009735955881668005,-0.22401089592981552,-0.0005124241035294116,-0.23562015566071284,0.07968756432447399,-0.08173555563359376,-0.09621213707669034,-0.20787485532463262,0.1241049527322293,-0.09728606957253753,0
10.540000000000001,0.2499363712428037,0.13408888663512197,0.030268210862492893,-0.20388812198744113,0.019927834241546278,-0.2156266209800945,0.10015979165560682,-0.0612256820930718,-0.0758482683454957,-0.1874825462067021,0.14468490573465018,-0.07683665459539922,0
10.56,0.269766653455429,0.15455595829581797,0.05078831890498109,-0.18367907932525723,0.040361701092379805,-0.19554149364241294,0.12059004874279987,-0.04068966452672952,-0.055450759954677055,-0.16701208561404582,0.16519992574813658,-0.05635412179422999,0
10.58,0.28948375151083977,0.1749555261218151,0.07128761526133594,-0.16339234307399694,0.06078060639505631,-0.17537323435361368,0.14096969577188181,-0.02013618878790287,-0.03502815429596314,-0.14647232245436284,0.18564122561078591,-0.035847109729218805,0
10.6,0.3090793317353964,0.19527889742351567,0.09175744282697315,-0.14303652079992632,0.08117598281654159,-0.15513034047305693,0.16129011369513452,0.00042605138864822405,-0.014589008019285993,-0.12587212922567753,0.20600005435590504,-0.01532426872272756,0
10.620000000000001,0.3285451107864984,0.2155174144766735,0.11218915582363212,-0.12262024886305954,0.1015392694226281,-0.13482134240291935,0.18154270789215118,0.020988358074901656,0.005858111633577328,-0.10522039831045839,0.2262677008382064,0.005205742820893668,0
10.64,0.3478728591812163,0.23566245814560893,0.13257412347795103,-0.10215218876335154,0.12186191535399055,-0.1144547999630576,0.20171891182048896,0.04154203283964985,0.02630463050085522,-0.0845260382634261,0.2464354973423869,0.0257342620993045,0
10.66,0.3670544048022554,0.25570545148967677,0.152903733693941,-0.0816410234764102,0.142135383498738,-0.094039298752889,0.22181019065455376,0.062078380438915955,0.04674197117653088,-0.06379797009453189,0.2664948231726163,0.04625262559841712,0
10.68,0.38608163637975945,0.2756378633515156,0.17316939671776985,-0.061095453780269426,0.16235115415986665,-0.07358344650183592,0.24180804491115698,0.08258871250515357,0.06716155668836779,-0.043045123548593384,0.28643710822148566,0.06675217277929221,0
10.700000000000001,0.404946506947453,0.29545121192556956,0.19336254879330417,-0.04052419457476253,0.18250072871600023,-0.05309586940992581,0.26170401406022203,0.10306435123364448,0.0875548141766151,-0.02227643338305386,0.30625383651697446,0.08722424976410673,0
10.72,0.423641037271656,0.3151370683054357,0.21347465580683367,-0.019935971195074512,0.2025756332738184,-0.032585208480096946,0.28148968011906916,0.12349663306453167,0.10791317857177507,-0.0015008356453717665,0.3259365497460055,0.10766021301962198,0
10.74,0.44215731925168955,0.3346870600085398,0.23349721691942454,0.0006604842790114199,0.22256742231058865,-0.01206011584379252,0.30115667122878675,0.14387691235893174,0.12822809626983084,0.019272736048480954,0.34547685075314644,0.12805143303655855,0
10.76,0.4604875192902306,0.3540928744767083,0.2534217681853403,0.02125643671657234,0.24246768230519591,0.0084707489185791,0.3206966652111241,0.16419656506754216,0.14849102880332882,0.04003535423292681,0.36486640701306067,0.14838929800331196,0
10.78,0.47862388163215874,0.37334626255117687,0.2732398861549934,0.04184315163019411,0.26226803535610016,0.028998722460750827,0.34010139310442483,0.18444699239020226,0.16869345650671302,0.060778101307595755,0.3840969540752747,0.1686652174724345,0
10.8,0.49655873167047715,0.39243904192059065,0.29294319146087433,0.062411898870221486,0.28196014278463677,0.04951514135566764,0.35936264267707096,0.20461962442484463,0.18882688217430804,0.08149207324656679,0.40316029897987865,0.18887062601829988,0
10.82,0.5142844792179001,0.41136310054058095,0.31252335238493395,0.08295395631706402,0.30153570872208807,0.07001134578097573,0.37847226191695615,0.22470592380427445,0.2088828347093631,0.10216838330053989,0.4220483236427696,0.2089969868843933,0
10.84,0.5317936217426835,0.43011040002349055,0.3319720884058917,0.10346061357000212,0.3209864836789678,0.09047868320330776,0.3974221624954943,0.24469738931925514,0.22885287276256164,0.12279816569045328,0.4407529882090618,0.22903579561867277,0
10.86,0.5490787475673474,0.44867297899684516,0.35128117372494727,0.12392317563092992,0.3403042680949611,0.11090851205982809,0.41620432320468714,0.2645855595263279,0.24872858835841175,0.14337257929106204,0.4592663343732888,0.24897858369541934,0
10.88,0.5661325390288906,0.46704295642918703,0.37044244076839494,0.14433296658148628,0.35948091586797654,0.13129220543542666,0.4348107933657942,0.2843620163388593,0.26850161050793847,0.1638828113030011,0.4775804886650565,0.26881692212205327,0
10.9,0.5829477755991717,0.4852125349218713,0.3894477836656449,0.16468133325202072,0.37850833786077365,0.15162115473400775,0.45323369620814674,0.30401838859977454,0.28816360880610625,0.18432008091184093,0.4956876656988094,0.2885424250293566,0
10.92,0.599517336964112,0.5031740039654818,0.40828916170115753,0.18495964888084787,0.3973785053836399,0.17188677334227995,0.4714652322166722,0.3235463556344604,0.307706297012406,0.20467564293267093,0.5135801713863679,0.30814675324356205,0
10.94,0.6158342060603998,0.5209197431594959,0.4269586027388227,0.20515931676224283,0.41608345365160887,0.1920805002845081,0.48949768244670155,0.3429376507823285,0.32712143661304705,0.22494079143873483,0.5312504061109491,0.3276216178387919,0
10.96,0.6318914720684077,0.5384422253938719,0.4454482066173244,0.22527177388164515,0.4346152852147084,0.21219380386662554,0.507323411804649,0.3621840649055388,0.34640084036321206,0.24510686337265591,0.5486908678613546,0.3469587836683168,0
10.98,0.6476823333600391,0.5557340199912343,0.4637501485150247,0.24528849453652649,0.45296617335975786,0.2322181853081784,0.5249348722931629,0.38127744987338763,0.36553637580782744,0.26516524213878856,0.565894155325054,0.3661500728731319,0
11.0,0.6632001004002489,0.5727877958083436,0.4818566822829513,0.26520099394140445,0.471128365482231,0.25214518236052946,0.5423246062193792,0.4002097220208833,0.38451996877932554,0.28510736117525026,0.5828529709389016,0.38518736836633877,0
11.02,0.678438198600991,0.5895963242955793,0.49976014374444594,0.2850008318154705,0.48909418642672714,0.27196637290977144,0.5594852493648982,0.4189728655800383,0.4033436068708801,0.3049247075041767,0.5995601238962245,0.40406261729185217,0
11.040000000000001,0.6933901711263818,0.6061524825131376,0.5174529539600816,0.30467961595133136,0.5068560417945952,0.2916733785628207,0.576409534116144,0.43755893608241536,0.42199934288360247,0.3246088252587692,0.616008533109068,0.4227678344559438,0
11.06,0.7080496816478763,0.6224492561027175,0.5349276224564378,0.3242290057633489,0.5244064212172839,0.3112578682151475,0.5930902925537719,0.45596006373149134,0.4404792982462119,0.3441513191857029,0.632191230124372,0.441295105730172,0
11.08,0.7224105170482874,0.6384797422134318,0.5521767504173765,0.3436407158140731,0.5417379015939926,0.33071156159861415,0.6095204594998089,0.47416845674339725,0.4587756664056859,0.3635438581214741,0.6481013619928848,0.4596365914242219,0
11.1,0.7364665900734848,0.6542371523807442,0.5691930338364355,0.36290651931729573,0.5588431502922251,0.35002623280791306,0.6256930755212332,0.4921764046546094,0.47688071618743183,0.38277817844127165,0.6637321940896438,0.4777845296272274,0
11.120000000000001,0.7502119419306447,0.6697148153572228,0.5859692666290073,0.3820182516162377,0.5757149283098574,0.36919371380408234,0.6416012898887096,0.5099762815952086,0.49478679512351903,0.4018460874789786,0.679077112884853,0.49573123951614423,0
11.14,0.7636407448319484,0.684906179893938,0.6024983437029736,0.4009678136353923,0.5923460933973516,0.38820589789361803,0.6572383634892304,0.5275605495262901,0.5124863327475272,0.42073946691690184,0.6941296286640338,0.5134691246297605,0
11.16,0.7767473044826354,0.6998048174713365,0.618773263986483,0.41974717530459116,0.6087296031387666,0.4070547431816823,0.6725976716914172,0.5449217614401625,0.5299718438545876,0.4394502761438594,0.7088833781963177,0.530990676106945,0
11.18,0.7895260625123516,0.7144044249784585,0.6347871334115783,0.43834837895381557,0.6248585179902298,0.4257322759979342,0.6876727071622667,0.5620525645219786,0.54723593172521,0.4579705555802565,0.7233321273497895,0.5482884758877482,0
11.200000000000001,0.8019715988487576,0.7286988273393846,0.6505331678524132,0.4567635426773496,0.6407260042745607,0.4442305942935164,0.7024570826341382,0.5789457032714455,0.5642712913114925,0.47629242996878585,0.7374697736528033,0.5653551998759995,0
11.22,0.8140786340323823,0.7426819800858072,0.6660046960167835,0.47498486366582887,0.656325337130744,0.46254187100775573,0.7169445336208138,0.5955940225832961,0.5810707123843406,0.49440811162942083,0.7512903488002189,0.5821836210620274,0
11.24,0.8258420314717356,0.756347971874662,0.6811951622897647,0.49300462150479957,0.6716499034169893,0.4806583574031279,0.7311289210814753,0.6119904707852047,0.5976270826403394,0.5123099036773673,0.7647880211035252,0.5987666126041973,0
11.26,0.8372567996377172,0.7696910269497605,0.6960981295282258,0.5108151814383776,0.6866932045661122,0.4985723863670678,0.7450042340314538,0.6281281026318716,0.6139333907669258,0.5299902032026612,0.777957097883832,0.615097150867929,0
11.28,0.8483180941963846,0.7827055075464024,0.7107072818050338,0.5284089975966375,0.7014488593920125,0.5162763756792079,0.7585645920986599,0.6440000822539836,0.6299827294645463,0.5474415044101131,0.7907920278067577,0.6311683184209118,0
11.3,0.8590212200791785,0.7953859162379606,0.7250164271017842,0.5457786161853653,0.7159106068460341,0.5337628312426548,0.7718042480245926,0.6595996860608162,0.6457682984244915,0.5646564017183128,0.8032874031582371,0.6469733069832263,0
11.32,0.8693616334897094,0.8077268982234561,0.7390194999488975,0.562916678636831,0.7300723087220202,0.5510243502779267,0.7847175901088738,0.6749203055952357,0.6612834072611207,0.581627592816425,0.8154379620603152,0.662505420331122,0
11.34,0.8793349438462634,0.8197232435551692,0.7527105640119754,0.5798159247202495,0.7439279523088921,0.5680536244781815,0.7972991445962584,0.689955450339888,0.676521478397212,0.5983478816775298,0.8272385906260071,0.6777580771532116,0
11.36,0.8889369156591876,0.8313698893053614,0.7660838146232921,0.5964691956106054,0.7574716529896166,0.5848434431243812,0.8095435780051209,0.7046987504733935,0.6914760499011982,0.6148101815272683,0.8386843250523393,0.6927248138578596,0
11.38,0.8981634703423687,0.8426619216711848,0.7791335812573646,0.6128694369145612,0.7706976567854328,0.6013866961590888,0.8214456993964132,0.71914395957536,0.7061407782750537,0.631007517766575,0.8497703536506995,0.7073992873305711,0
11.4,0.9070106879580146,0.853594578016921,0.7918543299495276,0.6290097016521592,0.7836003428442492,0.6176763772175523,0.8330004625821408,0.7332849572790757,0.7205094411916443,0.6469330308473029,0.8604920188136578,0.7217752776401996,0
11.42,0.915474808894016,0.8641632488526725,0.8042406656565019,0.644883153193063,0.7961742258721377,0.6337055866148048,0.8442029682724083,0.7471157518707615,0.7345759401803481,0.662579979099554,0.870844818917442,0.7358466906928294,0
11.44,0.923552235473155,0.8743634797486993,0.8162873345579333,0.6604830681460907,0.8084139585068751,0.6494675342874976,0.8550484661601376,0.7606304828342643,0.7483343032598005,0.6779417415095629,0.880824410159287,0.7496075608321893,0
11.46,0.9312395334934858,0.8841909731845786,0.827989226297934,0.6758028392008277,0.820314333632515,0.6649555426892118,0.8655323569425539,0.7738234233401197,0.7617786875166228,0.6930118204469768,0.8904266083288802,0.7630520533854994,0
11.48,0.9385334336992311,0.8936415903324326,0.839341376165669,0.6908359779201144,0.8318702866339914,0.6801630496380155,0.8756501942785948,0.7866889826779289,0.7749033816290256,0.7077838443404303,0.899647390513185,0.7761744671536567,0
11.5,0.9454308331815623,0.9027113527734603,0.8503389672140563,0.7055761174822222,0.8430768975907864,0.6950836111150431,0.8853976866814055,0.7992217086310148,0.7877028083342049,0.7222515703002952,0.9084828967339221,0.7889692368447049,0
11.52,0.9519287967086711,0.9113964441470654,0.8609773323156812,0.7200170153715731,0.8539293934087173,0.7097109040129159,0.8947706993451172,0.8114162897923429,0.8001715268384645,0.7364088866875298,0.9169294315170355,0.801430935449549,0
11.540000000000001,0.9580245579845662,0.9196932117318812,0.8712519561550532,0.734152556016848,0.8644231498889295,0.7240387288328206,0.9037652559051339,0.8232675578207369,0.8123042351690314,0.7502498156275851,0.9249834653934839,0.8135542765589017,0
11.56,0.9637155208360552,0.9275981679580377,0.8811584771563518,0.7479767533753849,0.8745536937332056,0.7380610123291007,0.9123775401311752,0.8347704896364189,0.824095772466551,0.7637685154683045,0.9326416363307408,0.8253341166204733,0
11.58,0.9689992603274131,0.9351079918500261,0.8906926893458409,0.7614837534627661,0.8843167044847264,0.7517718101002318,0.9206038975523604,0.8459202095549507,0.8355411212172777,0.776959283180825,0.9399007510944016,0.8367654571354481,0
11.6,0.9738735238022573,0.9422195303995619,0.8998505441481696,0.7746678368265235,0.8937080164034583,0.7651653091250759,0.9284408370136458,0.8567119913586652,0.8466354094240051,0.7898165567024795,0.946757786539334,0.8478434467933064,0
11.620000000000001,0.9783362318521861,0.9489297998678706,0.9086281521157789,0.787523420962919,0.9027236202753556,0.7782358302433346,0.9358850321629484,0.8671412603047116,0.8573739127147952,0.8023349172207319,0.9532098908298261,0.8585633835440878,0
11.64,0.982385479211774,0.9552359870168429,0.9170217845906952,0.8000450626757839,0.911359665154604,0.7909778305791398,0.9429333228683291,0.8772035950688621,0.8677520563886124,0.8145090913972093,0.9592543845882359,0.8689207166072084,0
11.66,0.9860195355795356,0.9611354502685486,0.9250278752979896,0.8122274603764073,0.9196124600381602,0.8033859059067555,0.9495827165646299,0.8868947296242506,0.8777654173969743,0.8263339535308957,0.9648887619716494,0.8789110484159796,0
11.68,0.9892368463645141,0.9666257207926178,0.9326430218702382,0.8240654563235105,0.9274784754718687,0.8154547929573747,0.9558303895289989,0.896210555054257,0.8874097262607753,0.8378045276596154,0.9701106916761044,0.8885301364970007,0
11.700000000000001,0.992036033358176,0.9717045035210311,0.9398639873023241,0.8355540388023622,0.9349543450874656,0.827179371666035,0.9616736880847546,0.9051471212987527,0.8966808689214589,0.8489159895989122,0.9749180178679597,0.8977738952836263,0
11.72,0.9944158953313239,0.9763696780898973,0.9466877013359732,0.8466883442421017,0.9420368670698182,0.8385546673576905,0.9671101297330867,0.9137006388329796,0.9055748885257445,0.859663668917496,0.9793087610420143,0.9066383978627316,0
11.74,0.9963754085557776,0.9806192997078136,0.9531112617734233,0.8574636592703871,0.9487230055537628,0.8495758528715139,0.9721374042121044,0.9218674802783429,0.9140879871431454,0.8700430508484355,0.9832811188060243,0.915119877654039,0
11.76,0.9979137272505975,0.9844515999504506,0.9591319357196807,0.8678754227044903,0.9550098919499522,0.8602382506225161,0.9767533744827912,0.9296441819444368,0.9222165274155422,0.8800497781352967,0.986833466591282,0.9232147300212853,0
11.78,0.9990301839526653,0.9878649874810211,0.9647471607528278,0.8779192274780047,0.9608948261991415,0.8705373345996121,0.9809560776414402,0.937027445301647,0.9299570341381006,0.8896796528124722,0.9899643582889608,0.9309195138145505,0
11.8,0.9997242898114616,0.9908580486963295,0.9699545460218885,0.8875908225023419,0.9663752779543754,0.8804687322992815,0.9847437257581889,0.9440141383837102,0.9373061957708662,0.8989286379189537,0.9926725268119572,0.938230952843086,0
11.82,0.9999957348079154,0.9934295482981333,0.9747518732717828,0.8968861144622401,0.9714488876905771,0.8900282265939928,0.9881147066412945,0.9506012971196259,0.9442608658803798,0.9077928591448394,0.9949568845819932,0.9451459372780213,0
11.84,0.9998443878972354,0.9955784297895683,0.9791370977949376,0.9058011695445147,0.9761134677410589,0.8992117575346082,0.9910675845268266,0.9567861265943688,0.9508180645107028,0.9162686064098932,0.9968165239417719,0.9516615249843469,0
11.86,0.9992702970756603,0.997303815896432,0.9831083493091498,0.914332215099327,0.9803670032605177,0.9080154240859876,0.9936011006934842,0.9625660022378527,0.9569749794832639,0.9243523353734973,0.9982507174920114,0.9577749427816117,0
11.88,0.9982736893711006,0.9986050089131442,0.9866639327613256,0.9224756412332665,0.9842076531141023,0.9164354857950657,0.9957141740022771,0.9679384709416538,0.9627289676249732,0.9320406688753695,0.9992589183532137,0.9634835876327982,0
11.9,0.9968549707576778,0.9994814909732382,0.9898023290567591,0.9302280023335686,0.9876337506921743,0.9244683643906815,0.9974059013608435,0.9729012521030129,0.9680775559240772,0.939330398306445,0.9998407603520544,0.9687850277608692,0
11.92,0.995014725994196,0.9999329242442663,0.9925221957136394,0.9375860185228299,0.9906438046504171,0.9321106453144885,0.9986755581122051,0.977452238595675,0.973018442613264,0.9462184849093548,0.9999960581323126,0.9736770036925122,0
11.94,0.9927537183866161,0.9999591510470359,0.9948223674425078,0.9445465770436012,0.9932364995749766,0.9393590791822851,0.9995225983477976,0.9815894976671549,0.9775494981795538,0.952702061007954,0.9997248071902914,0.9781574292286375,0
11.96,0.9900728894746345,0.9995601938991246,0.9967018566504207,0.9511067335722715,0.9954106965723536,0.9462105831751504,0.9999466551446415,0.9853112717620499,0.9816687663005467,0.95877843116539,0.999027183834709,0.9822243923412176,0
11.98,0.9869733586424992,0.9987362554826521,0.9981598538696038,0.95726371346169,0.9971654337837955,0.9526622423597917,0.9999475407265561,0.9886159792710485,0.9853744647066268,0.9644450732702239,0.9979035450710739,0.9858761559960907,0
12.0,0.9834564226542294,0.9974877185363217,0.999195728110418,0.963014912911999,0.9984999268239724,0.9587113109375373,0.9995252465493454,0.9915022152053167,0.9886649859687572,0.9696996395501565,0.9963544284105885,0.9891111589013728,0
12.02,0.9795235551134379,0.9958151456717744,0.9998090271384853,0.9683579000691817,0.9994135691437496,0.9643552134214524,0.9986799433099227,0.9939687517959802,0.9915388982115302,0.9745399575129268,0.994380551603657,0.9919280161811667,0
12.040000000000001,0.9751764058479861,0.993719279114329,0.9999994776758594,0.9732904160508595,0.9999059323169078,0.9695915457410685,0.99741198087937,0.9960145390184435,0.993994945751169,0.9789640308139972,0.9919828122981039,0.9943255199742779,0
12.06,0.9704168002197321,0.9912010403682164,0.9997669855261564,0.9778103758989077,0.9999767662506868,0.9744180762742612,0.9957218881599595,0.9976387050413273,0.9960320496582118,0.9829700400506545,0.9891622876222426,0.9963026399576874,0
12.08,0.9652467383596683,0.9882615298064462,0.9991116356235927,0.9819158694584812,0.9996259993200693,0.9788327468058367,0.9936103728662007,0.9988405565998316,0.9976493082446387,0.9865563434821991,0.9859202336929626,0.9978585237945564,0
12.1,0.9596683943287749,0.9849020261854743,0.9980336920059102,0.9856051621830821,0.9988537384257484,0.982833673412421,0.9910783212300049,0.9996195792933682,0.9988459974752356,0.9897214776759155,0.9822580850490382,0.9989924975065747,0
12.120000000000001,0.9536841152049426,0.9811239860848744,0.996533597711202,0.9888766958653271,0.9976602689757572,0.986419147273273,0.988126797630094,0.9999754378073359,0.9996215713030221,0.9924641580785539,0.9781774540098902,0.9997040657704955,0
12.14,0.9472964200963563,0.9769290432722467,0.9946119745986823,0.9917290892931053,0.996046054790772,0.989587635406677,0.9847570441458097,0.9999079760589439,0.999975661928602,0.9947832795130813,0.973680129960065,0.9999929121387312,0
12.16,0.9405079990817621,0.9723190079936274,0.992269623093479,0.9941611388308473,0.9940117379331322,0.9923377813316062,0.980970480035514,0.9994172172670229,0.9999080799833286,0.9966779166004925,0.9687680785597235,0.9998588991839177,0
12.18,0.9333217120780615,0.967295866189695,0.989507521855556,0.9961718189256611,0.9915581384596531,0.9946684056543704,0.9767687011398047,0.9985033639457943,0.9994188146362086,0.9981473241065005,0.963443440881469,0.9993020685673853,0
12.200000000000001,0.9257405876357232,0.9618617786381022,0.9863268273729108,0.9977602825381192,0.988686254098341,0.9965785065800021,0.972153479209795,0.9971667978225992,0.9985080336245017,0.9991909372129605,0.9577085324738669,0.9983226410315106,0
12.22,0.917767821662519,0.9560190800222893,0.9827288734792168,0.9989258614975153,0.9853972598491516,0.998067260348164,0.9671267611607475,0.9954080796796252,0.9971760832080061,0.9998083717139076,0.9515658423520473,0.9969210163159506,0
12.24,0.90940677607613,0.9497702779271696,0.9787151707961192,0.9996680667814375,0.9816925075089651,0.999134021593391,0.9616906682513776,0.9932279491196949,0.9954234880470516,0.9999994241361277,0.945018031915805,0.9950977729977987,0
12.26,0.9006609773861929,0.9431180517621083,0.9742874061004217,0.9999865887195432,0.9775735251209855,0.9997783236295176,0.9558474951891749,0.9906273242562186,0.9932509510042558,0.9997640717842027,0.9380679337956451,0.9928536682557286,0
12.280000000000001,0.891534115206397,0.93606525161164,0.969447441616433,0.9998812971214452,0.9730420163488022,0.9999998786581648,0.9495997091621238,0.9876073013274412,0.9906593528701301,0.9991024727100107,0.9307185506272565,0.9901896375582303,0
12.3,0.8820300406972538,0.9286148970144148,0.9641973142337763,0.999352241328657,0.968099859775382,0.9997985779012047,0.942949948797235,0.984169154235149,0.9876497520126567,0.9980149656066898,0.9229730537549168,0.9871067942760693,0
12.32,0.8721527649402132,0.9207701756708755,0.9585392346509931,0.9983996501905736,0.9627491081273009,0.9991744916571423,0.9359010230463274,0.9803143340080286,0.9842233839509897,0.9965020696271043,0.9148347818643674,0.9836064292191361,0
12.34,0.8619064572438102,0.9125344420802125,0.9524755864453083,0.9970239319644989,0.9569919874245416,0.9981278692813926,0.9284559099995372,0.9760444681899124,0.9803816608534622,0.9945644841268879,0.9063072395457329,0.9796900100978844,0
12.36,0.851295443382562,0.9039112161071658,0.9460089250689512,0.9952256741397599,0.9508308960562316,0.9966591390904631,0.9206177556270586,0.9713613601531628,0.9761261709601209,0.9922030883321648,0.8973940957870711,0.9753591809095845,0
12.38,0.840324203769372,0.894904181479276,0.9391419767724594,0.9930056431859828,0.9442684037827138,0.9947689081900815,0.9123898724496443,0.9662669883374927,0.9714586779300357,0.9894189409320855,0.8880991823991917,0.9706157612496606,0
12.4,0.8289973715622095,0.8855171842152116,0.9318776374554271,0.9903647842256375,0.9373072506643827,0.992457962227343,0.9037757381384395,0.9607635054145414,0.966381120113666,0.9862132795963425,0.8784264923723892,0.9654617455483979,0
12.42,0.8173197307058724,0.8757542309848363,0.9242189714451812,0.9873042206309861,0.9299503459177441,0.9897272650669827,0.8947789940447363,0.9548532373785631,0.9608956097505976,0.9825875204178636,0.8683801781657803,0.9598993022333506,0
12.44,0.8052962139096719,0.8656194874016996,0.9161692102039103,0.98382525354561,0.9222007666991947,0.9865779583919124,0.8854034436602775,0.9485386825636135,0.9550044320929975,0.9785432572809113,0.8579645499299541,0.9539307728178049,0
12.46,0.7929319005618884,0.8551172762486701,0.9077317509647959,0.9799293613307132,0.9140617568170385,0.9830113612281912,0.87565305100876,0.9418225105876489,0.9487100444551603,0.9740822611548507,0.8471840736636774,0.9475586709156878,0
12.48,0.780232014581893,0.8442520756374572,0.8989101552977204,0.975618198936438,0.9055367253722948,0.9790289693946325,0.8655319389692245,0.9347075612239907,0.9420150751895574,0.9692064793138742,0.8360433693054251,0.9407856811833373,0
12.5,0.7672019222108423,0.8330285171027888,0.8897081476051729,0.9708935971984572,0.8966292453288873,0.9746324548772823,0.8550443875320404,0.927196843200628,0.9349223225898308,0.9639180344830054,0.824547208760525,0.9336146581885908,0
12.52,0.7538471297418933,0.8214513836320495,0.8801296135489787,0.9657575620601435,0.8873430520138157,0.9698236651290374,0.8441948319882282,0.9192935329278761,0.9274347537211984,0.9582192239107379,0.8127005138647477,0.9260486252076662,0
12.540000000000001,0.7401732811908935,0.8095256076312087,0.8701785984085343,0.9602122737206396,0.8776820415479671,0.9646046222946961,0.8329878610528856,0.9110009731549218,0.9195555031787762,0.9521125183686899,0.8005083542851823,0.9180907729503537,0
12.56,0.7261861559085436,0.7972562688278849,0.8598593053712388,0.9542600857091933,0.867650269208228,0.9589775223617781,0.821428214923516,0.9023226715558311,0.91128787177435,0.9456005610786913,0.787975945359284,0.9097444582140582,0
12.58,0.7118916661350438,0.7846485921124383,0.8491760937558503,0.9479035238861466,0.8572519477216063,0.9529447342374713,0.8095207832740828,0.893262299245618,0.9026353251521589,0.9386861665677436,0.7751086458729831,0.9010132024672666,0
12.6,0.6972958544982643,0.7717079453179873,0.8381334771695239,0.9411452853710031,0.8464914454920943,0.9465087987520988,0.7972706031856431,0.8838236892270032,0.8936014923342855,0.931372319451336,0.7619119557787991,0.8919006903630392,0
12.620000000000001,0.6824048914565021,0.7584398369402922,0.8267361215993095,0.9339882373980232,0.8353732847610258,0.9396724275895321,0.784682857014434,0.8740108347685233,0.8841901641962735,0.9236621731456143,0.7483915138548917,0.8824107681831651,0
12.64,0.667225072686914,0.7448499137984553,0.814988843438932,0.9264354160998376,0.8239021397017224,0.9324385021450029,0.7717628701983202,0.863827887714674,0.8744052918736307,0.9155590485089403,0.7345530953060512,0.8725474422136342,0
12.66,0.6517628164207274,0.7309439586374308,0.8028966074516769,0.9184900252195852,0.8120828344492428,0.924810072310802,0.7585161090025362,0.8532791567288136,0.8642509850998963,0.9070664324134112,0.7204026093076107,0.8623148770521233,0
12.68,0.636024660726374,0.7167278876733404,0.7904645246702637,0.9101554347521265,0.7999203410660758,0.9167903551903798,0.7449481782056695,0.8423691054695569,0.853731510476987,0.8981879762469237,0.7059460964933143,0.8517173938482171,0
12.700000000000001,0.6200172607416888,0.7022077480826395,0.7776978502345866,0.9014351795149028,0.7874197774446517,0.9083827337413988,0.7310648187268819,0.8311023507014527,0.8428512896785595,0.8889274943464166,0.6911897263881953,0.8407594684771048,0
12.72,0.6037473858563523,0.6873897154361821,0.7646019811682473,0.8923329576490509,0.774586405147566,0.89959075534831,0.7168719051953634,0.8194836603407273,0.8316148975871581,0.8792889623629345,0.6761397947875334,0.8294457296475387,0
12.74,0.5872219168457853,0.6722800910792648,0.751182454094822,0.8828526290514009,0.76142562718644,0.8904181303250661,0.7023754434630554,0.807517951436934,0.8200270603659514,0.8692765155592003,0.6608027210829832,0.8177809569448532,0
12.76,0.57044784295769,0.6568852994587527,0.7374449428948406,0.8729982137380227,0.7479429857403723,0.8808687303486037,0.6875815680616933,0.795210288091364,0.8080926534658746,0.8588944470404023,0.6451850455370048,0.8057700788098784,0
12.780000000000001,0.5534322589525003,0.641211885398412,0.7233952563044602,0.8627738901400167,0.734144159814953,0.8709465868237654,0.6724965396052626,0.7825658793130961,0.795816699569035,0.8481472059189358,0.6292934265067262,0.7934181704546068,0
12.8,0.5361823620989812,0.6252665113235987,0.7090393354568656,0.852183993332267,0.7200349628428387,0.8606558891803493,0.6571267421389488,0.7695900768136005,0.7832043664692598,0.837039395413859,0.613134637618401,0.7807304517154984,0
12.82,0.5187054491262652,0.6090559544364653,0.6943832513674353,0.841233013195902,0.7056213402269214,0.850000983103019,0.6414786804357206,0.7562883727408275,0.7702609648906881,0.8255757708858645,0.5967155648936506,0.7677122848453403,0
12.84,0.5010089131336017,0.5925871038428814,0.6794332023637385,0.8299255925152493,0.6909093668271358,0.8389863686948221,0.6255589772416941,0.742666397353747,0.7569919462453477,0.8137612378085817,0.5800432038286901,0.7543691722445958,0
12.86,0.48310024045915917,0.5758669576322674,0.6641955114614646,0.8182665250100796,0.6759052443919813,0.8276166985750959,0.6093743704714331,0.7287299166383163,0.7434029003306655,0.8016008496770487,0.5631246564277549,0.74070675413321,0
12.88,0.4649870075091874,0.5589026199115849,0.648676623687389,0.8062607533039811,0.6606152989358501,0.8158967759125745,0.592931710354396,0.7144848298658985,0.7294995529679041,0.7890998058542489,0.5459671281919906,0.7267308061638565,0
12.9,0.4466768775488931,0.5417012977947202,0.6328831033505193,0.7939133668297167,0.6450459780632973,0.8038315523945275,0.5762379565337192,0.6999371670951569,0.7152877635825315,0.7762634493565823,0.5285779250650366,0.7124472369776474,0
12.92,0.42817759745639594,0.5242702983485342,0.6168216312625776,0.781229599672456,0.6292038482413743,0.7914261261327986,0.5593001751185791,0.6850930866184948,0.7007735227275492,0.7630972645792239,0.5109644503366192,0.6978620857033384,0
12.94,0.4094969944411419,0.5066170254968656,0.6004990019089983,0.7682148283517902,0.6130955920212064,0.7786857395076289,0.5421255356913856,0.6699588723541091,0.6859629495508518,0.7496068749623027,0.4931342015054201,0.6829815194010929,0
12.96,0.3906429727281573,0.48874897688378743,0.5839221205716507,0.7548745695434699,0.5967280052099951,0.7656157769501857,0.5247213082710643,0.6545409311847841,0.6708622892076846,0.7357980405988824,0.47509476710256043,0.6678118304518996,0
12.98,0.3716235102095723,0.4706737406974446,0.5670980004044957,0.7412144777418302,0.580107993994654,0.7522217626647381,0.5070948602337327,0.6388457902445277,0.6554779102193148,0.7216766557857451,0.4568538234770126,0.6523594338937342,0
13.0,0.3524466550648093,0.452398992455799,0.5500337594634261,0.7272403428638949,0.5632425720183029,0.7385093582914438,0.48925365319205844,0.6228800941542273,0.6398163017790381,0.7072487465179961,0.438419131544304,0.6366308647056198,0
13.02,0.33312052235089884,0.4339324917556497,0.5327366176915567,0.7129580877961648,0.5461388574108686,0.7244843605107486,0.4712052398346359,0.6066506022074809,0.6238840710066742,0.6925204679285495,0.4197985334998645,0.6206327750407218,0
13.040000000000001,0.3136532905643461,0.4152820789862923,0.5152138938612283,0.6983737658851378,0.5288040697750654,0.7101526985904029,0.4529572607267212,0.5901641855077991,0.6076879401527178,0.6774981016735521,0.4009999494984065,0.6043719314096614,0
13.06,0.2940531981760218,0.3964556720091967,0.49747300247404025,0.6834935583726198,0.5112455271290334,0.6955204318761521,0.4345174410736708,0.5734278240583961,0.5912347437533474,0.6621880532648494,0.38203137430071865,0.5878552118152447,0
13.08,0.2743285401405509,0.37746126280511183,0.47952145062022167,0.6683237717769055,0.4934706428069438,0.6805937472271582,0.4158935874484757,0.5564486038057985,0.5745314257374926,0.6465968493506085,0.3629008738892947,0.5710896028398168,0
13.1,0.25448766438166437,0.3583069140900096,0.4613668347986677,0.6528708352209471,0.4754869223188884,0.6653789563972416,0.39709358448475723,0.539233713638533,0.5575850364872099,0.6307311349452308,0.3436165820542072,0.5540821966864874,0
13.120000000000001,0.23453896825502868,0.33900075590127693,0.4430168376990064,0.637141297708637,0.45730196017139874,0.6498824933630649,0.3781253915366486,0.5217904423421562,0.5404027298526042,0.6145976706097248,0.3241866969506625,0.5368401881754798,0
13.14,0.2144908949900307,0.3195509821556295,0.4244792249470445,0.6211418253503562,0.43892343664994754,0.6341109116003766,0.35899703930696164,0.5041261755119224,0.5229917601225881,0.5982033295837118,0.3046194776296879,0.5193708716968805,0
13.16,0.19435193011205287,0.29996584718015873,0.40576184181498653,0.6048791985389598,0.4203591145648035,0.6180708813094935,0.33971662644507733,0.4862483924243994,0.5053594789527479,0.5815550948702635,0.2849232405433941,0.5016816381210791,0
13.18,0.17413059784673604,0.28025366221800746,0.3868726098978204,0.5883603090774037,0.4016168359616287,0.6017691865911802,0.3202923161160009,0.468164662869359,0.487513332251649,0.5646600562748101,0.2651063560262969,0.4837799716682194,0
13.200000000000001,0.1538354575077668,0.26042279191012174,0.3678195237572739,0.5715921572592191,0.38270451879821976,0.5852127225741361,0.3007323325420378,0.44988264394327643,0.46946085702689416,0.5475254073993329,0.24517724475416675,0.465673446737979,0
13.22,0.1334750998697277,0.2404816507545882,0.34861064753477866,0.5545818489030784,0.36363015358880746,0.5684084924953111,0.281044957518556,0.4314100768058141,0.4512096781922852,0.5301584425931276,0.22514437418189134,0.44736972470103953,0
13.24,0.11305814352753037,0.22043869954502102,0.3292541115348679,0.5373365923426939,0.3444018000173564,0.5513636047342785,0.261238526905311,0.41275478340064714,0.43276750533744096,0.5125665538614028,0.20501625496186027,0.428876550653593,0
13.26,0.09259323124400146,0.20030244178952636,0.3097581087804637,0.5198636953733472,0.32502758352128464,0.5340852698029437,0.24132142709482637,0.3939246631420376,0.41414212946126533,0.49475722773300773,0.18480143734436055,0.4102017501362721,0
13.280000000000001,0.07208902628715003,0.18008142011173736,0.2901308915415167,0.5021705621563114,0.30551569184708377,0.5165807972918408,0.22130209145931712,0.3749276895685473,0.39534141967063774,0.4767380420886167,0.16450850756150942,0.39135322581889803,0
13.3,0.051554208758686965,0.15978421263545198,0.27038076783846204,0.48426469008250306,0.28587437157929363,0.49885759277434705,0.2011889967776747,0.35577190696531885,0.3763733198457436,0.45851666295068066,0.14414608419623268,0.3723389541524469,0
13.32,0.030997471915341936,0.13941942935437732,0.2505160979219915,0.46615366659667284,0.2661119246443153,0.48092315467009406,0.1809906596440236,0.3364654269563507,0.35724584527346825,0.4401008412365181,0.1237228145378322,0.35316698198966656,0
13.34,0.010427518484551444,0.1189957084885371,0.23054529073062283,0.44784516598349244,0.24623670479054466,0.4627850710689356,0.16071563285936855,0.31701642506821354,0.3379670792502804,0.42149840947587874,0.10324737092565132,0.3338454231757632,0
13.36,-0.010146943023932764,0.09852171282886668,0.21047680032757557,0.42934694611688984,0.22625711404633422,0.4444510165168074,0.140372501807868,0.29743313726666065,0.3185451696560573,0.40271727849438566,0.08272844708239561,0.3143824551106223,0
13.38,-0.03071720200893745,0.0780061260715312,0.1903191223184559,0.41066684517400603,0.20618159915728693,0.4259287487648438,0.11996988081927028,0.2777238564676074,0.29898832550031096,0.38376543406422453,0.062174754438641955,0.2947863152840087,0
13.4,-0.05127454946970293,0.05745764914352593,0.17008079025128978,0.3918127783151777,0.1860186480044068,0.40722610548313726,0.0995164095190511,0.2578969290239531,0.2793048134422821,0.3646509335235041,0.041595018450082406,0.27506529778522476,0
13.42,-0.0718102816970929,0.036884996521107445,0.14977037200041132,0.3727927343313382,0.1657767860046151,0.38835100094052816,0.07902074916779664,0.23796075118973986,0.2595029542863922,0.3453819023656977,0.020997974909051684,0.2552277497887059,0
13.44,-0.0923157039626147,0.016296892542595358,0.12939646613575076,0.35361477226025567,0.1454645724951832,0.36931142265184325,0.05849157899140003,0.21792376556313403,0.23959111945454067,0.32596653080059845,0.0003923662518939944,0.2352820680170516,0
13.46,-0.11278213420367927,-0.004297932282872949,0.10896769827906608,0.3342870179730552,0.12509059710361092,0.35011542799400114,0.037937592503609535,0.19779445750976113,0.21957772743674558,0.3064130702882308,-0.02021306213628251,0.2152366951829709,0
13.48,-0.1332009067035358,-0.024890744969106524,0.08849271744865199,0.31481766073245265,0.1046634761044992,0.33077114079241376,0.017367493822498324,0.17758135156788654,0.19947124022164445,0.2867298300471893,-0.040809565617906766,0.19510011641168973,0
13.5,-0.15356337576433873,-0.045472813747565594,0.06798019239409296,0.2952149497241661,0.08419184876496431,0.31128674787915256,-0.003210006017595047,0.1572930078369803,0.17928015970837946,0.2669251735388486,-0.06138840399874393,0.17488085564529826,0
13.52,-0.17386091937175568,-0.06603541176144893,0.04743880792259906,0.27548719056297255,0.06368437368015231,0.2916704956243183,-0.02378619275706679,0.1369380183511924,0.15901302410138293,0.24700751492894052,-0.08194084522163866,0.15458747203059375,0
13.540000000000001,-0.19408494284959654,-0.08656982075761331,0.02687726121849585,0.2556427417748855,0.043149725100418944,0.27193068644210633,-0.044352352603454145,0.11652500343927723,0.13867840428960193,0.22698531552797388,-0.10245816905664788,0.1342285562919394,0
13.56,-0.21422688250288346,-0.10706733477476298,0.006304258157422403,0.23569001125694689,0.022596589251723462,0.25207567527303143,-0.0648997759236592,0.09606260807250279,0.1182849002117105,0.20686708021200262,-0.12293167078601443,0.11381272709068053,0
13.58,-0.23427820924783727,-0.1275192638263449,-0.014271490383195428,0.21563745271613272,0.0020336606508181876,0.2321138660438229,-0.08541976093444091,0.07555949820210726,0.097841137208851,0.18666135382523485,-0.14335266488241802,0.09334862737265946,0
13.6,-0.2542304322272317,-0.14791693757660368,-0.034841272215829555,0.19549356208887186,-0.018530361583216182,0.21205370810647822,-0.10590361738959483,0.055024357087844145,0.077355762366446,0.16637671756601127,-0.16371248867896868,0.07284492070538885,0
13.620000000000001,-0.27407510240957994,-0.16825170900824224,-0.05539637753513494,0.1752668739426991,-0.03908677741949366,0.19190369265799836,-0.12634267026227514,0.03446588161916905,0.056837440846661744,0.14602178535765184,-0.18400250602938625,0.052310287606424616,0
13.64,-0.29380381617063184,-0.18851495808013613,-0.07592810260926232,0.15496595786157188,-0.0596268896063646,0.17167234914231316,-0.1467282634208819,0.013892778630643062,0.036294852213059225,0.12560520020571767,-0.20421411095682865,0.03175342186450778,0
13.66,-0.31340821885565406,-0.20869809537356204,-0.09642775346862727,0.13459941481636847,-0.08014200736138447,0.15136824163593413,-0.16705176329696603,-0.006686238786906878,0.015736686749013802,0.10513563054320665,-0.2243387312898416,0.011183026855028007,0
13.68,-0.33288000832099945,-0.2287925657253956,-0.11688664959058165,0.11417587352211632,-0.1006234500586491,0.13099996521886165,-0.18730456254358793,-0.027262454977883925,-0.004828358228542617,0.08462176656522696,-0.24436783228387798,-0.009392188148619427,0
13.700000000000001,-0.35221093845344176,-0.2487898518467491,-0.13729612757842277,0.09370398678348071,-0.12106255091192462,0.11057614233228659,-0.2074780836825953,-0.04782715541453224,-0.025391582058480123,0.06407231655468204,-0.2642929202268797,-0.029963511666228685,0
13.72,-0.3713928226657918,-0.26868147792551433,-0.15764754483317275,0.07319242783007125,-0.14145066065200554,0.0901054191246335,-0.2275637827392471,-0.06837163038907641,-0.04594428442636252,0.04349600320052693,-0.284105546027393,-0.050522233702952016,0
13.74,-0.39041753736732693,-0.2884590132113039,-0.17793228321657611,0.05264988664311249,-0.1617791511967443,0.06959646178750656,-0.24755315286267482,-0.08888717870384244,-0.06647776905530776,0.02290155991012756,-0.3037973087837121,-0.07105964944089338,0
13.76,-0.4092770254075298,-0.30811407558124815,-0.19814175270376375,0.032085066275037336,-0.18203941931217757,0.04905795288306473,-0.26743772793061826,-0.10936511135778194,-0.08698334739523694,0.002297727117287609,-0.3233598593325395,-0.09156706292853418,0
13.780000000000001,-0.4279632994917057,-0.32763833508517876,-0.21826739502402523,0.01150667916355271,-0.2022228902632048,0.02849858766441987,-0.28720908613692353,-0.12979675522784798,-0.10745234230895685,-0.018306751412503406,-0.34278490377566967,-0.11203579076645633,0
13.8,-0.4464684455670252,-0.347023517468671,-0.23830068728816145,-0.009076556558249807,-0.22232102145226326,0.00792707039059056,-0.30685885356028086,-0.15017345674365687,-0.1278760917534967,-0.038903132278054225,-0.36206420698322994,-0.13245716578777392,0
13.82,-0.4647846261775248,-0.36626140767246795,-0.2582331456008561,-0.029655920754183048,-0.2423253060444494,-0.012647889362408784,-0.32637870771268584,-0.17048658555388047,-0.14824595245513156,-0.059482676138126876,-0.38118959607195324,-0.15282254073172857,0
13.84,-0.4829040837866972,-0.3853438533068189,-0.27805632865655894,-0.05022269497809341,-0.2622272765775484,-0.033217580392781935,-0.34576038106612184,-0.19072753818280777,-0.16855330357654966,-0.08003665140520667,-0.40015296385707594,-0.1731232919088791,0
13.86,-0.5008191440662035,-0.40426276809923845,-0.2977618413173378,-0.070768166166254,-0.2820185085554307,-0.053773293564909105,-0.36499566455595844,-0.21088774167554605,-0.1887895503745797,-0.10055633793583003,-0.41894627227636394,-0.19335082285633998,0
13.88,-0.5185222191493681,-0.4230101353142562,-0.31734133817118815,-0.0912836303274727,-0.3016906240233071,-0.07430632550046891,-0.38407641105961676,-0.23095865723028963,-0.20894612784693914,-0.12103303071592318,-0.4375615557848384,-0.21349656798151073,0
13.9,-0.5360058108480188,-0.4415780111436901,-0.33678652706929574,-0.11176039622934565,-0.32123529512329324,-0.094807982267174,-0.4029945388489694,-0.25093178381613684,-0.22901450436644427,-0.141458043539596,-0.45599092471876784,-0.2335519961927562,0
13.92,-0.553262513831367,-0.4599585280660421,-0.3560891726407456,-0.13218978907909176,-0.34064424762879986,-0.11526958306354139,-0.42174203501506213,-0.2707986617749145,-0.24898618530114447,-0.16182271267983472,-0.4742265686275073,-0.25350861451549067,0
13.94,-0.5702850187655377,-0.47814389817354847,-0.3752410997831854,-0.15256315419742245,-0.35990926445622623,-0.1356824638981483,-0.4403109588636863,-0.2905508764054843,-0.26885271661883864,-0.1821184005495625,-0.4922607595717896,-0.27335797169214054,0
13.96,-0.5870661154124286,-0.4961264164655251,-0.39423419712796665,-0.17287186068387292,-0.37902218915247965,-0.1560379812617918,-0.458693445280355,-0.3101800615290174,-0.2886056884744411,-0.2023364993515071,-0.5100858553870612,-0.29309166176445406,0
13.98,-0.6035986956865862,-0.513898464106601,-0.4130604204783091,-0.19310730507205948,-0.39797492935682754,-0.17632751579102596,-0.4768817080632773,-0.329677903033711,-0.30823673877866825,-0.2224684347153582,-0.5276943029104926,-0.31270132763663944,0
14.0,-0.6198757566688217,-0.5314525116484399,-0.4317117962189936,-0.21326091497330776,-0.4167594602356168,-0.19654247592148374,-0.4948680432228948,-0.349036142397464,-0.3277375567465436,-0.24250566932066472,-0.5450786411703094,-0.33217866461780954,0
14.02,-0.6358904035752418,-0.5487811222136306,-0.45018042469617797,-0.23332415270711104,-0.43536782788840384,-0.21667430152947117,-0.5126448322465891,-0.368246580187006,-0.347099886424189,-0.26243970650395737,-0.5622315045360943,-0.3515154239422684,0
14.040000000000001,-0.6516358526804872,-0.5658769546403614,-0.46845848356587627,-0.253288518916876,-0.4537921527240329,-0.23671446756026407,-0.5302045453272037,-0.38730107953200266,-0.36631553019243296,-0.28226209384856815,-0.5791456258287221,-0.3707034162660803,0
14.06,-0.6671054341939032,-0.582732766586576,-0.4865382311096849,-0.27314555616943387,-0.4720246328052522,-0.2566544876415757,-0.5475397445539575,-0.4061915695726628,-0.38537635224572087,-0.3019644267556385,-0.5958138393886345,-0.38973451513851115,0
14.08,-0.6822925950874419,-0.5993414175922879,-0.5044120095163752,-0.29288685253678937,-0.49005754716042527,-0.2764859176806659,-0.5646430870644504,-0.42491004887937595,-0.40427428204486704,-0.32153835199480935,-0.6122290841011384,-0.40860066044681825,0
14.1,-0.6971909018740852,-0.6156958720987538,-0.5220722481279111,-0.31250404515858027,-0.507883259060943,-0.2962003594435626,-0.5815073281564016,-0.44344858884296745,-0.4230013177421693,-0.3409755712331014,-0.6283844063774747,-0.427293861832952,0
14.120000000000001,-0.7117940433356199,-0.6317892024232473,-0.5395114666485739,-0.331988823783765,-0.525494219262939,-0.31578946411487935,-0.598125324357788,-0.46179933703408144,-0.4415495295774411,-0.36026784454048993,-0.6442729630903717,-0.4458062020807122,0
14.14,-0.7260958331986059,-0.6476145916881527,-0.5567222783157861,-0.35133293429000956,-0.5428829692119314,-0.335244935836714,-0.6144900364541128,-0.47995452053031173,-0.4599110632435067,-0.37940699387069693,-0.6598880244628796,-0.46412984047191963,0
14.16,-0.7400902127573964,-0.6631653367031618,-0.5736973930313205,-0.37052818217929895,-0.5600421442090331,-0.35455853522513553,-0.6305945324715035,-0.49790644920965016,-0.478078143219746,-0.39838490651574404,-0.6752229769092238,-0.4822570161101943,0
14.18,-0.7537712534431015,-0.6784348507993355,-0.5904296204515402,-0.3895664360482909,-0.576964476537385,-0.37372208286276504,-0.6464319906143677,-0.5156475190088573,-0.4960430760722567,-0.41719353853280033,-0.690271325826526,-0.5001800512109162,0
14.200000000000001,-0.7671331593374126,-0.6934166666138537,-0.6069118730353903,-0.40843963103194936,-0.5936427985474767,-0.3927274627659574,-0.6619957021563784,-0.5331702151453875,-0.5137982537192382,-0.43582491814187707,-0.7050266983361699,-0.5178913543559733,0
14.22,-0.7801702696302175,-0.7081044388242631,-0.6231371690488311,-0.42713977221897315,-0.6100700457000586,-0.41156662582513825,-0.677279074283556,-0.5504671153014837,-0.5313361566602173,-0.45427114909294625,-0.7194828459736885,-0.5353834237119286,0
14.24,-0.7928770610199543,-0.7224919468310551,-0.6390986355244288,-0.4456589380376189,-0.6262392595653375,-0.43023159321681104,-0.6922756328882409,-0.5675308927691121,-0.5486493571677331,-0.47252441400104966,-0.7336336473260203,-0.5526488502102334,0
14.26,-0.805248150055702,-0.7365730973874729,-0.6547895111748744,-0.4639892836104333,-0.6421435907771949,-0.4487144597858124,-0.706979025312768,-0.5843543195543903,-0.5657305224401279,-0.4905769776480145,-0.7474731106150163,-0.5696803206881396,0
14.280000000000001,-0.8172782954200108,-0.7503419271754048,-0.6702031492591779,-0.482123044076512,-0.6577763019411671,-0.46700739739634767,-0.7213830230417042,-0.6009302694401938,-0.5825724177141125,-0.5084211902493534,-0.7609953762261266,-0.5864706209889733,0
14.3,-0.8289624001514897,-0.7637926053262807,-0.6853330204003292,-0.5000525378798631,-0.6731307704949498,-0.48510265825042825,-0.735481524341466,-0.6172517210056587,-0.599167909335778,-0.526049490684991,-0.7741947191811861,-0.603012639020472,0
14.32,-0.8402955138062325,-0.7769194358859284,-0.7001727153532228,-0.5177701700224854,-0.688200491520224,-0.5029925781722607,-0.7492685568462419,-0.6333117606012799,-0.615509967788749,-0.5434544096924553,-0.7870655515542474,-0.6192993677698628,0
14.34,-0.8512728345571542,-0.7897168602223111,-0.7147159477216896,-0.5352684352807802,-0.7029790805045923,-0.5206695798572324,-0.7627382800890956,-0.6491035852783613,-0.6315916706781961,-0.5606285730211755,-0.7996024248294606,-0.6353239082744395,0
14.36,-0.8618897112303351,-0.8021794593751611,-0.7289565566234667,-0.5525399213839397,-0.7174602760524688,-0.5381261760840832,-0.7758849879771877,-0.6646205056715653,-0.6474062056694372,-0.5775647045465491,-0.8118000321999906,-0.6510794725463325,0
14.38,-0.8721416452775397,-0.8143019563464896,-0.742888509301993,-0.5695773121529694,-0.7316379425437658,-0.5553549728889315,-0.7887031112100699,-0.6798559488333369,-0.6629468733798841,-0.5942556293424964,-0.8236532108070003,-0.6665593864502759,0
14.4,-0.8820242926840411,-0.8260792183310252,-0.7565059036838966,-0.5863733905989962,-0.7455060727392415,-0.5723486726997822,-0.8011872196400112,-0.694803461019032,-0.6782070902231043,-0.6106942767111722,-0.8351569439177638,-0.6817570925331276,0
14.42,-0.8915334658109708,-0.837506258885629,-0.7698029708811224,-0.6029210419795765,-0.7590587903314171,-0.5891000774302027,-0.8133320245733816,-0.7094567104215143,-0.6931803912037878,-0.6268736831685638,-0.8463063630419801,-0.6966661528039431,0
14.44,-0.9006651351713879,-0.8485782400367604,-0.7827740776366147,-0.6192132568116947,-0.7722903524399686,-0.6056020915308535,-0.825132381012097,-0.7238094898541274,-0.7078604326624355,-0.6427869953847353,-0.8570967499853986,-0.7112802514634318,0
14.46,-0.9094154311393345,-0.859290474325114,-0.7954137287125354,-0.6352431338401766,-0.7851951520505357,-0.6218477249975763,-0.836583289834177,-0.7378557193808445,-0.7222409949686063,-0.6584274730774479,-0.8675235388398862,-0.7255931975816354,0
14.48,-0.9177806455911435,-0.8696384267865624,-0.8077165692199842,-0.6510038829602633,-0.7977677203959223,-0.6378300963347615,-0.8476798999125071,-0.7515894488925274,-0.7363159851615756,-0.6737884918579572,-0.8775823179090967,-0.7395989277227011,0
14.5,-0.9257572334783034,-0.8796177168685579,-0.8196773868892584,-0.6664888280931085,-0.8100027292786672,-0.6535424354727457,-0.8584175101708926,-0.7650048606281753,-0.7500794395372815,-0.6888635460277693,-0.887268831568929,-0.7532915085156168,0
14.52,-0.9333418143312134,-0.8892241202811941,-0.8312911142796761,-0.6816914100129781,-0.8218949933339988,-0.6689780866379995,-0.8687915715765308,-0.7780962716401089,-0.7635255261804729,-0.7036462513251998,-0.8965789820619896,-0.766665139169834,0
14.540000000000001,-0.940531173693195,-0.8984535707821335,-0.8425528309280175,-0.6966051891249606,-0.8334394722322256,-0.6841305111748862,-0.8787976890680749,-0.7908581362020352,-0.7766485474409681,-0.7181303476205408,-0.9055088312252946,-0.7797141539347195,0
14.56,-0.9473222644841506,-0.9073021618946511,-0.8534577654346993,-0.7112238481920117,-0.8446312728196136,-0.6989932903178009,-0.8884316234184588,-0.8032850481589907,-0.7894429423529887,-0.7323097015587302,-0.9140546021504858,-0.7924330245017729,0
14.58,-0.9537122082932856,-0.9157661485580683,-0.8640012974867727,-0.725541195010165,-0.855465651196852,-0.7135601279124982,-0.8976892930316901,-0.8153717432181374,-0.8019032889965269,-0.7461783091483907,-0.9222126807758652,-0.8048163623486005,0
14.6,-0.9596982966003554,-0.9238419487098801,-0.8741789598168997,-0.7395511650307968,-0.8659380147342192,-0.7278248530854828,-0.9065667756728609,-0.8271131011794749,-0.8140243067997607,-0.7597302982961448,-0.9299796174095641,-0.8168589210236623,0
14.620000000000001,-0.9652779919249143,-0.9315261447988977,-0.8839864400974795,-0.753247823928814,-0.8760439240225992,-0.7417814228603097,-0.9150603101306426,-0.8385041481054992,-0.8258008587815239,-0.7729599312851498,-0.9373521281832083,-0.8285555983708062,0
14.64,-0.970448928903076,-0.9388154852287749,-0.8934195827691117,-0.7666253701156936,-0.8857790947595169,-0.7554239247196806,-0.9231662978115462,-0.8495400584288936,-0.8372279537328899,-0.7858616071967868,-0.9443270964354636,-0.8399014386926561,0
14.66,-0.9752089152913389,-0.9457068857313082,-0.9024743908026346,-0.7796781371963047,-0.8951393995693906,-0.7687465791122786,-0.9308813042652915,-0.8602161569973722,-0.848300748336942,-0.7984298642744895,-0.9509015740248814,-0.8508916348519373,0
14.68,-0.9795559328970412,-0.952197430668919,-0.9111470273939785,-0.7924005963684667,-0.9041208697572363,-0.7817437419032438,-0.9382020606406244,-0.8705279210547904,-0.8590145492258247,-0.8106593822287251,-0.9570727825714805,-0.8615215303098468,0
14.700000000000001,-0.9834881384350573,-0.9582843742657813,-0.9194338175911296,-0.8047873587642307,-0.9127196969950733,-0.7944099067672766,-0.9451254650709769,-0.880470982157691,-0.8693648149742078,-0.8225449844821348,-0.9628381146265511,-0.8717866211006031,0
14.72,-0.9870038643103693,-0.9639651417670603,-0.9273312498525015,-0.8168331777318995,-0.9209322349403186,-0.8067397075233408,-0.9516485839893694,-0.8900411280264849,-0.8793471580283244,-0.8340816403538948,-0.9681951347701734,-0.8816825577413401,0
14.74,-0.9901016193261848,-0.9692373305257792,-0.9348359775360641,-0.8285329510578048,-0.9287550007854826,-0.8187279204099835,-0.9577686533720109,-0.8992343043304639,-0.8889573465697457,-0.8452644671823782,-0.9731415806359994,-0.8912051470765318,0
14.76,-0.9927800893172967,-0.9740987110168549,-0.9419448203185908,-0.8398817231269236,-0.9361846767385095,-0.8303694663003012,-0.9634830799100655,-0.9080466164058975,-0.8981913063131242,-0.8560887323852154,-0.9776753638628581,-0.9003503540561777,0
14.780000000000001,-0.9950381377084212,-0.9785472277778671,-0.948654765544432,-0.8508746870213886,-0.9432181114331358,-0.841659412855619,-0.9687894421090838,-0.9164743309064864,-0.9070451222371256,-0.8665498554558843,-0.9817945709727769,-0.9091143034469783,0
14.8,-0.9968748059972756,-0.9825810002761697,-0.9549629695032363,-0.8615071865560301,-0.949852321268665,-0.8525929766169646,-0.9736854913156422,-0.9245138773854761,-0.9155150402478236,-0.8766434098959912,-0.9854974641750613,-0.9174932814757923,0
14.82,-0.9982893141621902,-0.9861983237019711,-0.9608667586360755,-0.8717747182500791,-0.9560844916785927,-0.8631655250334576,-0.9781691526707451,-0.9321618498087524,-0.9235974687738497,-0.8863651250824087,-0.9887824820960774,-0.9254837374046618,0
14.84,-0.9992810609940819,-0.9893976696870526,-0.9663636306694713,-0.8816729332341859,-0.9619119783275464,-0.8733725784267444,-0.9822385259896002,-0.9394150079982861,-0.9312889802926199,-0.895710888068514,-0.9916482404344401,-0.9330822850367548,0
14.86,-0.99984962435265,-0.9921776869488177,-0.9714512556768365,-0.8911976390919628,-0.9673323082360271,-0.8832098118906544,-0.985891886567377,-0.9462702790053077,-0.9385863127869968,-0.9046767453187281,-0.9940935325413227,-0.9402857041525747,0
14.88,-0.9999947613466861,-0.9945372018594009,-0.9761274770668847,-0.9003448016352602,-0.972343180832483,-0.8926730571252735,-0.9891276859106201,-0.9527247584126342,-0.9454863711317617,-0.9132589043756554,-0.9961173299256448,-0.9470909418758355,0
14.9,-0.9997164084384186,-0.9964752189395943,-0.9803903124985845,-0.9091105466124301,-0.9769424689322592,-0.9017583042046435,-0.9919445523940035,-0.9587757115656014,-0.9519862284093119,-0.9214537354590965,-0.9977187826839253,-0.9534951139684175,0
14.92,-0.9990146814718512,-0.9979909212773835,-0.9842379547222759,-0.9174911613488451,-0.9811282196430202,-0.9104617032773544,-0.9943412918421451,-0.9644205747310688,-0.9580831271540288,-0.9292577729962684,-0.9988972198546163,-0.9594955060538595,0
14.94,-0.9978898756250825,-0.9990836708709139,-0.9876687723465897,-0.9254830963189936,-0.9848986551962515,-0.9187795661993049,-0.9963168880362395,-0.9696569561840156,-0.9637744805247829,-0.9366677170825903,-0.9996521496967691,-0.9650895747688684,0
14.96,-0.996342465286624,-0.9997530088957446,-0.9906813105308466,-0.9330829666494668,-0.988252173704494,-0.9267083680979277,-0.9978705031452894,-0.9744826372212605,-0.9690578734050832,-0.9436804348724022,-0.9999832598929138,-0.9702749488423567,0
14.98,-0.9943731038557745,-0.9999986558962742,-0.9932742916026428,-0.9402875535522125,-0.9911873498439879,-0.9342447488672317,-0.999001478081758,-0.9788955731018846,-0.973931063430402,-0.9502929618990413,-0.9998904176760668,-0.9750494301015507,0
15.0,-0.9919826234671313,-0.9998205119012581,-0.9954466156003557,-0.94709380568745,-0.9937029354624368,-0.9413855145930238,-0.9997093327814881,-0.9828938939139505,-0.9783919819422415,-0.9565025033237146,-0.9993736698808101,-0.9794109944047454,0
15.02,-0.9891720346393549,-0.9992186564633683,-0.9971973607403481,-0.9534988404556606,-0.9957978601116343,-0.9481276389076918,-0.9999937664077714,-0.9864759053671521,-0.9824387348685355,-0.9623064351126335,-0.998433242918423,-0.983357792500307,0
15.040000000000001,-0.9859425258483403,-0.9981933486227793,-0.9985257838086654,-0.9594999452181079,-0.9974712315047303,-0.9544682642739984,-0.9998546574794804,-0.9896400895110652,-0.9860696035300157,-0.9677023051419265,-0.9970695426760745,-0.9868881508115622,0
15.06,-0.9822954630249716,-0.9967450267947936,-0.9994313204770648,-0.9650945784453839,-0.9987223358979387,-0.9604047031973229,-0.9992920639232095,-0.9923851053786866,-0.9892830453721979,-0.9726878342298458,-0.9952831543401192,-0.9900005721472424,0
15.08,-0.9782323889776733,-0.9948743085815552,-0.999913585543241,-0.9702803707934715,-0.9995506383965294,-0.9659344393658443,-0.9983062230494016,-0.9947097895549948,-0.9920776946226812,-0.977260917095844,-0.993074842143571,-0.9926937363371764,0
15.1,-0.973755022740006,-0.9925819905079313,-0.9999723730951458,-0.9750551261068928,-0.9999557831849724,-0.971055128718184,-0.9968975514524752,-0.9966131566702887,-0.9944523628734785,-0.9814196232461062,-0.9904455490378601,-0.9949665007929703,0
15.120000000000001,-0.9688652588435811,-0.989869047681671,-0.9996076565993335,-0.9794168223484938,-0.9999375936811374,-0.97576460043805,-0.9950666448349856,-0.9980943998180954,-0.9964060395881331,-0.9851621977851731,-0.9873963962890138,-0.9968179009934303,0
15.14,-0.9635651665166027,-0.986736633377989,-0.9988195889132948,-0.9833636124554948,-0.999496072614485,-0.9800608578754685,-0.992814277755905,-0.9991528908974721,-0.997937892533408,-0.9884870621533014,-0.9839286829984271,-0.9982471508945248,0
15.16,-0.9578569888083729,-0.9831860785487434,-0.9976085022217724,-0.9868938251214258,-0.9986314020282147,-0.9839420793942039,-0.9901414033031202,-0.9997881808795543,-0.9990472681353615,-0.9913928147892538,-0.9800438855484304,-0.9992536432637156,0
15.18,-0.9517431416401435,-0.979218891256423,-0.9959749078970879,-0.9900059655036246,-0.9973439432053708,-0.9874066191450187,-0.9870491526902906,-0.9999999999982406,-0.9997336917596625,-0.9938782317182393,-0.9757436569728865,-0.9998369499385106,0
15.200000000000001,-0.9452262127826991,-0.9748367560331743,-0.993919496283536,-0.9926987158559966,-0.9956342365189377,-0.9904530077644319,-0.9835388347782371,-0.9997882578649293,-0.999996867916024,-0.9959422670647533,-0.9710298262530787,-0.9999968220091339,0
15.22,-0.9383089607611192,-0.9700415331651492,-0.9914431364059423,-0.9949709360867671,-0.9935030012059873,-0.9930799529986949,-0.9796119355210644,-0.999153043507262,-0.9998366803866697,-0.9975840534900995,-0.9659043975391935,-0.9997331899252322,0
15.24,-0.93099431368718,-0.9648352579024673,-0.9885468756025032,-0.9968216642409923,-0.9909511350659767,-0.9952863402527087,-0.9752701173372492,-0.9980946253318567,-0.9992531922787787,-0.9988029025544102,-0.9603695492977233,-0.9990461635265749,0
15.26,-0.9232853680198844,-0.9592201395951307,-0.9852319390820663,-0.9982501169076187,-0.9879797140833217,-0.9970712330636547,-0.9705152184059651,-0.9966134510110436,-0.9982466460008883,-0.9995983050030093,-0.9544276333851471,-0.9979360319977342,0
15.280000000000001,-0.9151853872546518,-0.9531985607552591,-0.981499729406039,-0.9992556895509265,-0.9845899919744105,-0.9984338734991397,-0.9653492518889397,-0.9947101472936574,-0.996817463163262,-0.9999699309769987,-0.9480811740482858,-0.9964032637467636,0
15.3,-0.9066978005417251,-0.9467730760460339,-0.977351825895144,-0.9998379567662106,-0.9807833996592464,-0.9993736824796834,-0.9597744050781725,-0.9923855197399583,-0.9949662444022693,-0.9999176301479771,-0.941332866851751,-0.9944485062079275,0
15.32,-0.897826201234372,-0.9399464111977895,-0.9727899839612755,-0.9999966724595931,-0.9765615446579453,-0.9998902600254125,-0.9537930384698792,-0.9896405523808028,-0.992693769128848,-0.9994414317768346,-0.9341855775329392,-0.9920725855685657,0
15.34,-0.8885743453675068,-0.9327214618517022,-0.9678161343647348,-0.9997317699518908,-0.9719262104123445,-0.9999833854268586,-0.9474076847650486,-0.9864764073012017,-0.9900009952011599,-0.9985415446965967,-0.9266423407850602,-0.9892765064202083,0
15.36,-0.8789461500673669,-0.9251012923315683,-0.9624323823971653,-0.999043362006494,-0.9668793555330119,-0.9996530173397863,-0.9406210477970445,-0.9828944241484454,-0.9868890585215752,-0.9972183572193262,-0.9187063589687062,-0.9860614513340871,0
15.38,-0.8689456918929243,-0.917089134344195,-0.9566410069905293,-0.9979317407812438,-0.9614231129719726,-0.9988992938040109,-0.9334360013866941,-0.9788961195650046,-0.9833592725581602,-0.9954724369671206,-0.9103810007525144,-0.9824287803612279,0
15.4,-0.8585772051097372,-0.9086883856089407,-0.9504444597525072,-0.9963973777043296,-0.955559789121507,-0.9977225321861986,-0.9258555881253612,-0.974483186546444,-0.9794131277908714,-0.9933045306272761,-0.901669799683493,-0.9783800304573317,0
15.42,-0.8478450798969617,-0.8999026084170078,-0.9438453639287262,-0.9944409232742574,-0.9492918628393999,-0.9961232290466737,-0.9178830180865136,-0.9696574937246251,-0.9750522910826855,-0.990715563631722,-0.8925764526876127,-0.9739169148326898,0
15.44,-0.8367538604883017,-0.8907355281210673,-0.9368465132922592,-0.9920632067839766,-0.9426219844010583,-0.994102059930289,-0.9095216674663256,-0.9644210845765003,-0.9702786049759425,-0.987706639760859,-0.8831048185013024,-0.9690413222274104,0
15.46,-0.8253082432476672,-0.8811910315558887,-0.9294508709608607,-0.9892652359692776,-0.9355529743789374,-0.991659879081447,-0.900775077153907,-0.958776176558832,-0.9650940869141914,-0.9842790406719724,-0.8732589160345113,-0.9637553161122584,0
15.48,-0.8135130746803647,-0.8712731653906077,-0.9216615681424524,-0.9860481965816144,-0.9280878224497571,-0.9887977190833958,-0.8916469512317479,-0.9527251601692034,-0.9595009283898721,-0.980434225352412,-0.8630429226660257,-0.958061133815456,0
15.5,-0.8013733493806664,-0.8609861344133559,-0.9134819028093747,-0.9824134518855279,-0.9202296861300066,-0.9855167904219481,-0.8821411554070184,-0.9462705979337233,-0.9535014940181975,-0.9761738294977783,-0.8524611724717674,-0.9519611855758062,0
15.52,-0.7888942079166191,-0.8503342997489691,-0.9049153383019743,-0.9783625420808871,-0.9119818894402828,-0.9818184809738137,-0.8722617153743998,-0.9394152233218446,-0.9470983205376262,-0.9714996648153699,-0.8415181543868091,-0.9454580535225442,0
15.540000000000001,-0.7760809346529924,-0.8393221770105248,-0.8959655018621252,-0.9738971836501905,-0.903347921499022,-0.9777043554197563,-0.8620128151111275,-0.9321619395887705,-0.9402941157373503,-0.9664137182531897,-0.8302185103019039,-0.938554490582346,0
15.56,-0.7629389555132968,-0.8279544343854957,-0.8866361830972912,-0.969019268631202,-0.8943314350462255,-0.9731761545828304,-0.8513987951049689,-0.9245138185459215,-0.9330917573122532,-0.9609181511548355,-0.8185670330953192,-0.9312534193139682,0
15.58,-0.7494738356818067,-0.8162358906573237,-0.8769313323757919,-0.9637308638152362,-0.8849362448978032,-0.96823579469197,-0.8404241505159007,-0.9164740992599983,-0.9254942916458251,-0.9550152983406343,-0.806568664600813,-0.923557930670993,0
15.6,-0.7356912772465701,-0.8041715131632657,-0.8668550591539482,-0.9580342098714243,-0.8751663263311925,-0.9628853665712525,-0.8290935292722428,-0.9080461866811885,-0.9175049325215485,-0.9487076671153999,-0.7942284935126014,-0.9154712826932244,0
15.620000000000001,-0.7215971167844036,-0.7917664156893539,-0.8564116302358139,-0.9519317203973379,-0.8650258134029372,-0.9571271347551705,-0.8174117301020746,-0.8992336502010871,-0.9091270597633085,-0.941997936203244,-0.7815517532282258,-0.9069968991272779,0
15.64,-0.707197322888897,-0.7790258563033768,-0.845605467966236,-0.9454259808963702,-0.8545189971989384,-0.9509635365302913,-0.8053837005007621,-0.8900402221409637,-0.9003642178053929,-0.9348889546098825,-0.7685438196302061,-0.8981383679769448,0
15.66,-0.6924979936424677,-0.7659552351267991,-0.8344411483580079,-0.9385197476823041,-0.8436503240181241,-0.9443971809037144,-0.7930145346354496,-0.8804697961709931,-0.8912201141927006,-0.9273837404129217,-0.7552102088074341,-0.888899439983961,0
15.68,-0.6775053540335446,-0.752560092046544,-0.8229233991539038,-0.9312159467115401,-0.832424393490298,-0.9374308474987547,-0.7803094711874111,-0.870526425661137,-0.8816986180117857,-0.9194854794806353,-0.7415565747172665,-0.8792840270398096,0
15.700000000000001,-0.6622257533199735,-0.7388461043676414,-0.8110570978244243,-0.9235176723434687,-0.8208459566289814,-0.93006748537833,-0.7672738911331769,-0.8602143219643635,-0.8718037582534067,-0.9111975241197723,-0.7275887067893074,-0.8692962005292357,0
15.72,-0.646665662339755,-0.7248190844076952,-0.7988472695020944,-0.9154281860295196,-0.8089199138200569,-0.9223102117965414,-0.753913315465371,-0.8495378526329437,-0.8615397221072784,-0.9025233916529715,-0.713312527471887,-0.8589401896061754,0
15.74,-0.6308316707702751,-0.710484977034213,-0.7862990848531918,-0.9069509149314404,-0.7966513127470808,-0.914162310878983,-0.7402334028542262,-0.8385015395685674,-0.8509108531897395,-0.893466762926371,-0.6987340897222826,-0.8482203794028315,0
15.76,-0.6147304843371509,-0.6958498571458465,-0.7734178578878145,-0.8980894504693842,-0.7840453462541371,-0.905627232232342,-0.7262399472507693,-0.8271100571070711,-0.8399216497051022,-0.8840314807480675,-0.6838595744417414,-0.8371413091726496,0
15.780000000000001,-0.5983689219739278,-0.6809199270985706,-0.760209043709199,-0.8888475468004355,-0.7711073501471375,-0.8967085894838636,-0.7119388754326874,-0.8153682300385855,-0.8285767625414495,-0.8742215482580568,-0.668695287856391,-0.8257076703679901,0
15.8,-0.5817539129337675,-0.6657015140779476,-0.7466782362032575,-0.879229119228202,-0.7578428009345107,-0.8874101587513217,-0.6973362444939276,-0.8032810315639508,-0.8168809933016995,-0.8640411272303669,-0.6532476588451316,-0.8139243046533007,0
15.82,-0.5648924938544229,-0.6502010674185323,-0.7328311656693101,-0.8692382425441553,-0.7442573135082231,-0.8777358770441259,-0.6824382392790707,-0.790853581188247,-0.80483929227076,-0.8534945363080941,-0.6375232362156648,-0.8017962018546384,0
15.84,-0.5477918057776732,-0.6344251558715908,-0.7186736963930144,-0.8588791493014244,-0.7303566387661299,-0.8676898405962501,-0.6672511697635884,-0.7780911425523442,-0.7924567563196476,-0.8425862491720815,-0.6215286859297909,-0.7893284978464068,0
15.860000000000001,-0.5304590911245356,-0.6183804648222718,-0.7042118241625117,-0.8481562280217683,-0.7161466611766556,-0.8572763031316927,-0.6517814683810912,-0.7649991212033966,-0.7797386267474542,-0.8313208926440231,-0.6052707882791568,-0.7765264723762069,0
15.88,-0.5129016906275102,-0.6020737934574161,-0.6894516737288692,-0.837074021336486,-0.7016333962868375,-0.8464996740631898,-0.6360356872986741,-0.7515830623052132,-0.7666902870620731,-0.8197032447247994,-0.5887564350126474,-0.7633955468287257,0
15.9,-0.4951270402211522,-0.585512051885197,-0.6743994962118586,-0.8256372240620601,-0.6868229881747894,-0.8353645166249629,-0.6200204956415585,-0.737848648289476,-0.7533172607006281,-0.8077382325688539,-0.5719926264166354,-0.749941281929592,0
15.92,-0.4771426678923209,-0.5687022582078208,-0.6590616664521982,-0.8138506812113325,-0.6717217068476733,-0.8238755459402799,-0.603742676668159,-0.7238016964488163,-0.7396252086905791,-0.7954309303954894,-0.5549864683493305,-0.7361693753902034,0
15.94,-0.45895619049139147,-0.5516515355485051,-0.6434446803113691,-0.8017193859410818,-0.6563359455862693,-0.8120376270246524,-0.5872091248968073,-0.7094481564727403,-0.7256199272524856,-0.7827865573379609,-0.5377451692304683,-0.7220856594944971,0
15.96,-0.4405753105058364,-0.5343671090340185,-0.6275551519201474,-0.7892484774368331,-0.640672218237276,-0.7998557727255079,-0.5704268431853403,-0.6947941079274818,-0.7113073453454508,-0.769810475231262,-0.5202760369876271,-0.7076960986286981,0
15.98,-0.42200781279748745,-0.5168563027340539,-0.6113998108770303,-0.7764432387358394,-0.6247371564544956,-0.7873351415992343,-0.5534029397647705,-0.6798457576808185,-0.6966935221562828,-0.7565081863395622,-0.5025864759604597,-0.693006786755083,0
16.0,-0.4032615613049172,-0.49912653655870814,-0.5949854993977266,-0.7633090944891173,-0.608537506890062,-0.7744810357264591,-0.5361446252283344,-0.6646094372729665,-0.681784644533443,-0.7428853310242306,-0.484683983764142,-0.6780239448308456,0
16.02,-0.3843444957122778,-0.48118532311541334,-0.5783191694169322,-0.7498516086635185,-0.5920801283369092,-0.7612988984665238,-0.5186592094771537,-0.6490916002346555,-0.6665870243668667,-0.7289476853534615,-0.4665761481133845,-0.6627539181731478,0
16.04,-0.3652646280860646,-0.46304026452662783,-0.5614078796436076,-0.7360764821847775,-0.575371988823693,-0.7477943121520847,-0.5009540986238258,-0.6332988193535197,-0.6511070959147661,-0.7147011586544831,-0.44827064360832164,-0.6472031737714596,0
16.06,-0.34603003948119593,-0.4446990492096404,-0.544258792571024,-0.7219895505225676,-0.558420162663395,-0.7339729957248213,-0.48303679185526527,-0.6172377838899604,-0.6353514130785509,-0.7001517910094124,-0.42977522848367194,-0.6313782975483628,0
16.080000000000002,-0.3266488765178461,-0.42616944861985684,-0.526879171442825,-0.7075967812185571,-0.5412318274568579,-0.7198408023132549,-0.4649148782560892,-0.6009152967436846,-0.6193266466270199,-0.6853057506957894,-0.4110977413225162,-0.6152859915699359,0
16.1,-0.3071293479305047,-0.4074593139589424,-0.5092763771763875,-0.6929042713585345,-0.5238142610525285,-0.7054037167537182,-0.44659603359392863,-0.5843382715720743,-0.6030395813709991,-0.6701693315728953,-0.39224609773610386,-0.5989330712069343,0
16.12,-0.2874797210907128,-0.38857657284921227,-0.49145786524482016,-0.6779182449896625,-0.5061748384636923,-0.690667853055488,-0.42808801706801847,-0.5675137298616517,-0.5864971132896372,-0.6547489504149431,-0.3732282870110724,-0.5823264622479646,0
16.14,-0.2677083185049303,-0.3695292259756785,-0.4734311825188678,-0.6626450504839666,-0.4883210287445068,-0.6756394518112011,-0.40939866802242236,-0.5504487979538585,-0.5697062466095505,-0.6390511441922846,-0.354052368725528,-0.5654731979658467,0
16.16,-0.2478235142890581,-0.3503253436971723,-0.4552039640701069,-0.6470911578491461,-0.4702603918261658,-0.6603248775536265,-0.39053590262531207,-0.5331507040264085,-0.5526740908380886,-0.6230825673017665,-0.33472646933538297,-0.5483804161384502,0
16.18,-0.22783373062106532,-0.3309730626279942,-0.4367839299367577,-0.6312631559878887,-0.4520005753145221,-0.6447306160599031,-0.3715077105157003,-0.5156267750314999,-0.5354078577519452,-0.6068499887474247,-0.31525877873242825,-0.5310553560252471,0
16.2,-0.20774743417326116,-0.31148058219150226,-0.4181788818534902,-0.6151677499068161,-0.4335493112505367,-0.628863271604417,-0.35232215141903606,-0.49788443359218204,-0.5179148583424183,-0.590360289272694,-0.2956575467755662,-0.5135053553008417,0
16.22,-0.1875731325257079,-0.291856161147148,-0.39939669994662863,-0.5988117578762515,-0.4149144128349277,-0.6127295641614526,-0.332987351733115,-0.4799311948581933,-0.500202499718601,-0.5736204584453601,-0.2759310797967026,-0.49573784694682144,0
16.240000000000002,-0.16731937056228488,-0.2721081140923717,-0.3804453393961156,-0.5822021085420214,-0.3961037711184013,-0.596336326558817,-0.3135115010857284,-0.4617746633225889,-0.48227828196981465,-0.5566375916964723,-0.2560877370827597,-0.4777603561031994,0
16.26,-0.14699472685094436,-0.2522448079409014,-0.3613328270656868,-0.565345837990507,-0.37712535165887096,-0.5796905015836515,-0.29390284886553886,-0.4434225296005388,-0.4641497949886203,-0.539418887314479,-0.23613592733528116,-0.45958049688082475,0
16.28,-0.1266078100096959,-0.23227465837888298,-0.3420672581026669,-0.5482500867681848,-0.3579871911470863,-0.5627991390416327,-0.27416970072761965,-0.4248825671716193,-0.445824715255753,-0.5219716433958721,-0.2160841051091792,-0.44120596913607224,0
16.3,-0.10616725505984242,-0.21220612630039778,-0.3226567925088339,-0.5309220968569272,-0.3386973940020919,-0.5456693927708299,-0.25432041507516373,-0.4061626290870071,-0.42731080258834375,-0.5043032547535896,-0.19594076723206558,-0.42264455520920946,0
16.32,-0.08568171976802605,-0.19204771422382783,-0.3031096516837956,-0.5133692086063385,-0.3192641289379718,-0.5283085176114766,-0.23436339951884097,-0.3872706446429664,-0.4086158968528016,-0.48642120978452463,-0.17571444920573634,-0.4039041166278054,0
16.34,-0.06515988097862749,-0.17180796269063903,-0.2834341149423487,-0.49559885762443034,-0.2996956255033229,-0.5107238663329473,-0.21430710731530936,-0.36821461602202166,-0.3897479146437552,-0.4683330872974472,-0.1554137215912959,-0.38499259077658937,0
16.36,-0.04461043093808627,-0.151495446648046,-0.2636385160072995,-0.4776185716279469,-0.28000017059493326,-0.4929228865192238,-0.19416003378637192,-0.3490026149032709,-0.3707148459304603,-0.4500465533026946,-0.13504718637948113,-0.3659179875351522,0
16.38,-0.02404207361267856,-0.13111877181714499,-0.2437312394792292,-0.45943596725368413,-0.2601861049471361,-0.4749131174141886,-0.17393071272033142,-0.32964277904323386,-0.3515247506720975,-0.4315693577649554,-0.11462347334769724,-0.34668838588494016,0
16.4,-0.0034635210013158517,-0.11068657104801773,-0.22372071728469572,-0.4410587468321312,-0.24026181959833776,-0.4567021867280835,-0.15362771275703216,-0.3101433088287255,-0.33218575540338136,-0.41290933132056806,-0.09415123640531439,-0.32731193048694945,0
16.42,0.017116510555044814,-0.09020750066337091,-0.20361542510437694,-0.42249469512484195,-0.22023575233620266,-0.4382978074064661,-0.1332596337581312,-0.290512463803189,-0.31270604979194916,-0.3940743819606908,-0.07363914992876787,-0.30779682823161175,0
16.44,0.037689304065857875,-0.06969023679223427,-0.18342387878267893,-0.4037516760268672,-0.20011638412301358,-0.41970777436304735,-0.11283510316415041,-0.2707585591679537,-0.2930938831689732,-0.3750724916817472,-0.05309590508804156,-0.2881513447622822,0
16.46,0.05824614558371726,-0.049143471695301394,-0.16315463072032746,-0.3848376292356927,-0.17991223550271981,-0.4009399611778056,-0.09236277233984201,-0.2508899622599321,-0.27335756103447423,-0.355911713104587,-0.03253020616604329,-0.2683838009738462,0
16.48,0.07877832789580502,-0.02857591008343748,-0.14281626625144248,-0.36576056688805203,-0.15963186299119642,-0.38200231676175245,-0.071851312909399,-0.23091508900722313,-0.25350544153881105,-0.33660016606376963,-0.011950766872451188,-0.24850256948790875,0
16.5,0.09927715421248945,-0.007996265430940978,-0.12241740000669048,-0.3465285701660708,-0.1392838554512377,-0.3629028619897816,-0.05130941308310442,-0.21084240036411478,-0.23354593194184697,-0.3171460341684176,0.008633693346384088,-0.22851607110605626,0
16.52,0.11973394185152755,0.012586743714908253,-0.10196667226398536,-0.32714978587416377,-0.11887683045383331,-0.34364968630300813,-0.03074577397693027,-0.19068039872703477,-0.2134874850512819,-0.2975575613361112,0.029214452999965407,-0.20843277124270707,0
16.54,0.14014002591627575,0.033164397426416165,-0.0814727452883506,-0.3076324229881414,-0.09841943062726069,-0.3242509442820709,-0.010169105926677018,-0.17043762433291565,-0.1933385956416733,-0.27784304830127876,0.049782792247005214,-0.18826117633905173,0
16.56,0.16048676296638897,0.05372797808863628,-0.06094429966243368,-0.28798474917797084,-0.07792031999553944,-0.3047148521928134,0.010411875201795616,-0.15012265164155913,-0.17310779685565267,-0.25801084909954514,0.07032999658806956,-0.1680098302596029,0
16.580000000000002,0.18076553467942874,0.07426877409152317,-0.040390030609269566,-0.2682150873056935,-0.0573881803078117,-0.28504968450583346,0.030988451704686847,-0.12974408570346926,-0.15280365658886647,-0.2380693675295683,0.09084736055592935,-0.14768731067289473,0
16.6,0.20096775150183888,0.09477808351953923,-0.019818644308840876,-0.24833181189996031,-0.036831707360190286,-0.2652637703913564,0.05155190773315797,-0.1093105585147459,-0.13243477386018257,-0.2180270535938099,0.1113261914020747,-0.12730222541783448,0
16.62,0.22108485628773542,0.11524721783714179,0.0007611457900226744,-0.22834334560868752,-0.01625960731164062,-0.24536549019092996,0.07209353298544176,-0.08883072536055074,-0.11200977516867602,-0.19789239991978624,0.13175781277781745,-0.10686320885729447,0
16.64,0.24110832792397946,0.13566750556860066,0.021340622660818095,-0.20825815563131797,0.004319407004542388,-0.22536327186743596,0.09260462639661884,-0.06831326114871275,-0.0915373108389748,-0.17767393816330207,0.15213356840843476,-0.08637891822042634,0
16.66,0.261029684939976,0.15603029597056683,0.04191106939207011,-0.18808475013223042,0.024896619772102568,-0.20526558743491657,0.11307649982446967,-0.04776685673501199,-0.07102605135647634,-0.15738023539517423,0.1724448257587804,-0.06585802993532106,0
16.68,0.28084048910070475,0.1763269626958549,0.062463772879977106,-0.16783167463679904,0.045463315884464346,-0.1850809493697341,0.1335004817298687,-0.027200215241709066,-0.050484683694019254,-0.13701989047299584,0.19268297968884784,-0.04530923595349807,0
16.7,0.30053234898142794,0.19654890744689832,0.08299002751946254,-0.14750750841161525,0.06601078463709216,-0.16481790700456775,0.15386792085013723,-0.0066220483708798825,-0.029921907631546084,-0.11660153039946258,0.21283945609769514,-0.024741240067823213,0
16.72,0.32009692352256325,0.21668756361728836,0.10348113889205009,-0.12712086083042626,0.08653032341799538,-0.14448504290680306,0.17417018986381266,0.013958927285893229,-0.009346432070324016,-0.09613380666881284,0.23290571555421383,-0.004162754225408128,0
16.740000000000002,0.3395259255632405,0.236734399919911,0.12392842744899331,-0.10668036772732573,0.10701324139481842,-0.12409096924283439,0.19439868904527802,0.03453399393990362,0.011233028656703897,-0.07562539160292091,0.2528732569132017,0.016417505162957022,0
16.76,0.35881112535202975,0.25668092400008946,0.14432323218812748,-0.08619468773873831,0.12745086319695853,-0.10364432412980716,0.21454484990770742,0.055094436298207934,0.03180775847689447,-0.055084974678590706,0.2727336209152186,0.036990820915263456,0
16.78,0.3779443540333422,0.2765186860322511,0.16465691432285434,-0.065672498635747,0.1478345325911297,-0.08315376797637324,0.2346001388327803,0.07563154525545479,0.052369043270624686,-0.03452125884761842,0.29247839376866674,0.05754847877107187,0
16.8,0.39691750710803475,0.296239282298568,0.18492086094172971,-0.0451224936483029,0.1681556161488504,-0.062627979813989,0.25455606068561987,0.09613662158310489,0.07290817456320232,-0.013942956851160513,0.31209921071261804,0.07808177108308191,0
16.82,0.4157225478667808,0.3158343587480558,0.20510648865708622,-0.024553377782913038,0.18840550690425847,-0.04207565362031747,0.2744041624134385,0.11660097961445826,0.09341645321439146,0.0066412124700045766,0.3315877595588618,0.0985820005058871,0
16.84,0.43435151079469086,0.3352956145346311,0.22520524724115595,-0.00397386413532731,0.20857562800074708,-0.021505494636288622,0.2941360366263551,0.13701595092394553,0.11388519310400184,0.027222527867791235,0.3509357842116743,0.11904048368038782,0
16.86,0.4527965049458057,0.3546148055326415,0.24520862324814532,0.01660732980020682,0.22865743632483926,-0.0009262156783889286,0.31374332515887426,0.15737288799912083,0.13430572481196956,0.04779226938011378,0.3701350881638259,0.13944855491226607,0
16.88,0.4710497172859929,0.37378374782834767,0.2651081436207453,0.03718148582353005,0.24864242612577755,0.019653466552271615,0.33321772261051147,0.17766316790378325,0.15466939929137813,0.06834172202362254,0.38917753796733695,0.1597975698430058,0
16.9,0.48910341600283513,0.3927943211859073,0.28489537927951064,0.0577398887214795,0.2685221326193008,0.04022483516253702,0.3525509798640788,0.19787819593070333,0.17496759153285482,0.08886217948432015,0.40805506667751884,0.18007890911184715,0
16.92,0.5069499537811226,0.4116384724863848,0.3045619486936399,0.0782738299595056,0.2882881355740713,0.06077917675988068,0.3717349075801057,0.21800940924238252,0.19519170421879628,0.10934494780448144,0.42675967726884256,0.20028398200718672,0
16.94,0.5245817710425527,0.4303082191383261,0.324099521431591,0.09877461137047307,0.30793206287922875,0.08130778514359278,0.3907613796659728,0.238048280498328,0.21533317136587127,0.12978134906432007,0.44528344602118863,0.22040423010582386,0
16.96,0.5419913991482587,0.44879565245845465,0.34349982169007653,0.11923354883907618,0.3274455940915727,0.10180196499294072,0.40962233671822484,0.2579863214672812,0.23538346195426063,0.1501627250568609,0.4636185258750445,0.24043113089854284,0
16.98,0.5591714635628163,0.4670929410210667,0.36275463179990003,0.13964197598028322,0.34682046396085886,0.12225303555070807,0.42830978943664844,0.27781508662287446,0.25533408354208914,0.17048044095442733,0.4817571497542228,0.2603562014004847,0
17.0,0.5761146869784007,0.48519233397469497,0.3818557957071736,0.15999124781027307,0.36604846593171675,0.14265233430058327,0.4468158220086637,0.2975261767212194,0.2751765858635217,0.19072588896521625,0.49969163385470683,0.28017100174477505,0
17.02,0.5928138923977474,0.5030861643246424,0.400795222428447,0.1802727444083196,0.3851214556207167,0.16299122063682248,0.465132595462565,0.3171112423588737,0.2949025644090091,0.21089049197841953,0.517414380898211,0.29986713875788273,0
17.04,0.6092620061746132,0.520766852180001,0.4195648894782571,0.2004778745680449,0.4040313542670924,0.18326107952463516,0.4832523509882315,0.3365619875097069,0.3145036639861413,0.23096570719632822,0.5349178833491081,0.31943626951522835,0
17.06,0.6254520610104806,0.5382269079637618,0.43815684626767787,0.2205980794365116,0.4227701521556769,0.2034533251497455,0.5011674132238748,0.3558701730391425,0.3339715822596323,0.25094302975188876,0.5521947265933258,0.3388701048754714,0
17.080000000000002,0.6413771989061942,0.5554589355846873,0.45656321747240686,0.24062483613961053,0.44132991201058386,0.22355940455557244,0.5188701935074356,0.375027620194329,0.3532980732688999,0.2708139963101865,0.5692375920779055,0.3581604129920508,0
17.1,0.657030674067298,0.5724556355695715,0.47477620636896894,0.260549661392207,0.4597027723582127,0.24357080126649477,0.5363531930912605,0.39402621406869687,0.3724749509217868,0.290570188652319,0.5860392604098489,0.37729902280043237,0
17.12,0.6724058557618502,0.5892098081545789,0.4927880981376321,0.2803641150915204,0.47788095085813836,0.2634790388956836,0.5536090063186877,0.4128579070395011,0.3914940924629123,0.3102032372401748,0.6025926144129916,0.39627782747962736,0
17.14,0.6874962311294955,0.6057143563343615,0.510591263130622,0.3000598038922055,0.4958567476004817,0.283275684735935,0.5706303237612002,0.4315147221768526,0.41034744191519906,0.32970482476055174,0.618890642141562,0.4150887878864886,0
17.16,0.702295407940601,0.6219622888676255,0.5281781601042705,0.31962838476162914,0.5136225483683667,0.30295235333201026,0.587409935314813,0.4499887566228022,0.4290270134931177,0.34906668964716475,0.6349264398491778,0.4337239359613451,0
17.18,0.7167971173042881,0.6379467232379255,0.5455413394136972,0.3390615685138431,0.531170827864067,0.3225007100329723,0.6039407332543962,0.46827218493905387,0.4475248949862003,0.3682806295790356,0.6506932149120254,0.45217537810351693,0
17.2,0.7309952163242335,0.6536608885683948,0.5626734461686987,0.3583511233207262,0.5484941528974977,0.3419124745229871,0.6202157152446202,0.4863572624218747,0.4658332511113844,0.38733850495377947,0.6661842887049586,0.4704352985153091,0
17.22,0.7448836907010755,0.6690981284891884,0.5795672233495116,0.37748887819885374,0.5655851855356765,0.361179424329131,0.6362279873062673,0.5042363283828213,0.48394432683277105,0.40623224233431193,0.6813930994293246,0.48849596251302563,0
17.240000000000002,0.758456657280363,0.6842519039564323,0.5962155148810927,0.39646672647058345,0.5824366862118399,0.38029339830467407,0.6519707667366318,0.5219018093938567,0.5018504506473953,0.42495383786754026,0.6963132048913138,0.5063497198036372,0
17.26,0.7717083665449421,0.6991157960214736,0.6126112686646601,0.41527662919789515,0.5990415167928864,0.39924630008641415,0.667437384982791,0.5393462224955307,0.5195440378356085,0.44349536067356493,0.7109382852296441,0.5239890077257033,0
17.28,0.784633205050725,0.7136835085492602,0.6287475395651789,0.4339106185875463,0.6153926436038487,0.41803010152455,0.6826212904665259,0.5565621783668121,0.537017593674697,0.46184895620397665,0.7252621455914432,0.541406354453168,0
17.3,0.7972256978048349,0.7279488708847109,0.6446174923535373,0.45236080136608803,0.6314831404081145,0.4366368460836642,0.697516051359681,0.5735423844552694,0.5542637166143805,0.4800068495678166,0.7392787187551797,0.5585943821606761,0
17.32,0.8094805105850845,0.7419058404659394,0.6602144046021683,0.4706193621233117,0.6473061913421336,0.4550586522133837,0.712115358308802,0.5902796480662682,0.571275101412836,0.49796134882379867,0.7529820676995491,0.5755458101490758,0
17.34,0.8213924521998269,0.7555485053832071,0.6755316695328899,0.48867856662271675,0.662855093803365,0.4732877166872591,0.7264130271078976,0.6067668794098469,0.5880445422319287,0.515704848237381,0.7663663881172099,0.5922534579297776,0
17.36,0.8329564766872177,0.768871086882558,0.6905627988157447,0.5065307650775941,0.6781232612902467,0.4913163179084912,0.7404030013181794,0.6229970946040233,0.6045649356903303,0.5332298315013421,0.7794260108723191,0.6087102482666549,0
17.38,0.8441676854529585,0.7818679418130475,0.7053014253176764,0.5241683953913372,0.6931042261929715,0.5091368191810487,0.7540793548336883,0.6389634186332279,0.6208292838732333,0.550528874918463,0.7921554044008102,0.6249092101742239,0
17.400000000000002,0.8550213293456057,0.7945335650165279,0.7197413057998588,0.5415839863606028,0.7077916425339081,0.5267416719448538,0.7674362943917048,0.6546590882606229,0.6368306972973904,0.5675946505449977,0.804549177052426,0.6408434818707932,0
17.42,0.8655128106685774,0.8068625916590093,0.7338763235625442,0.5587701608399847,0.7221792886564813,0.5441234189736085,0.7804681620268875,0.6700774548930781,0.6525623978302115,0.5844199292935706,0.8166020793734791,0.6565063136853728,0
17.44,0.8756376851280001,0.8188497995025595,0.7477004910363075,0.5757196388668253,0.7362610698613905,0.5612746975339565,0.7931694374681009,0.685211987397576,0.668017721561698,0.6009975839942087,0.8283090063294003,0.6718910709170809,0
17.46,0.8853916637155769,0.8304901111168291,0.7612079523185908,0.5924252407448768,0.7500310209890423,0.5781882425045906,0.805534740476917,0.7000562748678649,0.6831901216279792,0.6173205924122179,0.8396649994661182,0.6869912366458505,0
17.48,0.8947706145256648,0.8417785960292341,0.7743929856544706,0.608879890085489,0.7634833089471064,0.5948568894540378,0.8175588331267921,0.7146040293401776,0.6980731709852712,0.6333820402215966,0.8506652490093657,0.701800414493243,0
17.5,0.9037705645058033,0.8527104728128939,0.7872500058605975,0.6250766168050281,0.7766122351821146,0.6112735776757698,0.8292366220219644,0.728849088456884,0.7126605651330706,0.6491751239327621,0.8613050959010237,0.7163123313322046,0
17.52,0.912387701139957,0.8632811111114485,0.7997735666912932,0.6410085600772806,0.7894122380940689,0.6274313531793934,0.8405631604551279,0.7427854180769282,0.7269461247854345,0.6646931537733212,0.8715800337716199,0.7305208399446048,0
17.54,0.920618374063744,0.8734860335998849,0.811958363145773,0.6566689712395564,0.8018778953930285,0.6433233716366246,0.8515336505029667,0.7564071148319548,0.7409237984892184,0.6799295565206871,0.88148571084818,0.7444199216254329,0
17.56,0.9284590966109773,0.8833209178805482,0.8237992337155481,0.6720512166513022,0.8140039263966728,0.6589429012808099,0.8621434450586607,0.7697084086270385,0.7545876651881499,0.6948778782853231,0.8910179317965964,0.7580036887325757,0
17.580000000000002,0.9359065472908609,0.892781598313535,0.8352911625710472,0.6871487805039825,0.8257851942678804,0.6742833257587755,0.8723880498005131,0.7826836650849615,0.7679319367316723,0.7095317872434596,0.900172659497751,0.7712663871810554,0
17.6,0.9429575711952136,0.9018640677806966,0.8464292816865081,0.7019552675810479,0.83721670819136,0.6893381469337673,0.8822631250958461,0.795327387932999,0.7809509603274705,0.7238850763181012,0.9089460167566259,0.7842023988806944,0
17.62,0.9496091813351254,0.910564479382491,0.8572088729022774,0.7164644059668194,0.8482936254884239,0.7041009876383355,0.8917644878393806,0.8076342213312057,0.7936392209366647,0.7379316658072054,0.9173342879436913,0.7968062441161784,0
17.64,0.9558585599064814,0.9188791480669879,0.8676253699236149,0.7306700497031533,0.859011253669003,0.718565594375964,0.9008881132253018,0.8195989521412116,0.8059913436106373,0.7516656059579144,0.9253339205678677,0.8090725838684985,0
17.66,0.961703059483814,0.9268045521903148,0.8776743602551671,0.7445661813927477,0.8693650524200289,0.7327258399703042,0.9096301364522712,0.8312165121345728,0.8180020957685128,0.765081079485756,0.9329415267803989,0.8209962220767875,0
17.68,0.9671402041419835,0.9343373350078958,0.887351587070289,0.7581469147479881,0.8793506355293511,0.7465757261609174,0.9179868543606626,0.842481980139737,0.8296663894143277,0.7781724040377315,0.9401538848089973,0.8325721078396029,0
17.7,0.9721676905052016,0.9414743060958474,0.8966529510144264,0.7714064970842643,0.888963772744367,0.7601093861443888,0.9259547270013189,0.8533905841267121,0.8409792832929414,0.7909340345982627,0.9469679403216591,0.8437953375547173,0
17.72,0.976783388722966,0.9482124427019345,0.9055745119417848,0.7843393117566849,0.8982003915645774,0.773321087059767,0.9335303791351798,0.8639377032285659,0.8519359849837844,0.803360565836981,0.9533808077195635,0.8546611569965104,0
17.740000000000002,0.9809853433724839,0.9545488910255024,0.9141124905845627,0.7969398805391743,0.9070565789673141,0.7862052324172558,0.9407106016631314,0.8741188696988819,0.8625318529315517,0.8154467343973485,0.9593897713585147,0.8651649633300769,0
17.76,0.9847717742872035,0.9604809674258554,0.9222632701540278,0.8092028659449415,0.9155285830658977,0.7987563644691433,0.9474923529854804,0.8839297708043651,0.8727623984129808,0.8271874211251526,0.9649922866984081,0.8753023070612134,0
17.78,0.988141077311107,0.9660061595585655,0.9300233978727694,0.8211230734873213,0.9236128146995342,0.810969166521954,0.9538727602904766,0.893366250651776,0.8826232874388842,0.8385776532359341,0.970185981380233,0.8850688939214423,0
17.8,0.9910918249784378,0.9711221274392263,0.93738958643747,0.8326954538800496,0.9313058489542715,0.8228384651888485,0.95984912077133,0.9024243119484296,0.8921103425906285,0.8496126064204236,0.974968656230157,0.8944605866872761,0
17.82,0.9936227671185834,0.9758267044342096,0.9443587154115823,0.8439151051760377,0.9386044266143705,0.8343592325813216,0.9654189027712193,0.9111001176955128,0.9012195447902821,0.8602876068870899,0.9793382861902644,0.9034734069329616,0
17.84,0.9957328313858492,0.980117898177995,0.950927832547321,0.8547772748437261,0.9455054555434782,0.845526588439258,0.9705797468557968,0.9193899928134945,0.9099470350036801,0.8705981333409608,0.9832930211755578,0.912103536715952,0
17.86,0.9974211237139036,0.9839938914166924,0.9570941550364017,0.8652773617801545,0.9520060119950161,0.856335802198458,0.9753294668127384,0.9272904256989547,0.91828911587569,0.8805398188978371,0.9868311868568551,0.9203473201943979,0
17.88,0.9986869286947005,0.9874530427773965,0.9628550706890093,0.8754109182598885,0.9581033418512309,0.8667822949947399,0.9796660505779182,0.9347980697121581,0.9262422532969764,0.8901084529331297,0.9899512853692569,0.9282012651759619,0
17.900000000000002,0.9995297098817204,0.9904938874630482,0.9682081390404846,0.8851736518189759,0.9637948617903811,0.8768616416037919,0.9835876610878121,0.9419097445947552,0.9338030779016133,0.8992999828645144,0.9926519959458803,0.935662044597322,0
17.92,0.9999491100173974,0.993115137872507,0.9731510923852706,0.8945614270731324,0.9690781603815637,0.8865695723159307,0.987092637057767,0.948622437816997,0.9409683864948963,0.9081105158676472,0.9949321754765881,0.9427264979337122,0
17.94,0.9999449511846401,0.995315684145574,0.9776818367376723,0.9035702674694013,0.9739509991067197,0.8959019747449853,0.9901794936858148,0.9549333058539052,0.94773514341076,0.9165363205242356,0.9967908589914815,0.9493916325379175,0
17.96,0.9995172348823812,0.9970945946327339,0.9817984527190281,0.9121963569705224,0.9784113133093835,0.9048548955705368,0.9928469232817221,0.9608396753898497,0.9541004817982209,0.9245738284017363,0.9982272600689508,0.9556546249081594,0
17.98,0.9986661420251216,0.9984511162894159,0.9854991963709145,0.9204360416713137,0.9824572130697776,0.9134245422127721,0.9950937958210181,0.9663390444510238,0.9600617048362997,0.9322196355640393,0.9992407711681087,0.9615128218843214,0
18.0,0.9973920328664722,0.9993846749946083,0.9887824998940411,0.9282858313463815,0.9860869840058759,0.9216072844392503,0.9969191594237601,0.9714290834653407,0.9656162868769131,0.9394705040124844,0.9998309638854672,0.9669637417720166,0
18.02,0.9956954468467234,0.9998948757936896,0.9916469723125229,0.9357424009284863,0.9892990880001019,0.9293996559028909,0.9983222407578358,0.9761076362492994,0.9707618745152455,0.9463233630565976,0.9999975891357487,0.9720050753940228,0
18.04,0.9935771023645088,0.9999815030653763,0.9940914000632443,0.9428025919169589,0.9920921638513522,0.9367983556105414,0.9993024453666339,0.9803727209214034,0.9754962875871501,0.9527753106139739,0.999740577256755,0.9766346870686345,0
18.06,0.9910378964726584,0.999644520612713,0.9961147475100746,0.9494634137155592,0.9944650278520681,0.9438002493214973,0.99985935792094,0.9842225307417444,0.9798175200931587,0.9588236144387544,0.9990600380382506,0.9808506155145185,0
18.080000000000002,0.9880789044983711,0.9988840716780698,0.9977161573827059,0.9557220448992108,0.9964166742901102,0.9504023708753819,0.9999927423949543,0.9876554348773954,0.9837237410487027,0.9644657132781752,0.9979562606748456,0.9846510746816926,0
18.1,0.9847013795878653,0.9977004788821375,0.9988949511399362,0.9615758344090782,0.9979462758752271,0.9566019234488252,0.9997025421663545,0.9906699790932905,0.9872132952601917,0.9696992179566989,0.9964297136429002,0.9880344545082719,0
18.12,0.9809067521757058,0.9960942440869489,0.9996506292572388,0.9670223026754796,0.9990531840899339,0.9623962807404087,0.9989888800403632,0.9932648863682964,0.9902847040266172,0.9745219123872724,0.9944810445015032,0.990999321602666,0
18.14,0.9766966293790249,0.9940660481829818,0.999982871438499,0.9720591426681586,0.9997369294646535,0.9677829880833768,0.9978520581978091,0.9954390574362161,0.9929366657663844,0.9789317545092774,0.9921110796176055,0.9935444198509339,0
18.16,0.9720727943168979,0.9916167508004377,0.9998915367518264,0.97668422087347,0.9999972217770032,0.9727597634856375,0.9962925580672018,0.9971915712514957,0.9951680565691091,0.9829268771527815,0.9893208238154302,0.9956686709490417,0
18.18,0.9670372053551642,0.9887473899448118,0.9993766636893869,0.980895578198067,0.9998339501751439,0.9773244985966147,0.9943110401208797,0.9985216853794354,0.9969779306721421,0.98650558882872,0.9861114599503017,0.9973711748597975,0
18.2,0.9615919952770069,0.9854591815569177,0.9984384701512287,0.9846914307987072,0.999247183225138,0.9814752596005477,0.99190834359531,0.9994288363107436,0.9983655208616226,0.9896663744446779,0.9824843484070807,0.9986512101942703,0
18.22,0.955739470379649,0.9817535189975435,0.9970773533531078,0.9880701708378219,0.9982371688822967,0.9852102880358506,0.9890854861356669,0.9999126397002941,0.999330238797889,0.9924078959459643,0.9784410265234091,0.9995082345175296,0
18.240000000000002,0.9494821094975439,0.9776319724569652,0.9952938896583535,0.9910303671645337,0.9968043343865292,0.9885280015401914,0.9858436633648332,0.9999728905299916,0.9998716752651092,0.9947289928817117,0.973983207938021,0.9999418845785787,0
18.26,0.9428225629524779,0.9730962882895632,0.993088834333846,0.9935707659208334,0.9949492860817373,0.9914269945209695,0.9821842483770094,0.999609563195674,0.9999896003450269,0.9966286828957552,0.9691127818643795,0.9999519764643814,0
18.28,0.9357636514310274,0.9681483882738254,0.9904631212302053,0.9956902910726538,0.9926728091593328,0.9939060387509151,0.9781087911561455,0.998822811518013,0.999683963514746,0.9981061621420921,0.9638318122899672,0.9995385056779199,0
18.3,0.9283083647898462,0.9627903687980505,0.9874178623863348,0.9973880448656245,0.9899758673259857,0.9959640838885488,0.9736190179194419,0.9976129686774119,0.9989548936685165,0.9991608056247361,0.9581425371015458,0.998701647140248,0
18.32,0.9204598607892875,0.9570244999720927,0.9839543475584758,0.9986633082053057,0.9868596023957455,0.9976002579232905,0.968716830386196,0.995980547072925,0.9978026990635102,0.9997921674618301,0.9520473671367792,0.9974417551165417,0
18.34,0.912221463755904,0.9508532246655305,0.9800740436739837,0.9995155409617464,0.9833253338067051,0.9988138675450206,0.9634043049723073,0.9939262381052612,0.9962278671896077,0.9999999810739001,0.9455488851626018,0.995759363066175,0
18.36,0.9035966631743845,0.9442791574726612,0.9757785942100508,0.9999443821982341,0.9793745580624167,0.9996043984379427,0.9576836919107763,0.9914509118839604,0.9942310645632565,0.9997841592961748,0.9386498447807796,0.9936551834168887,0
18.38,0.8945891122095261,0.9373050836047627,0.9710698184976407,0.999949650324141,0.9750089480982931,0.9999715154986217,0.9515574142985782,0.98855561685887,0.9918131364454827,0.9991447944149193,0.9313531692611129,0.9911301072631432,0
18.400000000000002,0.8852026261588687,0.9299339577100928,0.9659497109509275,0.9995313431718025,0.9702303525732627,0.9999150629781036,0.945028067070308,0.9852415793760757,0.9889751064841795,0.9980821581277713,0.9236619503027901,0.9881852039887876,0
18.42,0.8754411808366516,0.9221689026221164,0.9604204402225706,0.9986896379973925,0.9650407950869819,0.9994350645480576,0.9380984158990346,0.9815102031584758,0.9857181762808207,0.9965967014280934,0.9155794467244093,0.9848217208142002,0
18.44,0.8653089108897672,0.9140132080365073,0.9544843482851759,0.9974248914057988,0.9594424733229311,0.9985317232909143,0.9307713960248298,0.9773630687112173,0.9820437248817859,0.9946890544133915,0.9071090830832162,0.9810410822680987,0
18.46,0.8548101080464315,0.9054703291174687,0.9481439494393422,0.9957376391995273,0.9534377581177629,0.9972054216140012,0.9230501110114677,0.9728019326522477,0.9779533081945121,0.9923600260178819,0.8982544482241557,0.9768448895842365,0
18.48,0.8439492192983177,0.8965438850339734,0.9414019292487025,0.9936285961517017,0.9470291924572929,0.9954567210877134,0.91493783143182,0.9678287269682659,0.9734486583287174,0.9896106036693173,0.8890192937593467,0.9722349200232443,0
18.5,0.8327308450169084,0.8872376574265385,0.9342611434024163,0.9910986557032524,0.9402194903995607,0.9932863622077892,0.9064379934825092,0.9624455581963837,0.9685316828629777,0.9864419528702204,0.8794075324786159,0.9672131261199088,0
18.52,0.8211597370048829,0.877555588805184,0.9267246165056023,0.9881488895844238,0.9330115359254155,0.9906952640817887,0.8975541975284004,0.9566547065318514,0.9632044640369665,0.9828554167036988,0.8694232366917785,0.9617816348561956,0
18.54,0.8092407964833506,0.8675017808792596,0.9187955407982047,0.9847805473607617,0.9254083817171158,0.9876845240399091,0.888290206577549,0.9504586248622207,0.9574692578697009,0.9788525152640536,0.8590706365033555,0.9559427467603805,0
18.56,0.7969790720157879,0.8570804928198352,0.9104772748028556,0.9809950559037717,0.9174132478654574,0.9842554171703051,0.8786499446872551,0.9438599377283498,0.9513284932041661,0.9744349450124198,0.8483541180204659,0.9496989349326607,0
18.580000000000002,0.7843797573695601,0.8462961394554066,0.9017733419022996,0.9767940187864709,0.9090295205059817,0.9804093957791038,0.8686374953018946,0.936861440212707,0.9447847706787231,0.9696045780577157,0.8372782214946454,0.9430528439976604,0
18.6,0.7714481893159338,0.8351532894016658,0.892687428846972,0.9721792156040947,0.9002607503848378,0.976148088775352,0.8582570995232378,0.9294660967554189,0.9378408616257379,0.9643634613632018,0.8258476393983856,0.9360072889842835,0
18.62,0.758189845369508,0.8236566631261422,0.8832233841933861,0.9671526012202393,0.8911106513549074,0.9714733009811481,0.8475131543139751,0.9216770398985916,0.9304997068978939,0.9587138158789834,0.8140672144372073,0.9285652541333707,0
18.64,0.7446103414680264,0.8118111309485145,0.8733852166739634,0.9617163049387643,0.8815830988028323,0.9663870123672549,0.8364102106352277,0.9134975689594139,0.922764415622692,0.9526580356008323,0.8019419374981037,0.9207298916336841,1
18.66,0.7376385701873739,0.7996217109774705,0.8631770934990262,0.9558726296018047,0.8716821280076074,0.9608913772145192,0.8249529715188205,0.9049311486326193,0.9146382638856585,0.946198686555718,0.7894769455352318,0.9125045202867441,1
18.68,0.7219968739780745,0.7870935669849493,0.8526033385916427,0.9496240506142737,0.8614119324314369,0.9549887232014503,0.8131462900751334,0.8959814075228943,0.9061246933428233,0.9393385057144822,0.7766775193937331,0.9038926241010854,1
18.7,0.7158408528242374,0.774232006218708,0.841668430756099,0.9429732148952709,0.8507768619435767,0.948681550418339,0.800995167437389,0.8866521366078502,0.8972273097630559,0.9320803998321133,0.7635490815726287,0.8948978508165324,1
18.72,0.661995762285142,0.7610424771541028,0.8303770017807547,0.9359229397568368,0.839781420977913,0.9419725303083512,0.7885047506432239,0.8769472876322182,0.8879498815008743,0.9244274442161227,0.7500971939277102,0.8855240103591125,1
18.740000000000002,0.7007286615331382,0.7475305671860683,0.8187338344760963,0.9284762117105354,0.8284302666250644,0.934864504536023,0.7756803304544664,0.8668709714339414,0.8782963379003764,0.9163828814235226,0.7363275553154089,0.875775073227267,1
18.76,0.9163982668578455,0.7382020416482287,0.8067438606488131,0.9206361852023592,0.81672820665981,0.9273604837836531,0.7625273391160267,0.8564274562028733,0.8682707676309712,0.9079501198869842,0.7222459991786544,0.8701552101960273,1
18.78,0.9306568438940575,0.7231284555756166,0.7944121590127595,0.9124061812765085,0.8046801975046806,0.9194636464760974,0.7490513480548501,0.8456211656728255,0.8578774169556072,0.8991327324707399,0.7078584910757301,0.8587344047553187,1
18.8,0.9744342476744818,0.7141130278219565,0.7817439530376806,0.9037896861685906,0.7922913421305758,0.9111773374345012,0.7352580655199212,0.8344566772477264,0.8471206879322446,0.8899344549568412,0.693171126153165,0.8533143278930766,1
18.82,0.4578016480881332,0.6739942989060168,0.7687446087366321,0.8947903498288545,0.7795668878953,0.9025050664595473,0.7211533341643034,0.8229387200626777,0.8360051365493194,0.8803591844624264,0.6781901265637607,0.8167319965973815,1
18.84,0.37558684620858973,0.6939480263362621,0.7554196323929921,0.8854119843760774,0.7665122243209249,0.8934505068448139,0.7067431285702432,0.8110721729807457,0.8245354707960005,0.8704109777886538,0.6629218388308149,0.840161669826599,1
18.86,0.46095844902045047,0.8288095884697244,0.744699695128976,0.8756585624827534,0.7531328808109257,0.8840174938208761,0.6920335527183975,0.798862062526331,0.8127165486680501,0.8600940497020086,0.6502977580605669,0.9784372530031231,1
18.88,1.163264792356703,0.8326552135227488,0.7301332797366207,0.8655342156922784,0.7394345243080621,0.8742100229308093,0.6770308374022356,0.7863135607559744,0.8005533761101384,0.8494127711487093,0.6338671744240496,0.9856335276481575,1
18.900000000000002,0.7160716119792002,0.855591604649777,0.7193944980187672,0.8550432326688341,0.7254229568939874,0.864032248337775,0.6617413375887296,0.7734319830675304,0.7880511048954747,0.8383716674029639,0.621304990155948,1.0118557770733985,1
18.92,0.7461098526290099,0.5141673605180835,0.6883304675337907,0.8441900573807255,0.711104113331605,0.8534884810654253,0.6461715297264485,0.7602227859486096,0.775215030443666,0.826975416149876,0.58845909596442,0.6736512075572892,1
18.94,0.9201117964737345,0.45502292993063453,0.6962075426814506,0.832979287217925,0.6964840585512236,0.8425831871718449,0.6303280090021802,0.746691564665265,0.762050589577716,0.8152288455037878,0.5945966017893598,0.6176589035577714,1
18.96,-0.5214492870788701,0.5047203243908882,0.7786708763165758,0.8233169385302167,0.6815689850815569,0.8313209858578323,0.6142174865472644,0.7328440508918874,0.7485633582211223,0.8050381994485084,0.6753633980959614,0.6704395408550754,1
18.98,2.193331559229251,0.9553384169882422,0.7758722176924495,0.8110106666097715,0.6663652104266746,0.819706647510294,0.5978467865948102,0.7186861102833123,0.7347590490360465,0.7922113577232891,0.670911953505596,1.1240706860030327,1
19.0,0.5516507425664057,0.6586974275604646,0.78538316782976,0.801049846479233,0.6508791743900092,0.8077450916816036,0.5812228435890021,0.7042237399901837,0.7206435090035492,0.781737916515668,0.6788145698599968,0.8303712820450125,1
19.02,-0.12494949576048875,0.6721749975209828,0.5579626019397089,0.7777363672664531,0.6351174363465427,0.7954413850057699,0.5643526992477182,0.6894630661186121,0.7062227169469297,0.7579199827423618,0.44983080434744216,0.8467177238820895,1
19.04,0.6455587039046102,0.7791496722790532,0.5139291389605256,0.7795946818753926,0.6190866724643496,0.7828007390522969,0.5472434995797093,0.6744103411351962,0.6915027809992087,0.7592822236277722,0.4042799387503735,0.9564873412212799,1
19.06,0.14673264538132288,-0.1640683274666394,0.5405504537388295,0.8297955214747625,0.6040294967422787,0.7698285081186464,0.5299024918576024,0.6590719412185392,0.6777257598814522,0.808995581101704,0.4294302913459505,0.01598917038413028,1
19.080000000000002,0.48605344722342814,1.5942618485691256,0.8276802203023922,0.8244389635758835,0.5872246024299508,0.7565301869622437,0.5123370215480008,0.6434543635583422,0.6621698045580147,0.8031603397878156,0.7151361599062513,1.776962909105556,1
19.1,-0.598537900492479,0.5208205244838389,0.6290040261963613,0.8269480474122911,0.5719188129654199,0.7429114084729826,0.4945545291999939,0.6275642236032452,0.6480812094039309,0.8051997422953848,0.5150837357702627,0.7060877612478051,1
19.12,0.34293911540277217,0.07461284680918373,0.6318198200854748,0.6753175978799524,0.5479120967389192,0.7289779412872045,0.47656254729338987,0.6114082522585735,0.6252594271927938,0.6531088130732534,0.5165715511903465,0.2623677858969255,1
19.14,-2.6033619619453834,0.568959643108538,0.6953261742759312,0.6427563300768712,0.5402490977945371,0.7147356873441911,0.4583686970480091,0.5949932930351713,0.6187486000168729,0.6200964628648167,0.5787987416069186,0.759122756420903,1
19.16,1.293260402465065,0.23817590760472293,0.07612728498971572,0.6559899015377879,0.5639945486595279,0.7009939648988278,0.43998068519538147,0.5791295846632039,0.643612972329071,0.6328885408597451,-0.04162995431575267,0.43066664654398124,1
19.18,-1.189698817824181,0.4521271408873948,1.212857291576401,0.8384249246545404,0.551617263003374,0.6859855997587558,0.4214063007142135,0.5620508519393591,0.6323208838087553,0.8148918470330879,1.0939201242925087,0.64686397048631,1
19.2,-2.7560494688259594,-0.25952221434915373,0.5088610241641643,0.7049588102641969,0.5443459840404423,0.6718227576842597,0.4026534115310405,0.545870137745912,0.6261006179652171,0.6810039756538651,0.3887943079379366,-0.06262178088042325,1
19.22,-1.6638070481522496,0.34571799902868267,0.21249447915445593,0.702337057836947,0.4368811184951429,0.6518772032516797,0.3837299611874019,0.5239600615425558,0.5196521362975866,0.677970605395191,0.09134907204557044,0.5446986327048369,1
19.240000000000002,0.501143825327661,-1.576149569127806,0.527418876187349,0.7390406253389273,0.4068121029555001,0.6424297940533522,0.3646439654750167,0.5126023132042001,0.4905644448370169,0.7142728691211387,0.40524609372175,-1.3751730204407309,1
19.26,-1.9709151896546748,0.9498339477667093,0.3059416726636096,0.3318641786116497,0.40651438622799785,0.6532744982576937,0.3459256446235591,0.5215916702284854,0.4912125766839361,0.3067056031920227,0.18279326608245242,1.1527212804459057,1
19.28,-0.1718567154903151,-0.6709568278395598,0.4384781834060588,1.0659218980386118,0.5162060358132587,0.640517989036171,0.3264304808412079,0.5070355918198999,0.6018141986598416,1.0403831540587358,0.3144063177301655,-0.46624465193925985,1
19.3,-2.459070479495117,-1.6959953866207576,-0.030686937271296788,0.603389963675588,0.42057413464160753,0.6309609452014537,0.30753550761856063,0.49573551919495384,0.507056008212604,0.5774818633226639,-0.1556297053521812,-1.4895450816095415,1
19.32,2.751158580077495,-0.9929888744346671,0.3560677052823688,0.4057018634578268,0.41000701809996676,0.5561606774394048,0.28493647624219004,0.41924950149120466,0.4973259706066785,0.379435375874425,0.2303069608785741,-0.784887891021297,1
19.34,-1.8785747090189042,0.407240651159423,-0.8998533492472796,0.6052395293421131,0.42502106284965535,0.5315524155721216,0.2692200252860158,0.39301348271748043,0.5131401078977061,0.5786257759694113,-1.0263787969325306,0.616904162720184,1
19.36,1.8677352704396741,-1.2066207710887793,0.7352760032774749,0.4560049958399575,0.1515365473328185,0.5261823462007357,0.2667562902965875,0.3860743390941354,0.24041835958916843,0.4290552456964624,0.6080394497317476,-0.9954835438325444,1
19.38,4.312083013612371,-0.04428737054483606,-0.3250478693232411,0.5367704518710005,0.6198814245190656,0.5921944060060648,0.24901863845240144,0.4505766720615716,0.7094883555226197,0.5094961167687464,-0.4529416296460933,0.16823413538709742,1
19.400000000000002,1.0641858732806564,-1.5380594814212212,-0.9981798516001879,0.2263232031615321,0.31047393565769255,0.5246374386978965,0.23343151227175057,0.3815699649479252,0.40076802976680886,0.1987358328617846,-1.1266766407992712,-1.3242437205074054,1
19.42,0.7360365034441365,1.8414806870485245,-0.5481266840366812,0.47211948182817465,0.17324955903477068,0.5122661481337193,0.17551113496858053,0.36780953581685377,0.26419256950489955,0.4442307591387149,-0.6771720683563935,2.05650013071863,1
19.44,2.065720036674377,-1.1749772156472102,0.35508021898449094,-0.3499253915534893,0.2942602468934249,0.5164185100820435,0.1502943454912332,0.37063394897066393,0.38581365207808394,-0.3781036557374412,0.2255409060833654,-0.9588451716036372,1
19.46,-0.5067744179747496,1.2529734826775345,-0.7009102768503279,0.7071129636684469,0.1886110019145662,0.3329450805642293,0.1376650713214785,0.1858943230428467,0.28073602158277583,0.6786570919593483,-0.8308886421796201,1.4701265731451207,1
19.48,0.6457790690079687,2.8346322331287874,0.04759053609295233,0.012009641699838036,0.23250740936261843,0.6315614471337841,0.1715207424652771,0.48330678203903404,0.32516502112589124,-0.016711785556349557,-0.0827718191554827,3.0527143832945716,1
19.5,-0.7148137822194389,0.7163183512462099,-0.9304095877319054,-0.4315135361741043,0.02216486109310778,0.42454192679101677,0.11864694182999691,0.2751461530244263,0.11531581693503223,-0.4604883541060028,-1.0611007073717473,0.9352371805815414,1
19.52,0.3282327822080867,0.4958301040543182,1.2592139010764938,-0.14505841496129407,0.17343353023878583,0.3293470816330606,0.10173802312730568,0.17887348155773986,0.2670383731402027,-0.17427435096737387,1.1282493821857096,0.7154928773679676,1
19.54,0.008377810041522896,1.3529258740540118,-0.708587727464528,0.4358571612843928,-0.3693380249801864,0.40191322179257355,0.09566742691126247,0.25042553442513016,-0.2753189443274619,0.4064124823270494,-0.8397701643180492,1.5732395407825952,1
19.56,-1.615693572354631,-0.32639836842601644,0.8624528725925233,-0.2567924315481493,0.30935461877011583,0.32706117907381677,-0.0322582705906632,0.17462357308281734,0.4037481123721335,-0.2864533810646104,0.7311080916981612,-0.10552713479412673,1
19.580000000000002,-0.6275011126995924,0.4155572820628472,1.8833833633952717,0.22339311648691523,-0.15078117681696582,0.34932720175450327,0.15327973428037361,0.19600424827695498,-0.05605325369195377,0.19352846077941344,1.7519318814625149,0.6368925196789038,1
19.6,-2.6979095955604375,-0.4760304045801097,0.49931432759642735,-0.4187284685633728,-0.44732270440118027,0.20625394908185204,0.01026337470376849,0.05211059436918572,-0.3523004768670029,-0.4487841794501247,0.36781183312600974,-0.2543249226657539,1
19.62,-1.5939207861136595,0.19475236269158025,0.34881767365457045,0.9980264905947932,-0.269307668180084,0.2981467236941512,-0.05995440298446011,0.14324826159932136,-0.17403138604131133,0.9677924568154375,0.2173198770441344,0.4167341721756841,1
19.64,-1.9823219797255989,-0.0203429861044638,0.898739391143012,-0.28762092696585695,0.1001807983410586,-0.061165187042122315,-0.021011463898398138,-0.2167531427247681,0.1956707776387344,-0.3180204754795307,0.7673020010766135,0.20182111696862576,1
19.66,-2.6744847512619967,-1.0831680731979585,-0.2000200935099739,0.7269058393942194,-0.3580705267759365,0.3733988498307829,-0.07777078323548592,0.21718730650039714,-0.26240729831094345,0.6963536547408534,-0.3313413936714938,-0.8609157879288192,1
19.68,-3.009790428652536,-0.44800769360918635,0.2750472074285176,1.383790586876833,-0.053898041182550115,0.06765140930339977,-0.0712803661311893,-0.08911755150832064,0.04189791504588469,1.353098709649683,0.14389763161077007,-0.22576137507635255,1
19.7,0.5912228511258539,-1.8009209222337244,-0.31169075423068276,0.4773580408511293,-0.4791408563554561,-0.13182992804583854,-0.17213410269096505,-0.28908989997747886,-0.38325275001504133,0.4465394740948724,-0.4426130437655508,-1.5787747170204387,1
19.72,0.4732546795808855,-1.0904558785730039,0.11711303796130805,0.37268281709328843,0.4339737488219379,-0.022916819415514655,-0.12013021834860335,-0.18060118804199943,0.5299133885638339,0.34175061781375526,-0.01352649939833614,-0.8685038910259452,1
19.740000000000002,1.3261624794339952,-1.3500212852440725,-0.029899934615995445,0.7232177115193742,-0.4093822305056288,0.21038957746090517,-0.3612764034067462,0.052347606408813946,-0.31343169592668113,0.6921849851431395,-0.1602013734609577,-1.1283575376038975,1
19.76,0.5737646835057056,-1.8070056563096877,-0.7279301762372916,0.0020509301869263696,0.24246922530156007,-0.09439642533584089,-0.08626702986229372,-0.25272905299579,0.338390011513575,-0.029069174999502595,-0.8578383132363007,-1.5857240488764583,1
19.78,-0.2980362213042731,-2.032003856370009,-0.32225975647669386,0.3038156189466265,0.6619507997462623,0.0963344461258675,-0.2923207650819391,-0.062221769135512445,0.7578012069641558,0.27262132051753973,-0.45171955470122716,-1.811198127720388,1
19.8,-0.19097384748440033,0.3016373117781782,-1.2088240311036555,-0.0846460760062585,0.06537673837549164,-0.18711027338632563,-0.42915908182944873,-0.3458229124660406,0.16111616575990115,-0.11590135042402047,-1.3377806433518364,0.521873624505136,1
19.82,-0.6382345098263966,0.21797555527236234,-0.7541762404468639,0.1869444059709744,-0.009951327108281047,0.3993246656506205,-0.3653955177659304,0.24052283286019524,0.08563656658954348,0.155641398897047,-0.8825750324868271,0.4375491560039704,1
19.84,-0.01921186163103855,0.7654211566990994,-0.9300290237122744,0.08420704888790076,0.21071400815266997,-0.155995936814811,-0.22062784752998835,-0.31481969536401844,0.3061098784755989,0.05286957294997614,-1.0578155974351215,0.9842390299555783,1
19.86,0.14729937938210846,0.26945903911670077,-1.2341818926814432,-0.3767354340388733,-0.26511687963558345,0.2605216561226767,-0.4254688532722265,0.10174324911469167,-0.16995344105970123,-0.40809410021639425,-1.3613021091540172,0.48742848941875183,1
19.88,-0.41024139949591765,-0.3040712566036942,-1.3875184964014609,-0.12031332844320952,-0.07592944993382592,0.5259552326334606,-0.30806965606619113,0.36728943531459596,0.018961246955948086,-0.1516798970373107,-1.513918498809146,-0.08704256546297778,1
19.900000000000002,-0.867148311974024,-0.24129367277053743,0.12228874556021216,-0.7038815386877907,-0.3352733597803284,0.1309121146814421,-0.4987275727756416,-0.02757386244456521,-0.24069559900739285,-0.7352427183142326,-0.003337490909637586,-0.025297678606061136,1
19.92,0.16168223548651744,-0.5387764279974562,0.06088033312900326,-0.415696578103968,-0.16546464587282372,0.07464144239915452,-0.12380397218690001,-0.08359758014626582,-0.07123988311280365,-0.4470390794560967,-0.06391891316549742,-0.3239046312813817,1
19.94,-0.2742246926548881,-0.14312253195940614,0.40972592704110666,-0.5373685546085858,-0.23884746999891943,0.2107321243331965,-0.49085908297507896,0.05280708620048832,-0.1450156176430424,-0.5686790960951309,0.2858065449692363,0.07053404294421248,1
19.96,-0.6883474235151334,-0.04154570844747091,0.08039368984707373,-0.7424640299242058,-0.5449392714467429,-0.1059309850414219,-0.22605439358180232,-0.2634751418801739,-0.4515400754745228,-0.7737293433037222,-0.04259332655139669,0.17080513495133307,1
19.98,-0.6902058280547351,-0.4105445364438,-0.2993177300714835,-0.8495542429495532,-0.3846169914272675,0.009639688801518623,-0.05928682900878135,-0.14745685115186308,-0.2916900145701107,-0.8807610789590632,-0.4213202741905629,-0.1995893812250298,1
20.0,-0.6844958493295024,-0.7140703952225914,-0.2653859653953105,0.12437687729776879,-0.7701586271578653,-0.1663599961253972,-0.32165918823869544,-0.32294237316243246,-0.6777432321403059,0.09324174332225826,-0.38635234755462056,-0.5046002937308522,1
20.02,-0.6145008370718814,-0.05180318017284169,-0.4655774466402779,0.07699880885825983,-0.588928276658053,-0.06343231800447564,-0.36365716042567725,-0.21943420384490875,-0.49706360952368933,0.04594857137180766,-0.5854564159890843,0.1560931310336524,1
20.04,-0.5871276446779418,-0.3415488575836039,-0.21518123798228847,0.2962699923515597,-0.6739699305169535,-0.11859782707513875,-0.2804456582395912,-0.27395313928747295,-0.5826949040461776,0.26531781000323995,-0.3339220042174703,-0.13531440663777733,1
20.06,-0.610110215304153,-0.6170656264283392,-0.15588338846806452,0.07471290128976493,-0.8130993314792503,-0.3250396960372328,-0.4913473034546139,-0.47968262603259093,-0.7224526087057638,0.043871891340909325,-0.2734356433568129,-0.4125804018242698,1
20.080000000000002,-0.6017761647926678,-0.6245387184880374,-0.402405124930263,-0.1796001696535578,-0.8883853207045264,-0.22832476726525877,-0.42111802471098336,-0.3821898081752329,-0.7984052985376545,-0.21031693689345882,-0.5187190636283887,-0.42188934539923767,1
20.1,-0.6136215028366833,-0.6270178428517682,-0.6063120175102245,-0.16505150446823572,-0.26086504722393133,-0.4864305643052069,-0.5402284421919864,-0.639452538731876,-0.17158984018365395,-0.19563101118561912,-0.7213383596670574,-0.42629016884488824,1
20.12,-0.6311925182133249,-0.5876345545186193,-0.18239319614009042,-0.30268610305560245,-0.2970510057939109,-0.3761405723365169,-0.4778530412945155,-0.5282546599628848,-0.20851842986550584,-0.3331153894545662,-0.2960832067810211,-0.3889136131836641,1
20.14,-0.6470213995649226,-0.5758757185499294,-0.37721976234024546,-0.14743867586167564,-0.15976792680076612,-0.43893020416731665,-0.5180532617847529,-0.5900719692164642,-0.07201548341590774,-0.17770484566098949,-0.489525272518056,-0.37924569347539294,1
20.16,-0.6625762093922267,-0.5967658421290353,-0.5627317955553715,-0.11640197351168949,-0.30887398152424894,-0.5368765103127402,-0.6563963263727239,-0.6869819288440666,-0.22193884167534733,-0.14649219941479072,-0.6736052227616189,-0.4023100312372057,1
20.18,-0.6778503587738577,-0.5972153545452472,-0.5739469743993886,-0.28414161355244943,-0.47912002070359644,-0.5933210554114738,-0.5974989221807668,-0.7423265424424568,-0.3930390091980908,-0.31404314268808237,-0.6833413427272094,-0.4050161348028022,1
20.2,-0.6928373776729345,-0.6106941770191144,-0.5818449167339489,-0.42417203938907916,-0.474452435337774,-0.19293480572047128,-0.7690447589621761,-0.34077724216247834,-0.3892620151990836,-0.45387219872027273,-0.6897138767837121,-0.4208329695379244,1
20.22,-0.7075309176777747,-0.6278049491563462,-0.5624584704005388,-0.15610301234418886,-0.5685484467837071,-0.22394770506715805,-0.70094150211334,-0.3705644644638647,-0.4842847038054119,-0.1855892140433014,-0.6687563189199339,-0.4403621846993161,1
20.240000000000002,-0.72192475469109,-0.6436911834925374,-0.5609514660474962,-0.2902025806703107,-0.4721136541272293,-0.14219265463343128,-0.745146651248386,-0.28752162969055944,-0.3888122815870487,-0.3194623274578332,-0.6656331652977454,-0.4587462683990481,1
20.26,-0.7360127915665148,-0.6593047496095383,-0.5805872340836904,-0.4182286350101286,-0.45625644927702874,-0.2465742977212959,-0.8120088523933857,-0.39055392661638566,-0.3739527328170588,-0.4472495254550061,-0.6836084309236727,-0.4769360321549575,1
20.28,-0.7497890606913566,-0.6746390337073627,-0.5868549877692166,-0.43293951354463783,-0.5694426551504154,-0.36467752616269805,-0.8516987682657423,-0.5072468186238227,-0.48817145783004046,-0.4617092473238663,-0.688172032449412,-0.49492377091085704,1
20.3,-0.7632477265144814,-0.689687540290776,-0.6015076446887467,-0.44546882437969093,-0.6644548997568382,-0.36906434117872017,-0.5942512557194157,-0.5101629043210526,-0.5842506472846407,-0.4739752074949472,-0.7010776093470638,-0.5127018651854848,1
20.32,-0.7763830880182621,-0.704443894920662,-0.6184344250188762,-0.4402347858534005,-0.49403783678207436,-0.4376217932789578,-0.6170145906523232,-0.5771898571882699,-0.41493450293299283,-0.4684657358024939,-0.716215121870501,-0.5302627843001062,1
20.34,-0.7891895811335218,-0.7189018469141261,-0.6344761530393722,-0.4465907672006869,-0.584864076162772,-0.3823053893841234,-0.5662790553690022,-0.5202838324363737,-0.5068951683867078,-0.4745343181016606,-0.7304261522529685,-0.547599089568504,1
20.36,-0.8016617810964908,-0.7330552719921644,-0.6502491228504745,-0.46665482589504037,-0.6715746958225314,-0.37933246396399767,-0.6363316491456718,-0.5156628378702708,-0.5947732410504742,-0.4942991335607357,-0.7443277701031283,-0.5647034374479872,1
20.38,-0.813794404746733,-0.7468981748737893,-0.6657466531202793,-0.4779918579736663,-0.6844611356753023,-0.4602026951798729,-0.7151016178282177,-0.5948272497460856,-0.6088596663290112,-0.5053252049346136,-0.7579140868237811,-0.5815685826501165,1
20.400000000000002,-0.8255823127650987,-0.7604246918155207,-0.6809621791902594,-0.49473818330514013,-0.6957588328036218,-0.5292216993548149,-0.7197534137862288,-0.6620834069456797,-0.6213893730147659,-0.5217489837786207,-0.7711793473814142,-0.5981873812097821,1
20.42,-0.8370205118507528,-0.7736290930951502,-0.6958892558560504,-0.5129187357663503,-0.6953382932550217,-0.4256704256630583,-0.7659128572069671,-0.5567130053599477,-0.6222323452996248,-0.5395955405695642,-0.7841179327438684,-0.6145527935113952,1
20.44,-0.8481041568363367,-0.786505785438748,-0.710521560097622,-0.5304770105206674,-0.70227794403995,-0.49188301230629794,-0.7313503510481152,-0.6210509537487848,-0.6304664749939041,-0.5568085119258945,-0.7967243622603764,-0.6306578872708501,1
20.46,-0.8588285527403916,-0.799049314389854,-0.7248528937577057,-0.5478105780221272,-0.7179533329390142,-0.5553731204375835,-0.7306065725640007,-0.6826117073385407,-0.647466761560287,-0.5737856145518505,-0.8089932959830025,-0.646495840472033,1
20.48,-0.8691891567561595,-0.8112543666198853,-0.7388771861673188,-0.5649120958807684,-0.7277805267183223,-0.5708271665510082,-0.7841558090481744,-0.6960824998753278,-0.6586487105614308,-0.5905196570406965,-0.8209195369284719,-0.6620599442566188,1
20.5,-0.8791815801759246,-0.8231157721787536,-0.7525884967172946,-0.5817743200017674,-0.7409470920261351,-0.5851951866265642,-0.829796294452349,-0.7084142074236598,-0.6731993147943468,-0.6070035509497862,-0.8324980332794497,-0.6773436057659414,1
20.52,-0.8888015902500768,-0.8346285066847517,-0.7659810173747152,-0.5983901076539775,-0.7548682694490615,-0.5918900340677763,-0.7630603161109956,-0.7130205459482049,-0.6885332285896653,-0.62323031380303,-0.843723880524326,-0.692340350933717,1
20.54,-0.8980451119801157,-0.8457876934527783,-0.7790490751431879,-0.6147524204955382,-0.768206439652327,-0.6033097347607418,-0.8064648213955523,-0.7223004260074283,-0.7033122342002509,-0.6391930720484937,-0.854592323534605,-0.707043827228454,1
20.56,-0.9069082298448294,-0.8565886055600025,-0.7917871344659176,-0.6308543275552568,-0.7812192078601011,-0.6203454681991267,-0.8478935348676458,-0.7371459335038111,-0.7177933265350046,-0.6548850639698562,-0.8650987585790173,-0.7214478063443788,1
20.580000000000002,-0.9153871894589196,-0.867026667848086,-0.8041897995705641,-0.6466890081685208,-0.7939010619135236,-0.6335147775637909,-0.8578925593981279,-0.748075539379511,-0.7319703714754181,-0.6702996425504819,-0.8752387352735099,-0.7355461868397437,1
20.6,-0.9234783991633697,-0.8770974588611258,-0.8162518167548833,-0.662249754866469,-0.8062466298245329,-0.6487867085341121,-0.8669794378899581,-0.7610592380346561,-0.7458373636928677,-0.6854302782889199,-0.8850079584662685,-0.7493329967213856,1
20.62,-0.9311784315468805,-0.8867967127184863,-0.8279680766121919,-0.6775299762172282,-0.8182506820514858,-0.6644783236413176,-0.870872631929382,-0.7744150612787785,-0.7593884291925048,-0.7002705619646294,-0.8944022900569981,-0.7628023959744683,1
20.64,-0.9384840248977386,-0.8961203209217339,-0.8393336161957075,-0.6925231996179936,-0.8299081337144499,-0.6797173564642789,-0.8776310525290398,-0.78727173211601,-0.7726178278015403,-0.7148142073527414,-0.9034177507496701,-0.7759486790363007,1
20.66,-0.945392084585485,-0.9050643340949046,-0.8503436211208445,-0.707223074036769,-0.8412140467492042,-0.6946684677336423,-0.8878342477769401,-0.7997949204300637,-0.7855199556008255,-0.7290550538867329,-0.912050521738013,-0.7887662772132136,1
20.68,-0.9518996843718163,-0.9136249636573707,-0.860993427604592,-0.7216233727026115,-0.852163631999057,-0.7093253242482379,-0.8953189892690049,-0.8119793214731525,-0.7980893472987217,-0.7429870692678657,-0.9202969463230085,-0.8012497610394526,1
20.7,-0.9580040676501526,-0.9217985834285938,-0.8712785244410828,-0.7357179957432486,-0.8627522512435822,-0.7236817174500666,-0.9039656121803057,-0.8238197740052967,-0.8103206785462427,-0.7566043520203042,-0.9281535314617352,-0.8133938425771031,1
20.72,-0.963702648613347,-0.9295817311640933,-0.8811945549125401,-0.7495009727689314,-0.8729754191634213,-0.7377315660542378,-0.912680749401789,-0.8353112624806005,-0.8222087681925061,-0.7699011339908067,-0.9356169492468839,-0.8251933776560559,1
20.740000000000002,-0.9689930133490529,-0.9369711100219671,-0.8907373186347809,-0.7629664654014446,-0.8828288052403149,-0.7514689186250016,-0.9208980565378403,-0.8464489191718236,-0.8337485804795057,-0.7828717827919511,-0.942684038316321,-0.8366433680530735,0
20.76,-0.9738729208622684,-0.9439635899593508,-0.8999027733365003,-0.7761087697471964,-0.8923082355915628,-0.7648879560967786,-0.9287252781076034,-0.8572280262323235,-0.8449352271753178,-0.7955108041878491,-0.9493518051921157,-0.8477389636090441,0
20.78,-0.9783403040246388,-0.9505562090582278,-0.9086870365715719,-0.7889223188133446,-0.9014096947381269,-0.7779829942391127,-0.9361590985377596,-0.8676440176945212,-0.8557639696447962,-0.8078128444213407,-0.9556174255484473,-0.8584754642835042,0
20.8,-0.9823932704501105,-0.9567461747800188,-0.917086387363656,-0.8014016848659287,-0.9101293273056431,-0.7907484860645173,-0.9431963688969479,-0.877692481404027,-0.8662302208569113,-0.8197726924816854,-0.9614782454078632,-0.8688483221455771,0
20.82,-0.9860301032965584,-0.9625308651484261,-0.9250972677824072,-0.8135415817290134,-0.9184634396576062,-0.8031790241781736,-0.949834108229649,-0.887369160888612,-0.876329547327861,-0.8313852823117952,-0.9669317822653825,-0.8788531433004784,0
20.84,-0.9892492619930608,-0.96790782986003,-0.9327162844506139,-0.8253368670238723,-0.9264085014600437,-0.8152693430685093,-0.9560695048189116,-0.8966699571612323,-0.8860576709991468,-0.8426456949540507,-0.9719757261399672,-0.8884856897507714,0
20.86,-0.9920493828925019,-0.9728747913221663,-0.9399402099816324,-0.8367825443472577,-0.9339611471770177,-0.8270143213376739,-0.9618999173773917,-0.905590930456347,-0.895410471049802,-0.8535491606338275,-0.9766079405529124,-0.8977418811915849,0
20.88,-0.994429279849232,-0.9774296456176447,-0.9467659843465135,-0.8478737653878339,-0.9411181774963125,-0.8384089838709596,-0.9673228761662009,-0.9141283018987884,-0.904383985642025,-0.8640910607798158,-0.9808264634327454,-0.9066177967390332,0
20.900000000000002,-0.996387944721537,-0.981570463395903,-0.9531907161702345,-0.8586058319798859,-0.9478765606847163,-0.8494485039442667,-0.9723360840410835,-0.9222784551044768,-0.912974413599457,-0.8742669299803058,-0.9846295079462508,-0.9151096765911051,0
20.92,-0.997924547798707,-0.9852954906902147,-0.9592116839564897,-0.8689741980934204,-0.9542334338723085,-0.860128205268709,-0.9769374174254861,-0.9300379377123115,-0.9211781160174124,-0.8840724578745833,-0.9880154632552651,-0.9232139236203251,0
20.94,-0.9990384381525225,-0.9886031496606072,-0.9648263372405192,-0.8789744717598297,-0.9601861042652259,-0.8704435639714898,-0.981124927210104,-0.9374034628465777,-0.9289916178043601,-0.8935034909786602,-0.9909828951989238,-0.9309271048974932,0
20.96,-0.9997291439130078,-0.9914920392621738,-0.9700322976694932,-0.8886024169322921,-0.9657320502863753,-0.8803902105122272,-0.9848968395785245,-0.9443719105092581,-0.9364116091540281,-0.9025560344445497,-0.9935305469010707,-0.9382459531458871,0
20.98,-0.9999963724683372,-0.9939609358384999,-0.9748273600099884,-0.897853955280127,-0.9708689226436248,-0.8899639315338875,-0.988251556758616,-0.9509403289016524,-0.9434349469474776,-0.9112262537523457,-0.9956573393025735,-0.9451673681252812,0
21.0,-0.9998400105888064,-0.9960087936399469,-0.9792094930821301,-0.9067251679163403,-0.9755945453250119,-0.8991606716475775,-0.9911876576993482,-0.9571059356747511,-0.9500586560845794,-0.9195104763343906,-0.9973623716183186,-0.9516884179452171,0
21.02,-0.9992601244748203,-0.9976347452665787,-0.9831768406200099,-0.9152122970576347,-0.9799069165205526,-0.9079765351504108,-0.9937038986727504,-0.9628661191078282,-0.9562799307443128,-0.9274051931308424,-0.9986449217186926,-0.9578063403069587,0
21.04,-0.9982569597288722,-0.9988381020355408,-0.9867277220580066,-0.9233117476161712,-0.9838042094702538,-0.9164077876757343,-0.9957992138007581,-0.968218439214763,-0.9620961355733588,-0.9349070600759837,-0.9995044464353863,-0.9635185436736105,0
21.06,-0.9968309412515316,-0.9996183542727373,-0.9898606332426829,-0.931020088722422,-0.9872847732379801,-0.9244508577750133,-0.9974727155067252,-0.9731606287776084,-0.9675048068024817,-0.9420128995146417,-0.999940581791397,-0.9688226083679018,0
21.080000000000002,-0.9949826730614798,-0.9999751715286812,-0.992574247069956,-0.9383340551784549,-0.9903471334108374,-0.9321023384307077,-0.9987236948914063,-0.9776905943069804,-0.9725036532902299,-0.9487197015481166,-0.9999531431551263,-0.9737162875971684,0
21.1,-0.9927129380396728,-0.9999084027184288,-0.9948674140472676,-0.9452505488410439,-0.992989992723782,-0.9393589884994938,-0.9995516220332525,-0.9818064169288562,-0.9770905574935095,-0.9550246253090576,-0.9995421253185109,-0.9781975084051064,0
21.12,-0.9900226975977388,-0.9994180761855366,-0.9967391627805211,-0.9517666399340139,-0.9952122316091917,-0.9462177340852195,-0.9999561462128941,-0.9855063531974058,-0.9812635763646234,-0.9609250001647333,-0.9987077024991526,-0.9822643725498844,0
21.14,-0.9869130912707488,-0.9985043996900137,-0.9981887003855753,-0.9578795682892729,-0.997012908671161,-0.9526756698410206,-0.9999370960617129,-0.9887888358335123,-0.9850209421743912,-0.9664183268481962,-0.9974502282664467,-0.9859151573082527,0
21.16,-0.983385436234538,-0.9971677603202778,-0.9992154128241235,-0.9635867445159885,-0.9983912610843251,-0.9587300602000317,-0.9994944796344435,-0.9916524743886702,-0.9883610632610073,-0.9715022785168618,-0.9957702353917399,-0.9891483162052986,0
21.18,-0.9794412267477767,-0.9954087243291474,-0.9998188651638126,-0.968885751097435,-0.9993467049170403,-0.9643783405341899,-0.998628484405771,-0.9940960558339789,-0.9912825247043154,-0.9761747017380489,-0.993668435622582,-0.9919624796695451,0
21.2,-0.9750821335190285,-0.9932280368939432,-0.9999988017624952,-0.9737743434150311,-0.9998788353787845,-0.9696181182406186,-0.9973394771909279,-0.996118545073982,-0.9937840889252141,-0.9804336174010668,-0.9911457193811651,-0.9943564556131147,0
21.22,-0.9703100029990703,-0.9906266218008005,-0.999755146376534,-0.9782504506991365,-0.9999874269916751,-0.9744471737551469,-0.9956280039903221,-0.9977190853851348,-0.9958646962099431,-0.9842772215554632,-0.9882031553870803,-0.9963292299367127,0
21.240000000000002,-0.9651268565987609,-0.9876055810533219,-0.9990880021931139,-0.9823121769062132,-0.9996724336860277,-0.9788634614925334,-0.993494789758265,-0.9988969987787154,-0.9975234651590222,-0.987703886175076,-0.9848419902045497,-0.9978799669592118,0
21.26,-0.9595348898328026,-0.984166194405743,-0.9979976517865488,-0.9859578015219709,-0.9989339888199187,-0.9828651107129864,-0.9909407380958931,-0.999651786288023,-0.9987596930606607,-0.9907121598475699,-0.9810636477143285,-0.9990080097716635,0
21.28,-0.9535364713897522,-0.9803099188208031,-0.9964845569985992,-0.9891857802901581,-0.9977724051227428,-0.9864504263146264,-0.9879669308684181,-0.999983128179745,-0.99957285618847,-0.9933007683891565,-0.9768697285104956,-0.9997128805155787,0
21.3,-0.947134142128673,-0.9760383878525507,-0.9945493587428544,-0.991994745866695,-0.9961881745627867,-0.9896178895515441,-0.9845746277468631,-0.9998908840894009,-0.9999626100233621,-0.9954686153842499,-0.972262009222394,-0.9999942805853662,0
21.32,-0.9403306140028618,-0.9713534109543515,-0.9921928767332601,-0.994383508398865,-0.9941819681388794,-0.9923661586771582,-0.9807652656744825,-0.999375093080807,-0.9999287893995322,-0.9972147826498177,-0.9672424417620046,-0.999852090754838,0
21.34,-0.9331287689110916,-0.9662569727123842,-0.9894161091369057,-0.9963510560293233,-0.9917546355962036,-0.994694069512595,-0.9765404582580907,-0.9984359736295361,-0.9994714085744699,-0.9985385306242379,-0.961813152497074,-0.9992863712277317,0
21.36,-0.9255316574768785,-0.9607512320049508,-0.9862202321512217,-0.9978965553247073,-0.9889072050663903,-0.9966006359398515,-0.9719019950845544,-0.9970739235303789,-0.9985906612229652,-0.9994392986804947,-0.9559764413503427,-0.9982973616122259,0
21.38,-0.9175424977562654,-0.954838521087966,-0.9826065995057619,-0.9990193516286691,-0.985640882632049,-0.9980850503195325,-0.966851840962744,-0.995289519728848,-0.9972869203551139,-0.9999167053635798,-0.9497347808252634,-0.9968854808194619,0
21.400000000000002,-0.9091646738746901,-0.9485213446069948,-0.9785767418887872,-0.9997189693391771,-0.981957051815919,-0.9991466838329847,-0.9613921350912605,-0.993083518076793,-0.9955607381583557,-0.9999705485519998,-0.9430908149586139,-0.9950513268861119,0
21.42,-0.9004017345935018,-0.9418023785362796,-0.9741323662988856,-0.999995112109974,-0.9778572729948535,-0.9997850867486829,-0.9555251901522896,-0.9904568530122329,-0.9934128457636145,-0.9996008055433212,-0.9360473582004503,-0.992795676721071,0
21.44,-0.8912573918067429,-0.934684469045185,-0.9692753553219114,-0.9998476629761018,-0.9733432827388936,-0.9999999886127564,-0.9492534913319731,-0.9874106371635402,-0.9908441529356359,-0.998807633063716,-0.9286073942218785,-0.9901194857763806,0
21.46,-0.8817355189688244,-0.9271706312925568,-0.9640077663335467,-0.999276684403442,-0.9684169930757012,-0.999791298363572,-0.9425796952677046,-0.9839461608781439,-0.9878557476876566,-0.9975913672015044,-0.9207740746511447,-0.9870238876425196,0
21.48,-0.871840149453766,-0.9192640481494931,-0.9583318306278182,-0.9982824182622514,-0.9630804906806709,-0.9991591043703291,-0.9355066289228026,-0.9800648916759529,-0.9844488958205693,-0.9959525232647227,-0.9125507177385819,-0.9835101935682382,0
21.5,-0.8615754748466978,-0.9109680688510812,-0.95224995247195,-0.9968652857247026,-0.9573360359930635,-0.9981036743956477,-0.928037288389031,-0.9757684736277293,-0.9806250403867726,-0.9938917955627764,-0.9039408069509819,-0.9795798919051358,0
21.52,-0.8509458431683385,-0.9022862075776569,-0.9457647080879396,-0.9950258870864732,-0.9511860622585266,-0.9966254554821662,-0.9201748376174836,-0.9710587266586763,-0.9763858010789416,-0.9914100571122727,-0.8949479894959774,-0.9752346474772186,0
21.54,-0.8399557570332117,-0.8932221419662022,-0.9388788445612957,-0.9927650015124603,-0.9446331744984217,-0.9947250737631961,-0.9119226070783548,-0.9659376457775322,-0.9717329735439711,-0.9885083592671524,-0.8855760747770705,-0.9704763008757061,0
21.56,-0.8286098717423802,-0.8837797115525001,-0.9315952786774023,-0.9900835867067268,-0.9376801484063801,-0.9924033341975154,-0.9032840923501821,-0.960407400231506,-0.9666685286223843,-0.9851879312732845,-0.8758290327799605,-0.9653068676793807,0
21.580000000000002,-0.8169129933114967,-0.873962916144712,-0.923917095685997,-0.9869827785068208,-0.9303299291725694,-0.9896612202284113,-0.8942629526391459,-0.9544703325874004,-0.9611946115135315,-0.9814501797477071,-0.8657109923908436,-0.9597285376008138,0
21.6,-0.8048700764350123,-0.8637759141290682,-0.9158475479942827,-0.9834638904026367,-0.9225856302361538,-0.98649989336712,-0.8848630092290568,-0.9481289577393207,-0.9553135408669297,-0.9772966880827352,-0.8552262396474146,-0.9537436735588306,0
21.62,-0.7924862223874106,-0.853223020708382,-0.907390053789243,-0.9795284129800257,-0.914450531966489,-0.9829206927008325,-0.8750882438626923,-0.9413859618433869,-0.949027807800127,-0.9727292157751934,-0.8443792159232916,-0.9473548106776063,0
21.64,-0.7797666768623456,-0.8423087060741417,-0.8985481955897261,-0.9751780132893907,-0.9059280802736058,-0.9789251343254851,-0.8649427970551574,-0.9342442011798978,-0.9423400748435101,-0.9677496976810482,-0.8331745160466506,-0.9405646552128117,0
21.66,-0.7667168277506098,-0.8310375935129485,-0.8893257187289213,-0.9704145341395292,-0.8970218851485683,-0.9745149107035672,-0.8544309663399918,-0.9267067009434343,-0.9352531748125067,-0.9623602431957667,-0.8216168863538581,-0.9333760834052752,0
21.68,-0.7533422028578631,-0.8194144574481078,-0.8797265297678654,-0.9652399933170271,-0.8877357191343238,-0.9696918899472206,-0.8435572044487722,-0.9187766539614124,-0.9277701096076435,-0.9565631353607392,-0.8097112226789225,-0.9257921402626355,0
21.7,-0.7396484675630945,-0.8074442214172002,-0.8697546948406554,-0.9596565827315374,-0.8780735157277069,-0.9644581150269356,-0.8323261174249597,-0.9104574193416203,-0.9198940489429935,-0.9503608298961475,-0.7974625682796262,-0.9178160382695051,0
21.72,-0.7256414224188091,-0.795131955986486,-0.8594144379320713,-0.9536666674872931,-0.8680393677132544,-0.9588158029061754,-0.8207424626728176,-0.9017525210493295,-0.9116283290035279,-0.9437559541606944,-0.784876111701212,-0.9094511560266936,0
21.740000000000002,-0.7113270006939614,-0.7824828766030381,-0.8487101390883246,-0.9472727848812644,-0.8576375254295437,-0.9527673436023003,-0.8088111469422077,-0.892665646414569,-0.9029764510319538,-0.936751306038624,-0.7719571845785215,-0.9007010368200623,0
21.76,-0.6967112658606616,-0.7695023413854915,-0.8376463325617098,-0.9404776433283728,-0.8468723949688034,-0.946315299174187,-0.7965372242501285,-0.8832006445701999,-0.8939420798456337,-0.9293498527545137,-0.7587112593775235,-0.8915693871196217,0
21.78,-0.681800409025733,-0.7561958488543774,-0.826227704889924,-0.9332841212142181,-0.8357485363105348,-0.9394624026369666,-0.7839258937398634,-0.8733615248214459,-0.8845290422842158,-0.9215547296163346,-0.7451439470772018,-0.882060075009502,0
21.8,-0.6666007463082015,-0.7425690356029618,-0.8144590929108904,-0.9256952656758127,-0.82427066138995,-0.9322115568043545,-0.7709824974786605,-0.8631524549475862,-0.8747413255886304,-0.9133692386873156,-0.7312609947927549,-0.8721771285494657,0
21.82,-0.6511187161638344,-0.7286276739096252,-0.8023454817139072,-0.9177142913108309,-0.8124436321020474,-0.924565833059047,-0.7577125181948768,-0.8525777594365095,-0.8645830757121394,-0.9047968473871704,-0.7170682833411334,-0.8619247340686574,0
21.84,-0.635360876657857,-0.7143776692927404,-0.7898920025280014,-0.9093445788159193,-0.8002724582421542,-0.9165284700517179,-0.7441215769555248,-0.8416419176528933,-0.8540585955641593,-0.8958411870232861,-0.7025718247499565,-0.8513072343923037,0
21.86,-0.619333902686996,-0.6998250580091265,-0.7771039305483781,-0.9005896735546587,-0.7877622953838295,-0.9081028723291553,-0.7302154307852268,-0.8303495619407781,-0.8431723431875899,-0.8865060512524866,-0.6877777597108327,-0.8403291270021368,0
21.88,-0.6030445831520428,-0.6849760044971308,-0.763986682701884,-0.8914532840557635,-0.774918442695004,-0.8992926088921315,-0.7159999702275816,-0.8187054756613346,-0.8319289298704401,-0.8767953944740325,-0.6726923549781891,-0.8289950621312866,0
21.900000000000002,-0.5864998180821218,-0.6698367987653924,-0.7505458153524396,-0.8819392804421745,-0.7617463406933074,-0.8901014116836089,-0.7014812168499709,-0.8067145911666662,-0.8203331181925292,-0.8667133301545308,-0.6573220007147046,-0.8173098407944847,0
21.92,-0.5697066157118772,-0.6544138537284346,-0.7367870219473982,-0.8720516927916933,-0.7482515689415014,-0.8805331740079183,-0.686665320692858,-0.794381987710501,-0.8083898200081024,-0.8562641290854599,-0.6416732077844648,-0.8052784127543887,0
21.94,-0.5526720895128457,-0.6387137024901853,-0.7227161306058428,-0.8617947094298671,-0.7344398436840341,-0.8705919488815947,-0.6715585576646761,-0.7817128892966516,-0.7961040943652196,-0.8454522175740673,-0.625752604994991,-0.792905874424903,0
21.96,-0.5354034551802189,-0.6227429955765962,-0.7083391016498406,-0.8511726751558372,-0.7203170154256826,-0.8602819473165544,-0.6561673268833949,-0.768712662466163,-0.7834811453627882,-0.8342821755683819,-0.6095669362893089,-0.780197466712372,0
21.98,-0.5179080275763392,-0.606508498118514,-0.693662025079683,-0.8401900894019131,-0.7058890664533202,-0.8496075365363438,-0.6404981479658938,-0.7553868140240809,-0.7705263199461507,-0.8227587347171503,-0.5931230578892496,-0.7671585727955758,0
22.0,-0.5001932176321602,-0.5900170869860114,-0.6786911179942082,-0.8288516043276316,-0.6911621083018715,-0.8385732381262248,-0.6245576582662945,-0.741740988706811,-0.757245105642168,-0.8108867763655189,-0.5764279353911915,-0.7537947158454494,0
22.02,-0.4822665292080316,-0.5732757478753796,-0.6634327219572825,-0.8171620228491345,-0.6761423791655192,-0.8271837261178646,-0.6083526100644293,-0.7277809667910392,-0.7436431282347481,-0.7986713294872991,-0.5594886408154749,-0.7401115566855118,0
22.04,-0.4641355559151069,-0.5562915723500393,-0.6478933003115507,-0.8051262966046859,-0.6608362412552415,-0.8154438250094548,-0.591889867705608,-0.7135126616452514,-0.7297261493818156,-0.7861175685547072,-0.5423123496107275,-0.726114891393976,0
22.06,-0.44580797789874343,-0.5390717548365868,-0.6320794354406123,-0.7927495238571812,-0.6452501781038344,-0.8033585077220924,-0.5751764046929368,-0.6989421172248651,-0.7155000641747106,-0.7732308113464647,-0.524906337614394,-0.7118106488485803,0
22.080000000000002,-0.4272915585852383,-0.5216235895772823,-0.615997825980765,-0.7800369473345593,-0.6293907918195325,-0.7909328934932922,-0.558219300733376,-0.6840755055120521,-0.700970898641084,-0.760016516695208,-0.5072779779707249,-0.6972048882151471,0
22.1,-0.40859414139329264,-0.5039544675402615,-0.5996552839835058,-0.7669939520090123,-0.6132648002893999,-0.7781722457085096,-0.5410257387388299,-0.6689191239013268,-0.6861448071923182,-0.7464802821751347,-0.4894347380075687,-0.6823037963809695,0
22.12,-0.38972364641158225,-0.48607187328875684,-0.5830587320299955,-0.7536260628159478,-0.5968790343336843,-0.7650819696716215,-0.5236030017835114,-0.653479392532009,-0.6710280700165587,-0.7326278417308947,-0.4713841760732512,-0.6671136853340847,0
22.14,-0.37068806704386986,-0.4679833818106909,-0.5662152002986935,-0.7399389423136549,-0.5802404348123305,-0.7516676103152679,-0.5059584700188757,-0.6377628515687022,-0.6556270904184832,-0.718465063248712,-0.45313393833490934,-0.6516409894895613,0
22.16,-0.3514954666230425,-0.44969665530995473,-0.549131823587425,-0.7259383882846826,-0.563356049684873,-0.7379348498520709,-0.4880996175474375,-0.6217761584309115,-0.6399483921068996,-0.7039979460707682,-0.4346917555396229,-0.6358922629639219,0
22.18,-0.33215397499553,-0.4312194399607491,-0.5318158382911168,-0.7116303312799374,-0.5462330310249747,-0.7238895053676859,-0.470034009256783,-0.6055260849730124,-0.6239986164313539,-0.6892326184539077,-0.4160654397397199,-0.6198741767988649,0
22.2,-0.31267178507755833,-0.41255956262636256,-0.5142745793365224,-0.6970208321065365,-0.528878631990855,-0.7095375263567232,-0.4517692976151403,-0.5890195146157337,-0.6077845195689098,-0.6741753349737307,-0.39726288098365176,-0.6035935161354559,0
22.22,-0.2930571493846771,-0.39372492754375216,-0.4965154770751817,-0.6821160792604889,-0.5113002037528955,-0.6948849922025886,-0.4333132194298392,-0.5722634394303877,-0.5913129696622634,-0.6588324738751852,-0.37829204397380845,-0.5870571773399884,0
22.240000000000002,-0.2733183765360508,-0.3747235129753683,-0.4785460541359795,-0.6669223863052807,-0.4935051923797361,-0.6799381096022997,-0.41467359257004865,-0.5552649571770685,-0.5745909439104618,-0.643210534370774,-0.35916096469273995,-0.5702721650827234,0
22.26,-0.25346382773497145,-0.355563367829614,-0.4603739222385959,-0.6514461891975031,-0.47550113568416674,-0.6647032099373721,-0.3958583126551699,-0.5380312682980942,-0.5576255256133992,-0.627316133887518,-0.3398777469991559,-0.5532455893707608,0
22.28,-0.2335019132271102,-0.33625260825138537,-0.44200677896924767,-0.6356940435606063,-0.45729566003015354,-0.649186746591889,-0.37687534971031456,-0.5205696728679406,-0.5404239011713798,-0.6111560052638484,-0.3204505591952,-0.5359846625362877,0
22.3,-0.2134410887379844,-0.31679941418411567,-0.42345240452002364,-0.6196726219079892,-0.43889647710236634,-0.6333952922188927,-0.35773274479024564,-0.502887567500976,-0.5229933570410087,-0.5947369938976149,-0.30088763056640755,-0.5184966961814763,0
22.32,-0.19328985189115955,-0.297212025904821,-0.40471865839325666,-0.603388710816562,-0.42031138063954926,-0.6173355359562549,-0.33843860657323355,-0.4849924422183015,-0.505341276648698,-0.5780660548464054,-0.28119724789584466,-0.500789098081346,0
22.34,-0.17305673860872062,-0.27749874053356666,-0.38581347607227423,-0.586849208051993,-0.40154824313314913,-0.6010142805932004,-0.3190011079262807,-0.46689187727503345,-0.4874751372630906,-0.561150249881433,-0.261387751953886,-0.48286936904586397,0
22.36,-0.152750319495489,-0.25766790851886834,-0.3667448656599899,-0.5700611196468587,-0.3826150124925679,-0.5844384396886964,-0.29942848244313264,-0.44859353994935114,-0.4694025068277394,-0.5439967444961982,-0.24146753396512116,-0.46474509974266226,0
22.38,-0.13237919620858277,-0.23772793010049784,-0.34752090448671763,-0.5530315569329386,-0.3635197086784812,-0.5676150346429119,-0.2797290209565922,-0.4301051812946809,-0.45113104075537536,-0.526612804871238,-0.2214450320539026,-0.44642396748167223,0
22.400000000000002,-0.11195199781379858,-0.21768725175119727,-0.3281497356886607,-0.5357677335288916,-0.34427042030562294,-0.550551191722995,-0.2599110680265712,-0.41143463285640797,-0.43266847868512204,-0.5090057947962097,-0.20132872767001134,-0.4279137329630675,0
22.42,-0.0914773771303871,-0.19755436259882045,-0.3086395647585295,-0.5182769622846225,-0.32487530121650743,-0.5332541390444427,-0.23998301840538327,-0.3925898033544771,-0.41402264120403065,-0.4911831725506354,-0.18112714199598764,-0.4092222369898764,0
22.44,-0.07096400706577323,-0.17733779083038836,-0.28899865606975533,-0.5005666521835959,-0.30534256702749835,-0.5157312035093108,-0.21995331348177855,-0.3735786753333185,-0.3952014265343294,-0.4731524877446277,-0.16084883233761102,-0.3903573971466698,0
22.46,-0.05042057694177059,-0.1570461000796175,-0.26923532937573874,-0.4826443052044418,-0.28568049164872994,-0.4979898077025854,-0.19983043770522724,-0.35440930178047936,-0.37621280718778316,-0.454921378120915,-0.14050238849909977,-0.3713272044457245,0
22.48,-0.02985578881382881,-0.13668788579941926,-0.24935795628566645,-0.4645175131431711,-0.2658974037793217,-0.4800374667480335,-0.17962291499195931,-0.33508980271543537,-0.3570648265885877,-0.43649756631954517,-0.12009642914453844,-0.3521397199420767,0
22.5,-0.009278353784893776,-0.11627177162093165,-0.22937495671833863,-0.44619395439733056,-0.24600168337939124,-0.4618817851248312,-0.15933930511428618,-0.31562836175000497,-0.3377655956662149,-0.4178888566066283,-0.09963959814707342,-0.33280307131891185,0
22.52,0.011303011684557584,-0.09580640570060837,-0.20929479533554907,-0.4276813907134891,-0.22600175812034579,-0.4435304534463673,-0.138988200074734,-0.29603322262181964,-0.31832328941968663,-0.3991031315685033,-0.07914056092743428,-0.31332544944472124,0
22.54,0.03187958946876267,-0.07530045705692263,-0.18912597795650615,-0.4089876638994054,-0.20590609981497374,-0.4249912452025417,-0.11857822046652436,-0.2763126857023315,-0.29874614345467504,-0.38014834877272013,-0.05860800078333522,-0.29371510490371033,0
22.56,0.05244266346962408,-0.0547626118982272,-0.16887704795481567,-0.3901206925022949,-0.18572322082883091,-0.4062720134669669,-0.09811801182194402,-0.2564751044808178,-0.2790424504949635,-0.3610325373972772,-0.038050615211300695,-0.2739803445008981,0
22.580000000000002,0.07298352330879108,-0.034201569943350836,-0.14855658263956298,-0.3710884684545811,-0.16546167047444507,-0.3873806875704517,-0.07761624095015064,-0.2365288820259091,-0.25922055686968537,-0.34176379482951597,-0.017477112222462815,-0.2541295277434016,0
22.6,0.09349346801732893,-0.013626040736454296,-0.12817318962201665,-0.351899053688561,-0.14513003138988007,-0.36832526974218943,-0.057081592265965625,-0.2164824674260983,-0.23928885897787575,-0.32235028323611636,0.0031037933460664347,-0.23417106329940643,0
22.62,0.11396380972139535,0.006955260042268371,-0.10773550316949981,-0.33256057672143263,-0.12473691590317625,-0.34911383172006655,-0.03652276411120935,-0.19634435221075283,-0.21925579973179657,-0.302800226105673,0.02368338352273894,-0.21411340543630214,0
22.64,0.13438587732237384,0.027533614268494617,-0.08725218054795573,-0.3130812292120942,-0.10429096238421413,-0.32975451133152056,-0.01594846507014401,-0.17612306675315917,-0.19912986498056903,-0.28312190476527616,0.04425294089443094,-0.1939650504395057,0
22.66,0.1547510201699045,0.04810030506669557,-0.06673189835479619,-0.29346926249121685,-0.08380083158554662,-0.31025550904641014,0.004632589719439973,-0.15582717665711693,-0.17891957991562116,-0.2633236548725999,0.06480375229907018,-0.17373453301348962,0
22.68,0.17505061172624628,0.0686466205025539,-0.04618334884353973,-0.27373298406603797,-0.0632752029737532,-0.29062508450334273,0.025211682257895836,-0.13546527912859568,-0.15863350545945987,-0.24341386288499062,0.0853271125164585,-0.1534304226665324,0
22.7,0.19527605322042518,0.08916385727326015,-0.025615236241825216,-0.25388075410134764,-0.04272277105286352,-0.27087155301094545,0.04578009537661534,-0.1150459993340154,-0.1382802346393068,-0.22340096250701366,0.10581432795573006,-0.1330613200807263,0
22.72,0.21541877729063144,0.10964332439417736,-0.005036273064356524,-0.23392098187818408,-0.022152241681410605,-0.2510032820255508,0.06632911643056456,-0.09457798674667273,-0.11786838894714893,-0.2032934311180006,0.12625672033788674,-0.11263585346877635,0
22.740000000000002,0.23547025161329793,0.13007634688028072,0.015544823577666591,-0.21386212223170617,-0.0015723283846779863,-0.23102868760679304,0.08685004098891061,-0.07406991148289199,-0.09740661468771712,-0.18309978618109643,0.14664563037184358,-0.09216267491914444,0
22.76,0.2554219825173505,0.1504542694208055,0.03611933566906836,-0.1937126719697869,0.019008251336301105,-0.21095623085261614,0.10733417652215836,-0.05353046062940369,-0.07690357931595393,-0.16282858163533193,0.16697242142243474,-0.07165045673107989,0
22.78,0.2752655185820646,0.1707684600455858,0.05667854798359273,-0.173481166273824,0.039580779697439464,-0.1907944143152071,0.12777284608425993,-0.03296833456355921,-0.05636796776553979,-0.1424884042722313,0.18722848316881832,-0.05110788774108146,0
22.8,0.29499245421705317,0.19101031378148484,0.07721375177561779,-0.1531761750832822,0.060136542324401056,-0.170551778399366,0.14815739198811265,-0.012392243267897831,-0.03580847876998678,-0.12208787009851474,0.2074052352517349,-0.030543669642357902,0
22.82,0.3145944332228195,0.21117125629739342,0.09771624846913926,-0.1328062994655292,0.08066683194395492,-0.15023689774483473,0.16847917947290605,0.008189097359344174,-0.015233821177907782,-0.10163562068642944,0.22749413090808107,-0.009966513298849452,0
22.84,0.3340631523303994,0.2312427475362655,0.1181773533424215,-0.11238016797247938,0.10116295207234252,-0.12985837759414132,0.1887296003617434,0.02876696919623404,0.005347289735995597,-0.08114031951324487,0.24748666059124122,0.010614864944656764,0
22.86,0.3533903647185721,0.2512162853326113,0.13858839920680116,-0.09190643298559532,0.1216162206990607,-0.109424850147467,0.20890007670802718,0.04933265559008487,0.025926135962692238,-0.0606106482914658,0.2673743555756581,0.0311917469546975,0
22.88,0.37256788350716696,0.2710834090139535,0.15894074007806053,-0.07139376705078802,0.14201797396451404,-0.08894497090609405,0.22898206442901792,0.06987744504977574,0.04649400045171788,-0.04005530329133215,0.2871487915441221,0.05175541650210456,0
22.900000000000002,0.3915875852249896,0.2908357029847073,0.1792257548388045,-0.050850859204793444,0.1623595698299787,-0.06842741500599743,0.24896705692504884,0.09039263493588534,0.06704217080366913,-0.019482991657149024,0.30680159215622854,0.07229716295413029,0
22.92,0.4104414132508683,0.31046480029096235,0.19943485089031882,-0.030286411294542345,0.18263239173833384,-0.047880873543097925,0.2688465886828803,0.11086953514707619,0.0875619429607311,0.0010975722809997582,0.3263244325965293,0.09280828496423095,0
22.94,0.42912138122639004,0.3299623861646609,0.21955946779235416,-0.009709134291121583,0.20282785226398511,-0.027314049891772385,0.2886122388616362,0.1312994718011678,0.1080446248936717,0.02167767069856028,0.34570904310085576,0.11328009415790241,0
22.96,0.44761957643889005,0.34932020154566645,0.23959108088926098,0.010872255400136598,0.22293739675045204,-0.006735656018152063,0.30825563485982105,0.15167379090933603,0.12848154028374087,0.04224858596931845,0.364947212459318,0.1337039188130174,0
22.98,0.46592816317321917,0.3685300465802485,0.2595212049209936,0.03144903963187428,0.24295250693408504,0.013845591210207822,0.32776845586189984,0.17198386204189614,0.14886403219791505,0.0628016043581114,0.3840307914944983,0.15407110753313039,0
23.0,0.48403938603091534,0.38758378409446764,0.2793413976174096,0.052012502207651266,0.2628647045523562,0.034420973716752644,0.3471424363629452,0.19222108198409277,0.1691834667559232,0.08332801971190101,0.4029516965133807,0.17437303291214057,0
23.02,0.5019455732153403,0.4064733430410268,0.2990432632743761,0.07255393257407274,0.2826655549352061,0.05498177590884028,0.36636936966986156,0.2123768783803717,0.18943123678752166,0.10381913714762134,0.42170191273152247,0.19460109518882485,0
23.04,0.5196391397814163,0.42519072191810775,0.31861845631012986,0.09306462951051937,0.30234667057792874,0.07551928836962578,0.38544111137768433,0.23244271336557357,0.20959876547844145,0.12426627673526949,0.4402734976680554,0.2147467258896393,0
23.06,0.5371125908485659,0.44372799215873937,0.3380586848004208,0.11353590481493493,0.32189971469407375,0.09602481154731592,0.40434958281950023,0.2524100871815277,0.22967751000348352,0.14466077717465176,0.4586585845100507,0.2348013914582745,0
23.080000000000002,0.5543585247754923,0.4620773014892839,0.3573557139909185,0.13395908698408837,0.3413164047468755,0.11648965944024506,0.42308677448852533,0.27227054177749016,0.2496589651452203,0.1649939994642309,0.4768493854448304,0.2547565968704202,0
23.1,0.571369636295483,0.4802308772555959,0.37650136978541277,0.15432552488675924,0.36058851595768837,0.1369051632762184,0.4416447494308801,0.29201566439292553,0.2695346668967565,0.18525733056054558,0.4948381949588127,0.27460388923220813,0
23.12,0.5881387196108732,0.49818102971546185,0.39548754220830606,0.17462659142831438,0.37970788478996303,0.15726267518454992,0.46001564660763855,0.31163709112109356,0.2892961960470472,0.20544218702661937,0.5126173931015081,0.29433486136080855,0
23.14,0.6046586714453878,0.5159201552959123,0.41430618883995174,0.19485368720507862,0.3986664124072776,0.17755357185925028,0.47819168422471026,0.3311265104519586,0.30893518174722684,0.22554001866783607,0.5301794487132555,0.31394115534566064,0
23.16,0.6209224940530415,0.5334407398140452,0.43294933822337905,0.21499824414698948,0.4174560681039727,0.19776925821181268,0.49616516302917096,0.3504756667928876,0.32844330505645636,0.24554231215373312,0.5475169226153576,0.33341446608884173,0
23.18,0.6369232981823526,0.5507353616599633,0.4514090932409559,0.23505172914697248,0.4360688927069121,0.21790117101203915,0.5139284695706102,0.3696763639656713,0.3478123024657886,0.2654405946241728,0.5646224707612523,0.35274654482305146,0
23.2,0.6526543059945848,0.5677966949405256,0.46967763445955507,0.2550056476755198,0.45449700194695464,0.23794078251537537,0.5314740794261461,0.38872046867837146,0.36703396939855365,0.2852264372783739,0.581488847347385,0.3719292026057454,0
23.22,0.6681088539348063,0.5846175125825234,0.48774722344283,0.2748515473789109,0.47273258979868216,0.2578796040752139,0.5487945603877283,0.40759991397053386,0.3861001636857705,0.3048914589452932,0.5981089078824654,0.3909543137879169,0
23.240000000000002,0.6832803955545332,0.6011906893940236,0.5056102060291586,0.2945810216595672,0.49076793178700495,0.2777091897386327,0.5658825756103741,0.4263067026303027,0.4050028090151297,0.32442732963380133,0.6144756122138116,0.40981381945608164,0
23.26,0.6981625042847708,0.6175092050825394,0.5232590155739143,0.3141857132370461,0.5085953882592058,0.29742113982405555,0.5827308867200109,0.4448329105819969,0.4237338983520804,0.34382577406121223,0.6305820275094922,0.42849973084598675,0
23.28,0.7127488761582682,0.6335661472287757,0.5406861761546427,0.33365731768811974,0.526207407621067,0.31700710447930874,0.5993323568796057,0.4631706902426872,0.44228549733157085,0.36307857515861514,0.6464213311950162,0.4470041327266017,0
23.3,0.7270333324798467,0.6493547142146759,0.5578843057378253,0.3529875869644816,0.543596529535677,0.33645878721856737,0.6156799538122917,0.4813122738463996,0.46064974761900374,0.3821775775515542,0.6619868138433075,0.4653191867529615,0
23.32,0.7410098224436609,0.664868218104529,0.5748461193058573,0.3721683328865591,0.5607553880836041,0.35576794843669896,0.6317667527801931,0.49924997673447785,0.4788188702389921,0.40111469101458147,0.6772718820167649,0.4834371347864508,0
23.34,0.7546724256962896,0.6801000874779282,0.5915644319429494,0.3911914306119828,0.577676714883058,0.37492640889951634,0.6475859395177078,0.516976200610764,0.4967851688704924,0.41988189389820285,0.6922700610601789,0.501350302181103,0
23.36,0.7680153548445579,0.695043870213381,0.608032161878606,0.4100488220772068,0.5943533421687461,0.3939260532084514,0.6631308131179837,0.5344834367601959,0.5145410331069289,0.4384712365267828,0.7069749978433324,0.5190511010345339,0
23.38,0.7810329579070503,0.7096932362213669,0.6242423334874299,0.42873251941085827,0.6107782058281045,0.4127588332381912,0.6783947888713858,0.5517642692294469,0.5320789416799229,0.4568748445659607,0.7213804634521368,0.5365320334021356,0
23.400000000000002,0.7937197207082616,0.7240419801257174,0.6401880802439512,0.44723460831734113,0.6269443483936149,0.4314167715458181,0.6933714010547393,0.5688113779682719,0.5493914656452682,0.47508492235814404,0.7354803558271386,0.5537856944731637,0
23.42,0.8060702692143643,0.7380840238921696,0.6558626476312508,0.46554725142928977,0.642844921989967,0.4498919647500091,0.708054305670171,0.5856175419302481,0.5664712715297973,0.49309375622469037,0.7492687023482898,0.5708047757073685,0
23.44,0.8180793718096259,0.751813419402963,0.6712593960021315,0.4836626916274166,0.6584731912347775,0.46817658687886315,0.7224372831323865,0.6021756421315598,0.5833111244378018,0.5108937177333508,0.7627396623649065,0.587582067930855,0
23.46,0.8297419415124917,0.7652243509764245,0.6863718033916346,0.501573255326384,0.6738225360916705,0.4862628926849321,0.7365142409032497,0.6184786646665534,0.5999038911156946,0.5284772669296038,0.7758875296697035,0.6041104643898462,0
23.48,0.8410530381304,0.7783111378304395,0.7011934682797114,0.5192713557252812,0.6888864546744887,0.5041432209260762,0.7502792160725518,0.6345197036787882,0.6162425429736345,0.5458369555305262,0.7887067349158949,0.6203829637610585,0
23.5,0.8520078703524245,0.7910682364887887,0.7157181123028629,0.5367494960213468,0.7036585660014678,0.5218099976107099,0.7637263778838533,0.650291964286317,0.6323201590627934,0.5629654300798106,0.8011918479763185,0.6363926731174306,0
23.52,0.862601797778846,0.8034902431293189,0.7299395829136202,0.5540002725855627,0.7181326126981912,0.5392557392061084,0.7768500302043643,0.6657887654599516,0.6481299290070396,0.5798554350626275,0.8133375802435834,0.6521328108479166,0
23.54,0.8728303328868017,0.8155718958729596,0.7438518559867339,0.5710163780987825,0.7323024636481773,0.5564730558083867,0.7896446139377948,0.6810035428533109,0.6636651558877825,0.5964998159790001,0.825138786870274,0.6675967095301487,0
23.56,0.882689142931177,0.8273080770126093,0.7574490383709487,0.5877906046470697,0.7461621165899988,0.5734546542728238,0.8021047093791499,0.6959298515834302,0.678919259080749,0.6128915223743872,0.8365904689482638,0.6827778187547141,0
23.580000000000002,0.8921740517799288,0.8386938151809618,0.770725370385318,0.6043158467749149,0.7597057006598121,0.5901933413031921,0.8142250385104823,0.7105613689607847,0.6938857770435152,0.6290236108261924,0.8476877756261959,0.6976697078998658,0
23.6,0.9012810416830787,0.8497242874563317,0.7836752282589626,0.6205851044950655,0.7729274788782277,0.6066820264988029,0.8260004672366364,0.7248918971675314,0.7085583700525782,0.6448892478849365,0.8584260061642633,0.7122660688555102,0
23.62,0.9100062549746079,0.8603948214056053,0.7962931265132769,0.6365914862536745,0.7858218505804679,0.6229137253579569,0.8374260075600136,0.7389153658828778,0.7229308228888337,0.6604817129688532,0.8688006119253954,0.7265607186952718,0
23.64,0.9183459957065458,0.8707008970634487,0.8085737202855369,0.652328211849512,0.7983833537887846,0.6388815622365404,0.8484968196934645,0.7526258348544194,0.7369970474703145,0.675794401210656,0.8788071983020158,0.7405476022955575,0
23.66,0.9262967312145509,0.8806381488469217,0.8205118075929628,0.6677886153060251,0.810606667526128,0.6545787732605066,0.8592082141103884,0.7660174964144073,0.7507510854310762,0.6908208262553074,0.8884415265775545,0.7542207949004638,0
23.68,0.933855093614335,0.8902023674047087,0.8321023315362407,0.6829661476949883,0.8224866140700896,0.6699987091910177,0.8695556535311926,0.7790846779398336,0.7641871106451313,0.7055546230075862,0.8976995157219262,0.7675745046314764,0
23.7,0.9410178812282766,0.899389501400161,0.8433403824416019,0.6978543799106003,0.8340181611461586,0.6851348382410247,0.8795347548452539,0.7918218442553216,0.7772994316943682,0.7199895503282752,0.9065772441202158,0.7806030749408727,0
23.72,0.9477820599416379,0.9081956592274141,0.8542211999405298,0.7124470053927995,0.8451964240593752,0.6999807488420966,0.8891412909675832,0.8042235999777912,0.7900824942794114,0.7341194936778551,0.9150709512338302,0.7933009870078035,0
23.740000000000002,0.9541447644877997,0.916617110659834,0.8647401749862244,0.7267378427986879,0.8560166677634675,0.7145301523603217,0.8983711926293888,0.8162846918019117,0.8025308835723984,0.7479384677065739,0.9231770391934289,0.8056628620760394,0
23.76,0.9601032996619749,0.9246502884301132,0.8748928518059742,0.7407208386209092,0.8664743088665917,0.7287768857601409,0.9072205501017965,0.82800001072537,0.8146393265106745,0.7614406187897774,0.9308920743229413,0.8176834637323742,0
23.78,0.9656551414628836,0.9322917897413342,0.8846749297885871,0.7543900697518648,0.8765649175728403,0.7427149142149703,0.9156856148519892,0.8393645942130117,0.8264026940304383,0.7746202275074591,0.9382127885940382,0.8293577001247455,0
23.8,0.9707979381619075,0.9395383777083625,0.8940822653061128,0.7677397459927165,0.8862842195586845,0.7563383336635274,0.923762801131062,0.8503736282989421,0.8378160032393906,0.7874717110669487,0.9451360810104308,0.8406806261191117,0
23.82,0.9755295112992722,0.9463869827289679,0.9031108734690547,0.7807642125060681,0.8956280977835591,0.7696413733107519,0.9314486874929229,0.8610224496256915,0.8488744195274646,0.7999896256677381,0.9516590189214238,0.851647445394184,0
23.84,0.9798478566068312,0.9528347037840766,0.9117569298143519,0.7934579522113204,0.9045925942338245,0.7826183980722893,0.9387400182436002,0.8713065474195882,0.8595732586147501,0.8121686688074181,0.9577788392641522,0.862253512473123,0
23.86,0.9837511448570657,0.9588788096666196,0.9200167719253972,0.8058155881216704,0.9131739115993637,0.7952639109614721,0.9456337048203347,0.8812215654014903,0.869907988535726,0.8240036815277755,0.9634929497339819,0.8724943346913346,0
23.88,0.987237722637938,0.9645167401384495,0.9278869009834164,0.8178318856217633,0.9213684148821106,0.8075725554178187,0.952126827099876,0.8907633036320822,0.8798742315589887,0.8354896506000766,0.9687989298825826,0.882365574099537,0
23.900000000000002,0.9903061130532682,0.9697461070148303,0.9353639832495503,0.8295017546850495,0.9291726329358166,0.8195391175760461,0.9582166346354295,0.8999277202909437,0.8894677660416365,0.8466217106486265,0.9736945321432039,0.891863049301296,0
23.92,0.9929550163483425,0.974564695176053,0.942444851477005,0.8408202520298776,0.9365832599364181,0.8311585284746291,0.9639005478217318,0.9087109333886392,0.8986845282175402,0.857395146211689,0.9781776827827133,0.9009827372242359,0
23.94,0.9951833104604848,0.9789704635057389,0.949126506252682,0.851782583213445,0.9435971567823703,0.8424258662029845,0.9691761589877551,0.9171092224111048,0.907520613918738,0.8678053937389241,0.9822464827800089,0.9097207748241938,0
23.96,0.996990051494358,0.9829615457554377,0.9554061172677161,0.8623841046626837,0.9502113524243574,0.8533363579863675,0.9740412334165838,0.9251190298956389,0.9159722802292245,0.8778480435244536,0.985899208630416,0.9180734607215869,0
23.98,0.9983744741217955,0.9865362513351507,0.9612810245163741,0.8726203256412511,0.9564230451238185,0.8638853822075954,0.9784937102920273,0.9327369629378164,0.9240359470704338,0.8875188415747755,0.9891343130757448,0.9260372567692895,0
24.0,0.9993359919059926,0.9896930660294493,0.9667487394228216,0.8824869101517789,0.9622296036397553,0.8740684703647337,0.9825317035715703,0.939959794628709,0.9317081987177493,0.896813691410713,0.9919504257596858,0.9336087895513802,0
24.02,0.9998741975499207,0.9924306526388804,0.9718069458952695,0.8919796787725686,0.9676285683433181,0.8838813089639352,0.9861535027852905,0.9467844654217801,0.9389857852473877,0.9057286558026441,0.9943463538082743,0.9407848518120971,0
24.04,0.9999888630688586,0.9947478515463897,0.9764535013070589,0.9010946104279688,0.972617652259693,0.8933197413466091,0.9893575737604037,0.9532080844288908,0.9458656239130552,0.9142599584382729,0.9963210823351716,0.947562403814417,0
24.060000000000002,0.9996799398869682,0.9966436812085214,0.9806864374042663,0.9098278440916783,0.9771947420368606,0.9023797694501576,0.9921425592711305,0.9592279306448651,0.95234480045179,0.922403985522238,0.997873774871555,0.9539385746276732,0
24.080000000000002,0.9989475588578747,0.9981173385711893,0.9845039611394462,0.9181756804222463,0.9813578988408053,0.9110575555015411,0.9945072796136117,0.9648414541000896,0.9584205703184305,0.9301572873068797,0.9990037737204295,0.9599106633436622,0
24.1,0.9977920302092393,0.9991681994098398,0.9879044554311566,0.9261345833300937,0.9851053591767979,0.9193494236429313,0.9964507331056234,0.970046276940667,0.9640903598481952,0.9375165795535193,0.9997106002352142,0.9654761402207379,0
24.12,0.9962138434113532,0.999795818593863,0.9908864798489465,0.9337011814753768,0.988435535636412,0.9272518614887859,0.9979720965108846,0.9748401944356593,0.9693517673468796,0.9444787449236284,0.9999939550224837,0.9706326477553952,0
24.14,0.9942136669698021,0.9999999302751428,0.9934487712235164,0.9408722696960609,0.9913470175699435,0.9347615216136829,0.9990707253877767,0.9792211759110007,0.974202564108205,0.9510408342992988,0.9998537180687797,0.9753780016808983,0
24.16,0.9917923481422956,0.999780448000663,0.9955902441817898,0.9476448103656093,0.9938385716839612,0.9418752229702645,0.999746154362326,0.983187365609677,0.9786406953578918,0.9572000680324619,0.9992899487914385,0.979710191892522,0
24.18,0.9889509125797756,0.9991374647491231,0.9973099916066732,0.9540159346797005,0.9959091425637285,0.9485899522367175,0.9999980973253341,0.9867370834778171,0.9826642811240557,0.9629538371223159,0.998302886013413,0.9836273832990253,0
24.2,0.9856905638919611,0.9980712528915485,0.9986072850213072,0.9599829438714348,0.997557853120277,0.9549028650931993,0.9998264475535736,0.98986882587635,0.9862716170335597,0.9682997043204687,0.9968929478620995,0.9871279165999854,0
24.22,0.9820126831375074,0.996582264075911,0.9994815748976467,0.9655433103545145,0.9987840049619421,0.9608112874266774,0.9992312777549971,0.9925812662179405,0.9894611750339828,0.9732354051633313,0.9950607315922133,0.9902103089886691,0
24.240000000000002,0.9779188282390026,0.9946711290358085,0.9999324908892394,0.9706946787939099,0.9995870786902032,0.9663127164636705,0.9982128400379381,0.9948732555289235,0.9922316040408987,0.9777588489313166,0.9928070133327864,0.992873254780145,0
24.26,0.9734107333230423,0.9923386573232866,0.9999598419881045,0.9754348671035667,0.999966734119704,0.9714048218304097,0.9967715658043227,0.9967438229360025,0.9945817305101939,0.981868119534446,0.9901327477583957,0.9951156259643634,0
24.28,0.968490307985668,0.9895858369659127,0.9995636166056443,0.9797618673707222,0.9999228104223588,0.976085446539977,0.9949080655669299,0.998192176077507,0.99651055893518,0.9855614763239802,0.9870390676847616,0.9969364726839787,0
24.3,0.9631596364834764,0.9864138340482487,0.9987439825775548,0.9836738467064424,0.9994553261954837,0.9803526079059894,0.9926231286907845,0.9992177014390321,0.9980172722682905,0.9888373548297367,0.9835272835888866,0.9983350236367043,0
24.32,0.9574209768507419,0.9828239922179028,0.9975012870927333,0.9871691480220227,0.9985644794539251,0.9842044983824608,0.9899177230587879,0.9998199646133209,0.9991012322671831,0.9916943674227789,0.9795988830539366,0.9993106864020342,0
24.34,0.9512767599429337,0.9788178321163625,0.9958360565462139,0.9902462907309181,0.9972506475461865,0.9876394863294664,0.9867929946617294,0.9999987104842768,0.9997619797651003,0.9941313039031964,0.9752555301391053,0.999863047692191,0
24.36,0.9447295884070177,0.9743970507348589,0.9937489963161911,0.9929039713759104,0.9955143869945924,0.990656116704301,0.9832502671128546,0.9997538633350306,0.9999992348653767,0.9961471320127281,0.9704990646747187,0.9999918735271938,0
24.38,0.9377822355789979,0.9695635206955272,0.9912409904652275,0.9951410641812444,0.9933564332595531,0.993253111677827,0.9792910410871896,0.9990855268800141,0.9998128970600061,0.99774099787201,0.9653315014828924,0.9996971093339733,0
24.400000000000002,0.9304376443091495,0.964319289458172,0.9883131013657734,0.9969566215294976,0.9907777004280345,0.9954293711757591,0.9749169936858684,0.9979939842210283,0.9992030452722221,0.9989122263422636,0.9597550295240533,0.9989788799694909,0
24.42,0.9226989257154474,0.9586665784529723,0.9849665692501525,0.9983498743629842,0.9877792808263607,0.9971839733446509,0.9701299777257225,0.9964796977273245,0.9981699378230724,0.9996603213112708,0.9537720109697085,0.9978374896678519,0
24.44,0.914569357865719,0.9526077821394958,0.9812028116852106,0.9993202325095227,0.9843624445575173,0.9985161749423896,0.9649320209544405,0.9945433088397475,0.9967140123220004,0.9999849659035153,0.9473849802018364,0.9962734219114362,0
24.46,0.906052384389075,0.9461454669924183,0.9770234229718432,0.9998672849324289,0.9805286389631468,0.9994254116530319,0.9593253251916297,0.9921856377990268,0.9948358854814827,0.999886022614399,0.9405966427393315,0.9942873392261002,0
24.48,0.8971516130172159,0.9392823704143753,0.9724301734696633,0.9999907999046277,0.9762794880104704,0.9999112983258465,0.953312265396137,0.9894076832983288,0.9925363528557973,0.9993635333684803,0.9334098740919584,0.9918800829005373,0
24.5,0.8878708140562172,0.9320213995764158,0.9674250088470878,0.9996907251068098,0.9716167916043883,0.999973629138465,0.9468953886600366,0.9862106220602174,0.9898163885040382,0.9984177195017059,0.925827718542301,0.9890526726299147,0
24.52,0.8782139187894554,0.9243656301865383,0.9620100492571674,0.9989671876495942,0.9665425248250576,0.99961237768407,0.9400774131296938,0.9825958083382009,0.9866771445775137,0.9970489816676463,0.9178533878562143,0.985806306083939,0
24.54,0.868185017812342,0.916318305186837,0.9561875884395046,0.9978204940196843,0.9610588370912627,0.9988276969825826,0.9328612268543811,0.978564773343083,0.9831199508317081,0.9952578996677734,0.9094902599223392,0.982142358399534,0
24.560000000000002,0.8577883592995758,0.907882833379812,0.9499600927486401,0.996251129950041,0.955168051249941,0.9976199194158476,0.9252498865629166,0.9741192245943483,0.9791463140630097,0.9930452322058523,0.9007418773212439,0.9780623815983418,0
24.580000000000002,0.8470283472056445,0.8990627879844167,0.9433302001093233,0.9942597602141291,0.9488726625922426,0.9959895565868403,0.917246616368855,0.969261045196872,0.974757917470445,0.9904119165665517,0.8916119458248029,0.9735681039292985,0
24.6,0.8359095393993358,0.889861905122466,0.9363007188991056,0.9918472283443234,0.9421753377965443,0.993937299102958,0.908854806404773,0.9639922930432464,0.9699566199426926,0.9873590682184087,0.8821043328264561,0.9686614291365598,0
24.62,0.8244366457330589,0.880284082236033,0.9288746267587294,0.9890145562745929,0.9350789137988672,0.9914640162834858,0.9000780113862339,0.9583151999420741,0.9647444552706718,0.9838879803413153,0.8722230657029936,0.9633444356530911,0
24.64,0.812614526047777,0.8703333764365161,0.9210550693308202,0.9857629439076155,0.927586396591168,0.9885707557913594,0.8909199491060292,0.9522321706725866,0.9591236312860476,0.9800001232787298,0.8619723301085883,0.9576193757202548,0
24.66,0.8004481881144162,0.8600140027860721,0.9128453589274146,0.9820937686065063,0.919700959948029,0.9852587431893851,0.8813844988593518,0.9457457819659961,0.9530965289260085,0.9756971439148415,0.8513564682017696,0.9514886744337797,0
24.68,0.7879427855126029,0.8493303325121371,0.9042489731268863,0.9780085846113761,0.9114259440822634,0.9815293814211017,0.8714756998005471,0.9388587814140105,0.9466657012247223,0.9709808649769548,0.8403799768061095,0.9449549287165054,0
24.7,0.775103615447643,0.8382868911558047,0.8952695533008652,0.9735091223809623,0.9027648542300327,0.9773842502165035,0.8611977492321535,0.9315740863049703,0.9398338722318901,0.9658532842633853,0.8290475055053984,0.938020906218345,0
24.72,0.761936116506658,0.8268883566548313,0.8859109030717791,0.9685972878596206,0.8937213591660484,0.972825105422881,0.8505550008269555,0.9238947823881049,0.9326039358588594,0.9603165737972016,0.8173638546741013,0.9306895441439259,0
24.740000000000002,0.7484458663548399,0.8151395573620888,0.8761769867016636,0.9632751616699755,0.884299289649507,0.9678538782610533,0.8395519627837947,0.9158241225664272,0.9249789546527862,0.9543730789061625,0.805333973443949,0.9229639480084126,0
24.76,0.7346385793727835,0.8030454700003037,0.8660719274129275,0.957544998231584,0.8745026368014094,0.9624726745073215,0.8281932959179239,0.9073655255188295,0.9169621584993614,0.9480253172292462,0.7929629576075142,0.9148473903220291,0
24.78,0.7205201042359145,0.7906112175539501,0.8556000056417787,0.9514092248059745,0.8643355504139477,0.956683773601476,0.8164838116867176,0.8985225742519494,0.9085569432546544,0.9412759776501878,0.7802560474596638,0.906343309203845,0
24.8,0.7060964214370258,0.7778420670991821,0.8447656572250676,0.9448704404684772,0.8538023371926813,0.9504896276812398,0.8044284701515718,0.8892990145824324,0.8997668693066547,0.9341279191584807,0.767218625577801,0.8974553069254159,0
24.82,0.6913736407529842,0.7647434275727304,0.8335734715212864,0.9379314150072701,0.8429074589322478,0.9438928605435627,0.7920323778768501,0.87969875355023,0.890595660067115,0.9265841696383221,0.7538562145418346,0.8881871483848796,0
24.84,0.6763579986566641,0.7513208474807166,0.8220281894665546,0.9305950877501143,0.8316555306263795,0.9368962665331987,0.7793007857667801,0.8697258577636012,0.8810472003943423,0.9186479245860151,0.740174474594848,0.8785427595121726,0
24.86,0.6610558556752222,0.7375800125483339,0.8101347015663838,0.9228645663192733,0.8200513185130175,0.9295028093590427,0.7662390868411993,0.8593845516765257,0.8711255349475986,0.9103225457563714,0.7261792012454579,0.8685262256060343,0
24.88,0.645473693695814,0.7235267433114086,0.7978980458240941,0.9147431253151451,0.8080997380553728,0.9217156208387195,0.7528528139511097,0.8486792157992465,0.860834866473812,0.9016115597386883,0.711876322812866,0.8581417896034995,0
24.900000000000002,0.6296181132199113,0.7091669926508646,0.7853234056067477,0.9062342049291588,0.7958058518597619,0.9135379995719718,0.7391476374349968,0.8376143848427234,0.8501795540273197,0.8925186564629056,0.6972718979156627,0.8473938502826169,0
24.92,0.6134958305673717,0.6945068432711101,0.77241610744951,0.8973414094865336,0.7831748675311286,0.904973409543394,0.7251293627169129,0.8261947457977494,0.8391641111234047,0.8830476876365709,0.682372112905429,0.8362869603991564,0
24.94,0.5971136750314513,0.6795525051234497,0.759181618799361,0.8880685059195094,0.7702121354671305,0.8960254786551122,0.7108039278473328,0.814425135949577,0.8277932038264028,0.8732026651132733,0.6671832792462413,0.8248258247580946,0
24.96,0.5804785859859546,0.6643103127755827,0.7456255456991229,0.8784194221716962,0.7569231465917485,0.8866979971900285,0.6961774009878379,0.8023105408288753,0.8160716487731862,0.8629877591932459,0.6517118308411681,0.8130152982206851,0
24.98,0.5635976099457629,0.6487867227283227,0.7317536304127719,0.8683982455342246,0.7433135300293723,0.8769949162062843,0.6812559778406769,0.7898560920998898,0.8040044111328698,0.8524072968568516,0.6359643213069146,0.8008603836479758,0
25.0,0.5464778975819785,0.6329883106806642,0.7175717489930586,0.8580092209143921,0.7293890507203306,0.8669203458636177,0.6660459790243112,0.7770670653866997,0.7915966025036035,0.8414657599316949,0.6199474211977459,0.7883662297816251,0
25.02,0.5291267006929432,0.6169217687443554,0.703085908792443,0.8472567490375519,0.7151556069789101,0.8564785536823261,0.6505538473960386,0.7639488780385038,0.7788534787473248,0.8301677831941447,0.6036679151798846,0.7755381290629342,0
25.04,0.5115513691324199,0.6005939026091645,0.6883022459184261,0.8361453845829875,0.7006192279948635,0.8456739627355727,0.6347861453228378,0.750507086834862,0.7657804377634191,0.8185181524060741,0.587132699157563,0.7623815153909976,0
25.060000000000002,0.49375934769624763,0.5840116286600298,0.6732270226343291,0.824679834254583,0.6857860712794857,0.8345111497758074,0.6187495519015993,0.7367473856318769,0.7523830172021985,0.8065218022876324,0.5703487773519728,0.7489019618209406,0
25.080000000000002,0.475758172968773,0.5671819710473228,0.6578666247066409,0.8128649547870936,0.6706624200573327,0.8229948432960774,0.6024508601298919,0.7226756029503192,0.7386668921191969,0.7941838144269335,0.553323259334307,0.7351051782032085,0
25.1,0.45755547013039555,0.5501120587114686,0.6422275587000439,0.8007057508888591,0.6552546806046834,0.8111299215270698,0.5858969740285037,0.7082976995066999,0.7246378725712488,0.7815094151275187,0.5360633570142023,0.7209970087649138,0
25.12,0.4391589497275926,0.5328091223631629,0.6263164492212819,0.7882073731218497,0.6395693795358895,0.7989214103707316,0.569094905716934,0.6936197656883452,0.7103019011553875,0.7685039731945292,0.5185763815848106,0.706583429634259,0
25.14,0.4205764044067871,0.5152804914204954,0.6101400361130175,0.7753751157199102,0.6236131610387394,0.7863744812713246,0.5520517724431102,0.6786480189735556,0.695665050491602,0.7551729976605084,0.5008697404258304,0.6918705463090798,0
25.16,0.4018157056134197,0.4975335909042515,0.593705171598871,0.7622144143461642,0.6073927840600274,0.7734944490248346,0.534774793568564,0.6633888012979172,0.6807335206505148,0.7415221354518131,0.48295093396578226,0.6768645910706084,0
25.18,0.382884800257667,0.47957593829272105,0.5770188173808719,0.748730843790498,0.5909151194425025,0.7602867695276658,0.5172712875103563,0.6478485763678947,0.6655136365270726,0.7275571689966076,0.46482755250488067,0.6615719203435055,0
25.2,0.3637917073481746,0.46141514033734593,0.5600880416905196,0.7349301156081147,0.5741871470144293,0.7467570374655468,0.49954866864103853,0.6320339269228549,0.6500118451613587,0.7132840137754596,0.4465072729998258,0.6459990120033311,0
25.22,0.34454451459525925,0.443058889840542,0.5429200162947294,0.7208180757001601,0.557215952632971,0.7329109839436694,0.48161444414798427,0.615951551946658,0.6342347130076713,0.6987087158155811,0.4279978558118969,0.6301524626325489,0
25.240000000000002,0.32515137498499935,0.424514962397084,0.525522013457917,0.7064007018374299,0.5400087251826687,0.7187544740590254,0.46347621085337415,0.5996082638300027,0.618188923153016,0.6838374491297692,0.4093071414197134,0.6140389847262651,0
25.26,0.3056205033256883,0.40579121310040667,0.5079014028615115,0.6916841011282276,0.5225727535302793,0.7042935044159866,0.44514165199624894,0.5830109854847513,0.6018812724861955,0.6686765131011284,0.39044304709805516,0.5976654038488499,0
25.28,0.28596017276809066,0.3868955732152444,0.4900656484822075,0.6766745074314311,0.504915423437251,0.689534200586187,0.4266185339779257,0.5661667474114234,0.5853186688186832,0.653232329814695,0.37141356356415944,0.5810386557426775,0
25.3,0.266178711300991,0.3678360468179949,0.4720223054302725,0.661378278715871,0.48704421443117163,0.6744828145137678,0.4079147030722028,0.5490826847211233,0.5685081279585327,0.6375114413370756,0.3522267515929049,0.5641657833901904,0
25.32,0.24628449822351084,0.3486207074062408,0.4537790167492472,0.6458018943671338,0.46896669663747875,0.6591457218670911,0.3890380821017317,0.5317660341131499,0.5514567707385089,0.6215205069452766,0.33289073860231605,0.5470539340305334,0
25.34,0.22628596059568695,0.3292576944788743,0.4353435101784069,0.6299519524429376,0.45069052757280564,0.6435294193380534,0.36999666708195267,0.5142241308095769,0.5341718199997662,0.6052663003058683,0.31341371521083855,0.5297103561320295,0
25.36,0.20619156966882218,0.3097552100882482,0.4167235948793342,0.6138351668782345,0.43222344890130887,0.6276405218901261,0.3507985238340439,0.4964644054481015,0.5166605975322845,0.588755706605705,0.2938039317678565,0.5121423963217772,0
25.38,0.18600983729712037,0.2901215153658559,0.3979271581280109,0.5974583646412333,0.41357328315534836,0.6114857599562987,0.33145178456828406,0.4784943809344723,0.49893052097341806,0.5719957196354056,0.27406969485889127,0.4943574962736694,0
25.400000000000002,0.16574931233211523,0.2703649270229458,0.37896216197381793,0.5808284828415359,0.39474793042190903,0.5950719765881144,0.31196464443929633,0.46032166925583595,0.4809891006658242,0.5549934388268234,0.2542193637869828,0.4763631895561357,0
25.42,0.14541857700143784,0.25049381382763997,0.35983663986686193,0.5639525657916225,0.3757553649961737,0.5784061245569908,0.29234535807463974,0.4419539682563488,0.46284393647613087,0.5377560662457761,0.23426134703175003,0.45816709844098297,0
25.44,0.1250262432734288,0.2305165930599607,0.3405586932550534,0.546837762022928,0.3566036320036685,0.5614952634090793,0.2726022360782015,0.4233990583764124,0.444502714575681,0.5202909035412892,0.21420409868760706,0.4397769306746428,0
25.46,0.10458094920916972,0.21044172694632868,0.32113648815239143,0.5294913212577674,0.3373008439923887,0.5443465564748751,0.25274364150987094,0.40466479935693483,0.42597320418472545,0.5026053488526713,0.19405611488267102,0.42120047621322615,0
25.48,0.08409135530345524,0.19027771907502533,0.30157825167988883,0.5119205913383992,0.31785517749638054,0.5269672678348876,0.23277798634301097,0.38575912690999475,0.40726325428142063,0.48470689367570496,0.17382593017985076,0.4024456039227374,0
25.5,0.06356614081626198,0.1700331107941245,0.2818922685806088,0.4941330151145319,0.29827486957221677,0.5093647592426132,0.21271372790118925,0.366690049357324,0.38838079027706085,0.4666031196892991,0.1535221139616656,0.38352025824588276,0
25.52,0.04301400009626531,0.1497164775934222,0.2620868777103141,0.47613612729056914,0.2785682143098207,0.4915464870061531,0.1925593652757164,0.3474656442380272,0.3693338106589145,0.4483016955439355,0.13315326680031087,0.36443245583684786,0
25.54,0.022443638897971605,0.12933642547193552,0.24217046850517018,0.4579375512339715,0.25874355931915577,0.4735199988297591,0.17232343572548148,0.328094054886994,0.35013038360212484,0.42981037361327795,0.11272801681451229,0.3451902821654974,0
25.560000000000002,0.0018637706940155152,0.10890158729243278,0.22215147742804048,0.4395449957460315,0.23880930219421628,0.45529293061667725,0.1520145110606233,0.3085834869854341,0.3307786435520786,0.41113698671031945,0.09225501601470443,0.3258018880924182,0
25.580000000000002,-0.018716887015819163,0.08842061912462985,0.20203838439484334,0.42096625179648706,0.21877388695586636,0.43687300323463424,0.13164119401157315,0.2889422050849998,0.31128678777870317,0.3922894447694534,0.07174293663810653,0.3062754864162695,0
25.6,-0.03928961639726328,0.06790219657852108,0.18183970918252754,0.4022091892233099,0.19864580047500885,0.4182680192453207,0.11121211458498212,0.26917852910698103,0.2916630729041576,0.37327573149586657,0.05120046747521294,0.2866193483948935,0
25.62,-0.059845702974392616,0.04735501112945422,0.16156400782013475,0.38328175339909265,0.17843356887759318,0.39948585959927563,0.09073592640811222,0.24930083081802643,0.27191581140537946,0.3541039009837064,0.0306363101892787,0.2668418002416666,0
25.64,-0.08037643932102502,0.026787766436477907,0.1412198689645337,0.36419196186544284,0.15814575393300864,0.3805344802975657,0.07022130306321114,0.2293175302839326,0.25205336809297174,0.3347820743044088,0.01005917563035592,0.2469512195985544,0
25.66,-0.10087312874912771,0.006209174655521078,0.12081591026231268,0.3449479009367967,0.1377909494273689,0.3614219090216771,0.04967693441343791,0.2092370923029412,0.23208415656792183,0.3153184360666718,-0.010522219854571921,0.22695603198741263,0
25.68,-0.12132708899267604,-0.014372047251016115,0.10036077469939181,0.3255577222751149,0.11737777752323442,0.3421562417330405,0.029111522921899006,0.18906802282012122,0.2120166356576492,0.2957212309494982,-0.03109915811376632,0.20686470724098283,0
25.7,-0.1417296558854173,-0.034947181206703856,0.07986312693992306,0.3060296394368902,0.09691488510732528,0.32274563924363003,0.00853377996532963,0.16881886532429435,0.19185930583290958,0.2759987602098167,-0.05166292288369586,0.1866857559151177,0
25.72,-0.16207218703094647,-0.05550751171401382,0.05933164965598275,0.2863719243939343,0.07641094012775036,0.3031983237590985,-0.012047577855983193,0.14849819722906746,0.17162070560703496,0.25615937816610984,-0.07220480348118426,0.1664277256837776,0
25.740000000000002,-0.18234606546357446,-0.07604432954614015,0.038775039849650104,0.26659290402942315,0.055874627922318634,0.28352257539589604,-0.03262383241049718,0.12811462623949466,0.15130940791908662,0.2362114886595862,-0.09271609849319454,0.14609919771827565,0
25.76,-0.20254270329842047,-0.09654893543617839,0.01820200516901579,0.246700956610686,0.03531464753948778,0.26372672867387925,-0.05318626772836717,0.10767678670591518,0.13093401650240138,0.21616354149436778,-0.1131881194626971,0.12570878305235877,0
25.78,-0.22265354536918966,-0.11701264376207474,-0.002378739780326344,0.2267045082402179,0.014739708053497893,0.24381916898584752,-0.07372617369346751,0.08719333596649043,0.11050316224011095,0.1960240288582083,-0.13361219456903545,0.1052651189346245,0
25.8,-0.24267007285208414,-0.13742678622579205,-0.022958477126731047,0.20661202928644679,-0.0058414751247380615,0.22380832904555076,-0.09423484973293857,0.06667295068001042,0.09002549950914666,0.1758014817252546,-0.15397967230126253,0.08477686516983358,0
25.82,-0.26258380687432326,-0.1577827155251549,-0.04352848942534054,0.18643203079572904,-0.02642018393942808,0.20370268531564154,-0.11470360850270835,0.04612432315051993,0.0695097025143101,0.15550446624238512,-0.17428192512284926,0.06425270045067503,0
25.84,-0.2823863121057406,-0.17807180901679068,-0.06408006335072838,0.16617306088712822,-0.046987701382808174,0.18351075441710626,-0.13512377956737867,0.025556157645313625,0.04896446161392345,0.13514158010063929,-0.19451035312626586,0.043701318681530245,0
25.86,-0.30206920033193374,-0.19828547236861435,-0.0846044933878197,0.14584370113149328,-0.06753531518762328,0.16324108952167135,-0.15548671307298437,0.004977166707860212,0.028398479638651487,0.11472144889329894,-0.21465638767583495,0.023131425295783017,0
25.88,-0.32162413400746903,-0.21841514320034572,-0.10509308551948876,0.12545256291634949,-0.08805432151758236,0.1429022767287339,-0.1757837834109989,-0.015603932532772088,0.007820468205043878,0.09425272246214003,-0.23471149503735933,0.0025517335682600263,0
25.900000000000002,-0.3410428297876002,-0.23845229471046733,-0.12553716090928624,0.1050082837981767,-0.10853602865425292,0.12250293142835109,-0.19600639287210514,-0.03617842205443604,-0.012760855974658397,0.07374407123342003,-0.254667179992941,-0.018029039075664423,0
25.92,-0.3603170620370543,-0.25838843928812555,-0.14592805957774288,0.08451952384358853,-0.12897176067881183,0.1020516946518085,-0.21614597528811633,-0.05673758663480778,-0.03333677478487158,0.05320418254513878,-0.27451498943951286,-0.03860217475270762,0
25.94,-0.37943866631434925,-0.2782151321084271,-0.16625714407068576,0.06399496196099402,-0.14935286114712124,0.08155722941133733,-0.23619399966055438,-0.07727271754309609,-0.05389857239959439,0.0326417569671357,-0.2942465159695136,-0.05915895881452941,0
25.96,-0.39839954283020007,-0.2979239747096119,-0.18651580311799865,0.043443292224256906,-0.16967069675653745,0.061028217030517196,-0.2561419737743301,-0.09777511622900897,-0.07443753897439542,0.01206550461559629,-0.31385340143220253,-0.07969068353918443,0
25.98,-0.41719165987854834,-0.31750661855059015,-0.20669545528131217,0.022873220189948456,-0.18991666100292437,0.040473353466918625,-0.27598144779499534,-0.11823609800740084,-0.09494497433583485,-0.008515858536513484,-0.33332734047412355,-0.1001886518196795,0
26.0,-0.43580705723873303,-0.336954768547326,-0.22678755258903996,0.0022934592097258464,-0.21008217782631528,0.01990134562855398,-0.2957040178480251,-0.13864699573704992,-0.1154121916668108,-0.029093614351454612,-0.3526600840571975,-0.12064418084799539,0
26.02,-0.45423784954739277,-0.35626018658658154,-0.24678358415724888,-0.018287273260584422,-0.23015870524367857,-0.000679092314313889,-0.31530132957865975,-0.15899916349200788,-0.13583052118623762,-0.04965904621967847,-0.37184344295295957,-0.14104860579307674,0
26.04,-0.4724762296386535,-0.37541469501552754,-0.26667507979481575,-0.038860259353655786,-0.2501377389672557,-0.021259242620435596,-0.33476508169074976,-0.1792839802239555,-0.15619131382151114,-0.070203442752118,-0.39086929121145875,-0.1613932834711997,0
26.060000000000002,-0.4905144718512043,-0.3944101801057437,-0.2864536135913433,-0.05941678448347678,-0.2700108160069145,-0.04183038767036963,-0.35408702946313214,-0.1994928534140242,-0.17648594487220573,-0.09071810147027108,-0.40972956960335916,-0.18166959600717353,0
26.080000000000002,-0.5083449353008263,-0.4132385954901413,-0.3061108074863295,-0.0799481410368082,-0.28976951825502245,-0.06238381365918965,-0.37325898824204545,-0.2196172227125324,-0.19670581766343664,-0.11119433249252363,-0.428416289033776,-0.20186895448481126,0
26.1,-0.5259600671170327,-0.431891965571358,-0.3256383348180543,-0.10044563206166886,-0.3094054760523054,-0.08291081428761508,-0.39227283690809417,-0.23964856356510217,-0.21684236718736877,-0.13162346221511884,-0.44692153392640244,-0.22198280258514366,0
26.12,-0.5433524056424115,-0.4503623889001591,-0.3450279238507043,-0.12090057495130542,-0.3289103717331864,-0.10340269444993747,-0.41112052131630966,-0.25957839082359613,-0.2368870637312936,-0.15199683698623848,-0.4652374655764921,-0.24200262021082228,0
26.14,-0.5605145835933425,-0.46864204152244304,-0.36427136127822446,-0.14130430512209616,-0.348275943149094,-0.12385077391720892,-0.42979405770782214,-0.2793982623403791,-0.2568314164907558,-0.17230582677163256,-0.4833563254712881,-0.26191992709517525,0
26.16,-0.5774393311807262,-0.4867231802934235,-0.3833604957034262,-0.1616481796838026,-0.36749398716825715,-0.14424639101414297,-0.4482855360917432,-0.29909978254435154,-0.2766669771662226,-0.19254182881024823,-0.5012704385764709,-0.2817262863944018,0
26.18,-0.5941194791894248,-0.5045981461575655,-0.40228724109086433,-0.18192358110065682,-0.3865563631504981,-0.16458090628813157,-0.46658712359577864,-0.3186746059972702,-0.29638534354171364,-0.21269627125829885,-0.518972216587258,-0.30141330826135915,0
26.2,-0.6105479620150953,-0.5222593673929141,-0.4210435801920406,-0.20212192084167688,-0.40545499639556326,-0.18484570616887336,-0.4846910677841956,-0.33811444092881293,-0.3159781630439415,-0.23276061682024737,-0.5364541611427525,-0.32097265339945585,0
26.22,-0.6267178206571369,-0.5396993628184332,-0.4396215679414431,-0.22223464301873114,-0.4241818815635134,-0.20503220661702423,-0.5025896999416869,-0.3574110527489297,-0.3354371362803962,-0.2527263663651375,-0.553708867002208,-0.3403960365951147,0
26.240000000000002,-0.6426222056664759,-0.5569107449629748,-0.45801333482203904,-0.2422532280107475,-0.4427290860657326,-0.22513185676034236,-0.5202754383218089,-0.37655626753594973,-0.35475402055492655,-0.2725850625267798,-0.5707290251818239,-0.35967523022735093,0
26.26,-0.6582543800469552,-0.5738862231945727,-0.476211090198746,-0.2621691960725737,-0.46108875342513045,-0.24513614251578728,-0.5377407913585518,-0.39554197549901576,-0.373920633359292,-0.2923282932862288,-0.5875074260507999,-0.3788020677529268,0
26.28,-0.6736077221090818,-0.5906186068086953,-0.4942071256185021,-0.28197411092694,-0.47925310660409365,-0.26503659019602144,-0.5549783608397165,-0.4143601344133335,-0.3929288558392222,-0.3119476955350622,-0.604036962385278,-0.39776844716565474,0
26.3,-0.6886757282749263,-0.6071008080741975,-0.5119938180755087,-0.3016595833380155,-0.49721445129878816,-0.2848247700988214,-0.5719808450407602,-0.43300277302680734,-0.4117706362335135,-0.33143495861793765,-0.6203106323789098,-0.4165663344283562,0
26.32,-0.7034520158330066,-0.6233258452356175,-0.5295636332402938,-0.3212172746650384,-0.5149651791984217,-0.3044923000778429,-0.5887410418177507,-0.45146199443661156,-0.4304379932847051,-0.35078182785292805,-0.6363215426087886,-0.4351877668760322,0
26.34,-0.7179303256419594,-0.63928684547062,-0.5469091286512066,-0.340638900394504,-0.5324977712080803,-0.3240308490932454,-0.6052518516581556,-0.4697299794342689,-0.4489230196198871,-0.36998010802815673,-0.6520629109554427,-0.4536248565887883,0
26.36,-0.7321045247818777,-0.6549770478012694,-0.5640229568669941,-0.3599162336494319,-0.5498048006337617,-0.34343214074066836,-0.621506280688151,-0.48779898981782377,-0.4672178851002212,-0.3890216668732278,-0.6675280694757075,-0.47186979373311444,0
26.38,-0.7459686091521729,-0.6703898059579368,-0.5808978685791343,-0.3790411086742251,-0.5668789363282852,-0.3626879567570603,-0.6374974436351755,-0.5056613716696857,-0.48531484013773246,-0.40789843850400886,-0.6827104672272153,-0.4899148498700812,0
26.400000000000002,-0.7595167060148764,-0.6855185911946181,-0.5975267156825966,-0.39800542429362507,-0.5837129457967157,-0.38179014050189036,-0.6532185667444974,-0.5233095585987839,-0.5032062189779934,-0.42660242683928196,-0.6976036730433306,-0.5077523812290577,0
26.42,-0.7727430764822922,-0.7003569950544659,-0.6139024543037352,-0.4168011473443215,-0.6002996982600085,-0.4007306004122464,-0.6686629906485234,-0.5407360749456456,-0.5208844429472808,-0.4451257089878277,-0.7122013782573521,-0.5253748319455648,0
26.44,-0.7856421179479568,-0.7148987320843748,-0.6300181477840203,-0.43542031607774856,-0.6166321676755553,-0.41950131343037017,-0.6838241731876775,-0.5579335389490345,-0.5383420236628671,-0.46346043860451247,-0.7264973993748183,-0.5427747372618883,0
26.46,-0.7982083664598696,-0.7291376424974526,-0.6458669696183797,-0.4538550435326309,-0.6327034357133783,-0.4380943284021678,-0.6986956921816053,-0.5748946658728183,-0.5555715662050379,-0.4815988492139539,-0.7404856806927967,-0.559944726689104,0
26.48,-0.8104364990349825,-0.7430676947822662,-0.6614422063468447,-0.47209752087584683,-0.6485066946866944,-0.45650176944528137,-0.7132712481495798,-0.5916122710917399,-0.5725657722495497,-0.49953325750033895,-0.754160296865037,-0.5768775271291788,0
26.5,-0.8223213359139873,-0.7566829882577547,-0.6767372603983475,-0.49014002071020635,-0.6640352504356047,-0.47471583928525385,-0.7275446669789157,-0.6080792731347753,-0.5893174431591457,-0.5172560665620254,-0.7675154554119094,-0.5935659659557948,0
26.52,-0.8338578427554302,-0.7699777555727122,-0.6917456528853956,-0.5079749003477179,-0.6792825251626979,-0.4927288225584084,-0.7415099025402828,-0.6242886966847982,-0.6058194830328566,-0.5347597691295507,-0.78054549917406,-0.61000297405264,0
26.54,-0.8450411327682223,-0.782946365148809,-0.7064610263484976,-0.5255946050469946,-0.6942420602193693,-0.5105330890800281,-0.7551610392488153,-0.6402336755332879,-0.6220649017117755,-0.5520369507456465,-0.7932449087087436,-0.626181588807839,0
26.560000000000002,-0.8558664687816593,-0.7955833235660821,-0.7208771474491356,-0.5429916712133822,-0.7089075188416603,-0.5281210970764543,-0.7684922945699105,-0.6559074554888029,-0.638046817740057,-0.5690802929059648,-0.8056083046278238,-0.6420949570632682,0
26.580000000000002,-0.8663292652520518,-0.8078832778899164,-0.7349879096101756,-0.5601587295604986,-0.7232726888344787,-0.5454853963797284,-0.7814980214686729,-0.6713033972380201,-0.653758461279848,-0.585882576159139,-0.8176304498764463,-0.657736338017514,0
26.6,-0.8764250902051386,-0.8198410179385123,-0.7487873356025698,-0.5770885082318143,-0.7373314852030386,-0.5626186315834482,-0.7941727108019682,-0.6864149791580996,-0.6691931769789528,-0.6024366831649012,-0.8293062519514166,-0.6730991060812302,0
26.62,-0.8861496671134417,-0.8314514784898847,-0.7622695800772742,-0.5937738358809579,-0.7510779527304314,-0.5795135451584631,-0.8065109936520576,-0.7012358000792136,-0.6843444267900063,-0.6187356017089366,-0.8406307650583553,-0.6881767536836997,0
26.64,-0.8954988767077726,-0.8427097414274574,-0.775428932041305,-0.6102076447094642,-0.7645062685002193,-0.5961629805271207,-0.818507643600835,-0.715759581996026,-0.6992057927399409,-0.6347724276732173,-0.8515991922066981,-0.7029628940293995,0
26.66,-0.904468758722135,-0.8536110378233448,-0.7882598172768712,-0.6263829734606375,-0.7776107443629844,-0.6125598850947452,-0.8301575789437095,-0.729980172727028,-0.7137709796486023,-0.6505403679605308,-0.8622068872416686,-0.7174512638034053,0
26.68,-0.9130555135712648,-0.8641507499584365,-0.8007568007025889,-0.6422929703683061,-0.7903858293457939,-0.628697313237078,-0.8414558648421823,-0.7438915485205585,-0.7280338177953517,-0.6660327433719972,-0.8724493568123642,-0.731635725824492,0
26.7,-0.921255503960113,-0.8743244132784349,-0.8129145886757387,-0.6579308960591757,-0.8028261120035607,-0.6445684292423949,-0.8523977154142119,-0.757487816606427,-0.741988265532522,-0.68124299143633,-0.8823222622751008,-0.7455102716448126,0
26.72,-0.9290652564245793,-0.8841277182850102,-0.824728031234624,-0.6732901264075907,-0.8149263227112957,-0.6601665102070707,-0.8629784957614814,-0.7707632176920536,-0.7556284118446192,-0.6961646691896602,-0.8918214215312383,-0.7590690240950265,0
26.740000000000002,-0.9364814628028513,-0.8935565123612779,-0.8361921242800602,-0.688364155341471,-0.8266813358962929,-0.6754849488833646,-0.8731937239327178,-0.7837121284020717,-0.768948478852193,-0.7107914559047278,-0.9009428107986878,-0.7723062397738393,0
26.76,-0.9435009816367217,-0.902606801530814,-0.8473020116950813,-0.7031465975982429,-0.8380861722092825,-0.6905172564782033,-0.8830390728222123,-0.796329063660351,-0.7819428242593153,-0.7251171557682989,-0.9096825663163555,-0.7852163114808729,0
26.78,-0.950120839502288,-0.9112747521494842,-0.8580529874019596,-0.717631191429598,-0.8491360006336586,-0.7052570654017957,-0.8925103720027593,-0.8086086790134394,-0.7946059437436127,-0.7391357005056739,-0.9180369859808114,-0.7977937705918344,0
26.8,-0.9563382322694808,-0.9195566925293432,-0.8684404973556692,-0.7318118012539218,-0.8598261405318686,-0.7196981319649043,-0.9016036094922224,-0.8205457728944459,-0.8069324732878732,-0.7528411519511699,-0.9260025309144664,-0.8100332893749971,0
26.82,-0.9621505262898704,-0.9274491144939431,-0.8784601414729559,-0.7456824202552944,-0.8701520636281003,-0.7338343390236295,-0.9103149334529798,-0.8321352888263851,-0.8189171914522082,-0.7662277045634805,-0.9335758269646259,-0.8219296832479878,0
26.84,-0.9675552595122687,-0.9349486748643704,-0.8881076754961785,-0.7592371729279349,-0.8801093959264322,-0.7476596985705996,-0.9186406538235453,-0.8433723175640712,-0.8305550215858161,-0.779289687884872,-0.9407536661327517,-0.8334779129739477,0
26.86,-0.9725501425256374,-0.9420521968753959,-0.8973790127911534,-0.7724703175650304,-0.889693919563633,-0.761168354271442,-0.9265772438816513,-0.8542520991736444,-0.8418410339774293,-0.7920215689431455,-0.9475330079333479,-0.8446730867961217,0
26.88,-0.9771330595288668,-0.9487566715211293,-0.906270226078227,-0.7853762486908877,-0.8989015745958209,-0.7743545839455055,-0.9341213417381468,-0.8647700250488477,-0.8527704479435065,-0.8044179545953717,-0.9539109806818941,-0.8555104625099754,0
26.900000000000002,-0.9813020692270187,-0.955059258829618,-0.9147775490958443,-0.7979494994353739,-0.907728460718231,-0.7872128019897252,-0.9412697517610729,-0.8749216398632041,-0.8633386338532962,-0.8164735938123857,-0.9598848827112672,-0.8659854494719593,0
26.92,-0.9850554056536445,-0.9609572890658349,-0.9228973781959157,-0.8101847438496459,-0.91617083891736,-0.7997375617446583,-0.9480194459293105,-0.8847026434572604,-0.8735411150899272,-0.8281833799030897,-0.9654521835161489,-0.8760936105440809,0
26.94,-0.9883914789188405,-0.9664482638625649,-0.9306262738703004,-0.8220767991621964,-0.9242251330547944,-0.8119235578016508,-0.9543675651152325,-0.8941088926601135,-0.8833735699466717,-0.8395423526776122,-0.9706105248249308,-0.8858306639734481,0
26.96,-0.9913088758827135,-0.9715298572786942,-0.9379609622077574,-0.8336206279742313,-0.9318879313820343,-0.8237656282501773,-0.9603114202958136,-0.903136403044429,-0.8928318334575938,-0.8505457005484125,-0.9753577215986634,-0.8951924852059913,0
26.98,-0.993806360753979,-0.9761999167844643,-0.9448983362807581,-0.8448113403934919,-0.9391559879856924,-0.8352587568643938,-0.9658484936916809,-0.9117813506142183,-0.9019118991618067,-0.861188762568435,-0.9796917629566205,-0.9041751086336003,0
27.0,-0.9958828756134348,-0.9804564641732678,-0.9514354574615583,-0.8556441961055725,-0.9460262241624458,-0.8463980752279762,-0.9709764398336311,-0.9200400734246585,-0.9106099208005833,-0.8714670304054576,-0.9836108130280955,-0.9127747292739308,0
27.02,-0.9975375408620896,-0.9842976963996051,-0.9575695566669827,-0.8661146063818889,-0.9524957297231514,-0.8571788647963581,-0.9756930865561552,-0.9279090731332732,-0.9189222139466042,-0.881376150251787,-0.9871132117300625,-0.9209877043821669,0
27.04,-0.9987696555937559,-0.9877219863428411,-0.9632980355313915,-0.87621813602344,-0.9585617642255871,-0.8675965588954694,-0.9799964359175556,-0.9353850164818036,-0.9268452575646664,-0.8909119246685036,-0.9901974754703761,-0.9288105549940724,0
27.060000000000002,-0.9995786978919493,-0.9907278834964425,-0.9686184675073326,-0.8859505052395246,-0.9642217581352857,-0.877646744656155,-0.9838846650462599,-0.942464736708159,-0.9343756955031649,-0.9000703143634686,-0.9928622977762086,-0.9362399673996532,0
27.080000000000002,-0.9999643250509699,-0.9933141145824023,-0.9735285988934113,-0.8953075914606347,-0.9694733139139746,-0.8873251648834362,-0.9873561269129801,-0.949145234887835,-0.9415103379157443,-0.9088474399023423,-0.995106549847464,-0.9432727945468242,0
27.1,-0.9999263737210703,-0.9954795840905917,-0.9780263497889444,-0.9042854310847495,-0.9743142070351606,-0.896627719859834,-0.9904093510283818,-0.9554236812042386,-0.9482461626124925,-0.9172395833518839,-0.9969292810349285,-0.9499060573744836,0
27.12,-0.9994648599776504,-0.9972233747428111,-0.9821098149749926,-0.9128802211562909,-0.9787423869264212,-0.9055504690819843,-0.9930430440659759,-0.9612974161473838,-0.9545803163401272,-0.9252431898548419,-0.9983297192429585,-0.9561369460744227,0
27.14,-0.9985799793144479,-0.9985447478813411,-0.9857772647214005,-0.9210883209770324,-0.9827559778380198,-0.9140896329298093,-0.9952560904099623,-0.9667639516404399,-0.9605101159906135,-0.9328548691357712,-0.9993072712565336,-0.9619628212815428,0
27.16,-0.9972721065607284,-0.9994431437818342,-0.9890271455194983,-0.9289062536482767,-0.9863532796374599,-0.9222415942675386,-0.997047552627799,-0.9718209720936661,-0.9660330497377143,-0.9400713969371266,-0.9998615229925374,-0.9673812151918743,0
27.18,-0.9955417957225113,-0.9999181818904089,-0.9918580807401596,-0.9363307075436453,-0.989532768529651,-0.9300028999759089,-0.9984166718672914,-0.976466335385281,-0.9711467781009827,-0.9468897163850388,-0.9999922396751597,-0.9723898326079247,0
27.2,-0.9933897797478964,-0.9999696609848494,-0.994268871216932,-0.9433585377118635,-0.9922930977023805,-0.9373702624148832,-0.999362868178039,-0.9806980737688534,-0.9758491349367531,-0.953306939284184,-0.9996993659353448,-0.9769865519109083,0
27.22,-0.9908169702165918,-0.9995975592598414,-0.9962584957539974,-0.9499867672089413,-0.9946330978968144,-0.9443405608162732,-0.9998857407570972,-0.984514394706824,-0.9801381283557076,-0.959320347341203,-0.9989830258342441,-0.9811694259594498,0
27.240000000000002,-0.9878244569537749,-0.9988020343362083,-0.9978261115587442,-0.9562125883591883,-0.9965517779027898,-0.9509108426056803,-0.9999850681187565,-0.9879136816298153,-0.9840119415666267,-0.9649273933161535,-0.9978435228106636,-0.9849366829143834,0
27.26,-0.9844135075684503,-0.9975834231941431,-0.9989710545987683,-0.9620333639445268,-0.9980483249786853,-0.9570783246531825,-0.9996608081883617,-0.9908944946214002,-0.9874689336459731,-0.9701257021015005,-0.9962813395525276,-0.9882867269892917,0
27.28,-0.9805855669164987,-0.9959422420304654,-0.9996928398831545,-0.9674466283215994,-0.9991221051956938,-0.9628403944522572,-0.9989130983201346,-0.9934555710280399,-0.9905076402329761,-0.9749130717281983,-0.9942971377924155,-0.9912181391264717,0
27.3,-0.9763422564886456,-0.9938791860399638,-0.9999911616679147,-0.9724500884662023,-0.9997726637063518,-0.9681946112264178,-0.9977422552389925,-0.9955958259939381,-0.9931267741499259,-0.9792874742984273,-0.9918917580272529,-0.9937296775980384,0
27.32,-0.971685373723607,-0.9913951291209133,-0.9998658935854999,-0.9770416249445927,-0.9999997249372105,-0.9731387069631142,-0.9961487749063846,-0.9973143529205781,-0.9953252259474157,-0.9832470568445976,-0.9890662191622841,-0.9958202785319132,0
27.34,-0.966616891246709,-0.9884911235048992,-0.9993170886983294,-0.9812192928112702,-0.9998031927055677,-0.9776705873744477,-0.9941333323102074,-0.9986104238507518,-0.9971020643742982,-0.9867901421142522,-0.9858217180794666,-0.9974890563624736,0
27.36,-0.9611389560342931,-0.9851683993110966,-0.9983449794763126,-0.9849813224328406,-0.9991831502602108,-0.9817883327842991,-0.9916967811788824,-0.9994834897769186,-0.9984565367721574,-0.9899152292805415,-0.98215962913048,-0.9987353042056739,0
27.38,-0.9552538885042745,-0.9814283640251996,-0.9969499776983783,-0.9883261202376232,-0.9981398602461538,-0.9854901989414916,-0.9888401536197241,-0.9999331808737614,-0.9993880693941318,-0.99262099457796,-0.9780815035545591,-0.9995584941584766,0
27.400000000000002,-0.9489641815332249,-0.9772726019032203,-0.9951326742780471,-0.9912522693906762,-0.9966737645933833,-0.9887746177586453,-0.985564659681745,-0.9999593066548423,-0.9998962676479497,-0.9949062918630852,-0.9735890688213962,-0.9999582775224691,0
27.42,-0.9422724994004081,-0.9727028733004043,-0.9928938390131236,-0.99375853039396,-0.9947854843296601,-0.9916401979764077,-0.9818716868430873,-0.9995618560532918,-0.9999809162630775,-0.996770153100075,-0.968684227899397,-0.9999344849515708,0
27.44,-0.9351816766592094,-0.9677211139255583,-0.9902344202596168,-0.9958438416113797,-0.992475819317457,-0.9940857257527848,-0.9777627994232959,-0.9987409974264964,-0.9996419793819067,-0.9982117887707209,-0.9633690584495931,-0.9994871265237667,0
27.46,-0.9276947169364324,-0.9623294340210942,-0.9871555445300213,-0.9975073197184879,-0.989745747915142,-0.9961101651773159,-0.9732397379206821,-0.9974970784847836,-0.9988796005749444,-0.9992305882088801,-0.9576458119455568,-0.998616391736839,0
27.48,-0.9198147916599883,-0.9565301174691441,-0.9836585160161351,-0.9987482600766547,-0.9865964265625533,-0.99771265870988,-0.9683044182750609,-0.9958306261441345,-0.997694102779998,-0.9998261198591509,-0.9515169127196923,-0.9973226494280975,0
27.5,-0.9115452387154961,-0.9503256208241196,-0.979744816036612,-0.9995661370315487,-0.9830291892911385,-0.9988925275439439,-0.9629589310561703,-0.9937423463029854,-0.9960859881653817,-0.999998131459674,-0.9449849569363031,-0.9956064476181422,0
27.52,-0.9028895610323746,-0.943718572272134,-0.9754161024094838,-0.9999606041358001,-0.9790455471588685,-0.9996492718941008,-0.9572055405781194,-0.9912331235432136,-0.9940559379172013,-0.9997465501489885,-0.9380527114918693,-0.9934685132787263,0
27.54,-0.8938514251000265,-0.9367117705177176,-0.9706742087499208,-0.9999314942957541,-0.9746471876101639,-0.9999825712077771,-0.9510466839402393,-0.9883040207554348,-0.9916048119508095,-0.9990714824968946,-0.9307231128430115,-0.9909097520248151,0
27.560000000000002,-0.8844346594147361,-0.9293081835983037,-0.9655211436935236,-0.9994788198422505,-0.9698359737611033,-0.9998922843010162,-0.9444849699947454,-0.9849562786887684,-0.9887336485465509,-0.9979732144593101,-0.9229992657626224,-0.9879312477309737,0
27.580000000000002,-0.8746432528579422,-0.9215109476269855,-0.9599590900454775,-0.9986027725254,-0.9646139436102213,-0.9993784494182839,-0.9375231782416406,-0.9811913154252663,-0.9854436639099546,-0.9964522112571408,-0.9148844420247069,-0.9845342620722447,0
27.6,-0.864481353006576,-0.9133233654640812,-0.9539904038559313,-0.9973037234333604,-0.9589833091752249,-0.9984412842162684,-0.9301642576513416,-0.977010725779219,-0.9817362516565571,-0.994509117179214,-0.9063820790184771,-0.9807202339897116,0
27.62,-0.8539532643761697,-0.9047489053180606,-0.9476176134219889,-0.9955822228351459,-0.9529464555559971,-0.9970811856716827,-0.9224113254155092,-0.9724162806216072,-0.9776129822215758,-0.9921447553093613,-0.8974957782922965,-0.9764907790809721,0
27.64,-0.8430634465974943,-0.8957911992764337,-0.9408434182167386,-0.9934389999475365,-0.9465059399242858,-0.9952987299131077,-0.9142676656266294,-0.967409926129968,-0.9730756021946849,-0.9893601271777649,-0.8882293040280852,-0.9718476889157811,0
27.66,-0.8318165125274902,-0.8864540417672221,-0.9336706877457753,-0.9908749626261861,-0.9396644904404999,-0.9930946719769491,-0.9057367278868905,-0.9619937829640083,-0.9681260335801702,-0.9861564123367149,-0.878586581446835,-0.9667929302771548,0
27.68,-0.8202172262952878,-0.8767413879516643,-0.9261024603316935,-0.9878911969810613,-0.9324250050980818,-0.9904699454876079,-0.8968221258469563,-0.9561701453673069,-0.9627663729827806,-0.9825349678609576,-0.8685716951459151,-0.9613286443282536,0
27.7,-0.8082705012841518,-0.8666573520488321,-0.9181419418270774,-0.9844889669163717,-0.9247905504959332,-0.9874256622620049,-0.8875276356752421,-0.9499414801954875,-0.9569988907196211,-0.9784973277728451,-0.8581888873688572,-0.9554571457053975,0
27.72,-0.7959813980502061,-0.856206205592875,-0.9097925042565179,-0.9806697135951875,-0.9167643605394254,-0.98396311183862,-0.8778571944583604,-0.943310425871275,-0.9508260298584612,-0.974045202392535,-0.8474425562083694,-0.9491809215376023,0
27.740000000000002,-0.7833551221788162,-0.8453923756236236,-0.901057684388247,-0.9764350548289727,-0.9083498350705375,-0.9800837609312547,-0.8678148985333913,-0.9362797912668755,-0.9442504051828666,-0.9691804776135065,-0.8363372537433335,-0.9425026303930493,0
27.76,-0.7703970220795288,-0.8342204428113257,-0.891941182235985,-0.9717867843922906,-0.8995505384277044,-0.9757892528077408,-0.8574050017527005,-0.9288525545141574,-0.9372748020845955,-0.9639052141037077,-0.8248776841105673,-0.935425101152931,0
27.78,-0.7571125867205317,-0.8226951395163009,-0.8824468594916407,-0.966726871262972,-0.8903701979359884,-0.971081406593862,-0.8466319136820372,-0.9210318617431312,-0.9299021753837234,-0.9582216464326705,-0.8130687015121898,-0.9279513318131561,0
27.8,-0.7435074433035493,-0.8108213477843449,-0.8725787378895182,-0.9612574587880685,-0.8808127023282062,-0.9659622165027862,-0.8355001977326696,-0.9128210257492709,-0.9221356480769994,-0.9521321821249592,-0.8009153081594055,-0.9200844882144162,0
27.82,-0.7295873548802053,-0.7986040972787263,-0.8623409975027394,-0.9553808637759434,-0.8708821000976872,-0.9604338509903269,-0.8240145692283501,-0.9042235245902361,-0.9139785100149703,-0.9456394006403566,-0.7884226521536014,-0.9118279027011577,0
27.84,-0.7153582179108275,-0.7860485631496502,-0.8517379749725933,-0.9490995755148887,-0.860582597783359,-0.954498651836401,-0.8121798934079373,-0.8952430001125882,-0.905434216508414,-0.938746052281223,-0.7755960253056461,-0.9031850727100215,0
27.86,-0.7008260597667407,-0.7731600638420982,-0.8407741616715592,-0.9424162547186763,-0.8499185581878854,-0.9481591331530673,-0.8000011833645102,-0.8858832564091235,-0.8965063868646973,-0.931455057027485,-0.7624408608943053,-0.894159659288352,0
27.88,-0.6859970361771207,-0.7599440588429703,-0.8294542018007894,-0.9353337323994977,-0.8388944985296051,-0.9414179803195618,-0.7874835979218558,-0.8761482582074908,-0.8871988028546579,-0.9237695032997465,-0.7489627313647458,-0.884755485543399,0
27.900000000000002,-0.6708774286214588,-0.7464061463684792,-0.8177828904228622,-0.9278550086687648,-0.8275150885290762,-0.9342780488447914,-0.7746324394492253,-0.866042129190751,-0.8775154071106751,-0.9156926466510575,-0.7351673459680834,-0.8749765350228773,0
27.92,-0.6554736416687648,-0.732552060992783,-0.8057651714306128,-0.9199832514662819,-0.8157851484310058,-0.9267423631577566,-0.7614531516152759,-0.8555691502506187,-0.8674603014565889,-0.9072279083878787,-0.7210605483429732,-0.8648269500275559,0
27.94,-0.6397922002646422,-0.7183876712188573,-0.7934061354529429,-0.9117217952183275,-0.8037096469624263,-0.9188141153264228,-0.7479513170821807,-0.8447337576740962,-0.8570377451702026,-0.8983788741208381,-0.7066483140402882,-0.854311029856612,0
27.96,-0.6238397469673566,-0.7039189769926307,-0.7807110176984561,-0.9030741394252091,-0.7912936992279768,-0.910496663705583,-0.7341326551408374,-0.8335405412642961,-0.8462521531790713,-0.8891492922458888,-0.6919367479919089,-0.8434332289864725,0
27.98,-0.607623039134091,-0.6891521071614474,-0.7676851957378594,-0.8940439471789035,-0.7785425645431778,-0.9017935315142787,-0.7200030192882177,-0.8219942423962288,-0.8351080941903741,-0.8795430723565136,-0.6769320819247181,-0.8321981551839236,0
28.0,-0.5911489460585715,-0.6740933168779275,-0.7543341872260563,-0.8846350436113861,-0.7654616442066168,-0.8927084053433869,-0.7055683947478635,-0.8100997520083832,-0.8236102887556336,-0.8695642835876429,-0.6616406717208759,-0.8206105675542968,0
28.02,-0.5744244460612794,-0.6587489849503225,-0.7406636475649078,-0.8748514142743369,-0.7520564792119945,-0.8832451335940052,-0.690834895934586,-0.7978621085309618,-0.8117636072711262,-0.8592171528919951,-0.6460689947255108,-0.8086753745255355,0
28.04,-0.5574566235334806,-0.6431256111404948,-0.7266793675076353,-0.8646972034508806,-0.7383327479009911,-0.8734077248472899,-0.6758087638644353,-0.7852864957516281,-0.7995730679148075,-0.848506063249567,-0.6302236470029572,-0.7963976317690218,0
28.060000000000002,-0.5402526659363185,-0.6272298134106578,-0.7123872707059005,-0.8541767124001013,-0.7242962635579618,-0.8632003461664532,-0.6604963635110441,-0.7723782406196907,-0.7870438345206489,-0.8374355518110304,-0.6141113405427078,-0.7837825400580222,0
28.080000000000002,-0.5228198607562582,-0.6110683251200509,-0.6977934112005754,-0.8432943975350461,-0.7099529719474663,-0.8526273213316156,-0.6449041811094738,-0.7591428109896405,-0.7741812143912697,-0.8260103079758238,-0.597738900416246,-0.7708354430646753,0
28.1,-0.5051655924181501,-0.5946479921727276,-0.6829039708572978,-0.832054868535029,-0.695308948795679,-0.8416931290082832,-0.6290388214086765,-0.7455858133050055,-0.7609906560497967,-0.8142351714057525,-0.5811132618860033,-0.7575618250964471,0
28.12,-0.4872973391572285,-0.5779757701176804,-0.6677252567478666,-0.8204628863929899,-0.6803703972167524,-0.8304024008502141,-0.6129070048737731,-0.7317129902234893,-0.7474777469319035,-0.8021151299749383,-0.5642414674676175,-0.7439673087730102,0
28.14,-0.46922266985138866,-0.5610587212025108,-0.6522636984786124,-0.8085233613987747,-0.6651436450852126,-0.8187599195374796,-0.5965155648393018,-0.7175302181844284,-0.7336482110190116,-0.7896553176569852,-0.5471306639467709,-0.730057652644543,0
28.16,-0.45094924081505117,-0.5439040113819078,-0.6365258454668513,-0.7962413510591655,-0.6496351423555223,-0.8067706167505513,-0.5798714446146663,-0.7030435049195596,-0.7195079064136457,-0.7768610123502647,-0.5297880993518577,-0.7158387487524402,0
28.18,-0.4324847925560031,-0.52651890728219,-0.6205183641665963,-0.7836220579555531,-0.6338514583299082,-0.7944395710812711,-0.5629816945429893,-0.6882589869081902,-0.7050628228579816,-0.7637376336422304,-0.5122211198837646,-0.7013166201334838,0
28.2,-0.4138371464965612,-0.5089107731232144,-0.6042480352446904,-0.7706708275401564,-0.6177992788756601,-0.7817720058815915,-0.5458534690146343,-0.6731829267778231,-0.6903190791966272,-0.7502907405137109,-0.494437166804062,-0.6864974182685226,0
28.22,-0.39501420166046786,-0.49108706759893733,-0.5877217507085584,-0.7573931458717231,-0.6014854035930259,-0.7687732870510041,-0.5284940234366516,-0.6578217106513441,-0.6752829207847209,-0.736526028984165,-0.476443773282944,-0.6713874204767428,0
28.240000000000002,-0.37602393132692075,-0.47305534071796473,-0.5709465109867947,-0.7437946372916726,-0.5849167429349564,-0.7554489207635678,-0.5109107111594344,-0.6421818454419066,-0.6599607168424376,-0.7224493296988822,-0.4582485612082141,-0.6559930272566398,0
28.26,-0.3568743796531399,-0.45482323060540486,-0.5539294219638314,-0.7298810620416537,-0.5681003152798747,-0.7418045511355394,-0.49311098036188916,-0.6262699560966423,-0.6443589577570297,-0.7080666054591596,-0.4398592379567077,-0.6403207595748028,0
28.28,-0.33757365826691027,-0.4363984602674223,-0.5366776919699225,-0.715658313823552,-0.5510432439587365,-0.7278459578345561,-0.47510237089642215,-0.6100927827903697,-0.6284842523335374,-0.6933839486964961,-0.4212835931295003,-0.6243772561036782,0
28.3,-0.31812994283055146,-0.4177888343198065,-0.5191986287277526,-0.7011324173029487,-0.5337527542376383,-0.7135790536314038,-0.45689251109512485,-0.5936571780705133,-0.6123433249953449,-0.6784075788918758,-0.40252949525227205,-0.6081692704094667,0
28.32,-0.2985514695777589,-0.39900223568199866,-0.5014996362569235,-0.6863095255571128,-0.516236170257235,-0.6990098818954116,-0.43848911453844547,-0.5769701039543916,-0.5959430129357537,-0.6631438399412362,-0.3836048884422603,-0.5917036680913615,0
28.34,-0.2788465318247846,-0.38004662223792796,-0.483588211737662,-0.6711959174685962,-0.49850091193028,-0.6841446140345127,-0.4198999767877745,-0.5600386289801613,-0.5792902632217943,-0.6475991974682356,-0.36451778904317605,-0.5749874238733221,0
28.36,-0.25902347645744783,-0.36093002346511205,-0.46547194233505834,-0.6557979950655457,-0.4805544917986011,-0.668989546881076,-0.401132972083292,-0.5428699252126308,-0.5623921298514905,-0.6317802360854554,-0.34527628222953477,-0.558027618649622,0
28.38,-0.23909070039544064,-0.3416605370334123,-0.4471585019851982,-0.6401222808098302,-0.46240451185083215,-0.6535511000246165,-0.38219605000848256,-0.5254712652052125,-0.5452557707658326,-0.6156936566052001,-0.32588851858182843,-0.5408314364854274,0
28.400000000000002,-0.21905664703544966,-0.3222463253749187,-0.42865564814452545,-0.6241754148341813,-0.44405866030226215,-0.6378358130924833,-0.3630972321227558,-0.5078500189193161,-0.5278884448167209,-0.5993462732010736,-0.30636271063398496,-0.5234061615736816,0
28.42,-0.19892980267458685,-0.30269561222639246,-0.4099712185038368,-0.6079641521294697,-0.4255247083381534,-0.6218503429797304,-0.34384460856355475,-0.49001365060248864,-0.5102975086921547,-0.5827450105215404,-0.2867071293946011,-0.5057591751495586,0
28.44,-0.1787186929156483,-0.28301667914574374,-0.39111312766828854,-0.5914953596833348,-0.406810506821923,-0.6056014610292891,-0.3244463346194288,-0.47196971562659457,-0.492490413799996,-0.5658969007566864,-0.2669301008433929,-0.48789795236381583,0
28.46,-0.1584318790557194,-0.2632178620040197,-0.3720893638048111,-0.5747760135713686,-0.3879239829695607,-0.5890960501636706,-0.3049106272755086,-0.4537258572874178,-0.47447470311159434,-0.5488090806594339,-0.2470400024043607,-0.46983005911638315,0
28.48,-0.13807795445966758,-0.24330754745438304,-0.35290798525838163,-0.5578131960020986,-0.368873136991711,-0.5723411019694097,-0.2852457617328335,-0.4352898035670072,-0.45625800796663535,-0.5314887885224552,-0.22704525939716547,-0.45156314885147725,0
28.5,-0.11766554092004765,-0.22329416937957217,-0.3335771171385575,-0.5406140923170137,-0.3496660387048341,-0.5553437137354673,-0.26546006790303905,-0.41666936386014924,-0.4378480448405508,-0.5139433611120718,-0.2069543414682243,-0.4331049593156638,0
28.52,-0.0972032850049687,-0.20318620531936932,-0.314104947877728,-0.5231859879468891,-0.3303108241128903,-0.5381110854468703,-0.24556192687985282,-0.3978724256663648,-0.4192526120758715,-0.4961802305604539,-0.1867757590030121,-0.4144633092801945,0
28.54,-0.07669985439545254,-0.1829921728795653,-0.2944997257625537,-0.5055362653257353,-0.31081569196097686,-0.5206505167348344,-0.22555976738892683,-0.3789069512488113,-0.4004795865788964,-0.47820692121741826,-0.16651805952112683,-0.39564609522902516,0
28.560000000000002,-0.056163934213869636,-0.16272062612395602,-0.27476975544003746,-0.4876724007636341,-0.2911889002623852,-0.5029694037846935,-0.20546206221746918,-0.35978097426151545,-0.38153692048308785,-0.46003104646315657,-0.14618982405560826,-0.3766612880139155,0
28.580000000000002,-0.035604223344969474,-0.1423801519508993,-0.2549233943997327,-0.46960196127983095,-0.2714387628005654,-0.48507523620292503,-0.1852773246252323,-0.34050259634637187,-0.3624326377805992,-0.4416603054832558,-0.12579966351806693,-0.35751692947802066,0
28.6,-0.015029430751095498,-0.12197936645595583,-0.2349690494335638,-0.45133260139738995,-0.25157364560746076,-0.4669755938445979,-0.16501410473835385,-0.32107998370134255,-0.3431748309233589,-0.4231024800073751,-0.10535621505116081,-0.33822112904943036,0
28.62,0.005551728216886609,-0.10152691128216994,-0.21491517307476254,-0.43287205990079053,-0.23160196341970984,-0.4486781436025878,-0.1446809859275742,-0.3015213636213008,-0.3237716573951629,-0.4043654310129585,-0.08486813836996032,-0.3187820603060574,0
28.64,0.026130535511341882,-0.08103144995951744,-0.19477026001742553,-0.4142281565578177,-0.21153217611421388,-0.43019063615993935,-0.12428658117236831,-0.28183502101300467,-0.30423133625621657,-0.38545709539536516,-0.06434411209373439,-0.2992079575133653,0
28.66,0.04669827408078977,-0.06050166423509694,-0.1745428435182263,-0.395408788807168,-0.19137278512459044,-0.4115209027067235,-0.10383952941255652,-0.26202929488566373,-0.2845621446615861,-0.3663854826058542,-0.043792830069756955,-0.2795071121363824,0
28.68,0.06724623156238102,-0.03994625039559705,-0.1542414917817646,-0.3764219284131448,-0.17113232984001664,-0.39267685162279165,-0.0833484918888976,-0.24211257481859072,-0.26477241435505855,-0.34715867125884226,-0.02322299769064539,-0.2596878693275003,0
28.7,0.08776570397240624,-0.019373915583594355,-0.13387480433115054,-0.3572756180888633,-0.15081938398800154,-0.37366646512783974,-0.06282214847423531,-0.22209329740741932,-0.24487052813986485,-0.3277848057098409,-0.002643328206808346,-0.2397586243915035,0
28.72,0.10824799939324095,0.001206625890718853,-0.11345140836528028,-0.3379779680894118,-0.1304425520026134,-0.3544977959001909,-0.042269193996770094,-0.2019799426904296,-0.22486491632777061,-0.3082720926055663,0.017937460964434913,-0.2197278192293887,0
28.740000000000002,0.12868444165519363,0.02178665624087492,-0.0929799551044271,-0.318537152776399,-0.11001046537968198,-0.33517896366573197,-0.021698334556981714,-0.181781030556444,-0.2047640531680602,-0.2886287974076526,0.03851065193148246,-0.1996039387624191,0
28.76,0.1490663740116725,0.042357457896925924,-0.07246911612562545,-0.2989614071553503,-0.0895317790205693,-0.3157181517584496,-0.0011182838397805642,-0.1615051171358672,-0.18457645325789518,-0.2688632408914619,0.059067530021307005,-0.1793955073379693,0
28.78,0.16938516280613172,0.06291031719814708,-0.05192757968946034,-0.27925902338740516,-0.06901516756599796,-0.2961236036540185,0.019462240576553796,-0.1411607911763602,-0.164310667935578,-0.24898379562144696,0.07959938747092848,-0.1591110851186658,0
28.8,0.189632201129223,0.08343652808409484,-0.03136404705976121,-0.25943834727681353,-0.04846932172152845,-0.27640361947792136,0.04003452091308327,-0.12075667040470156,-0.1439752816582665,-0.22899888240459307,0.10009752711596669,-0.1387592644563569,0
28.82,0.20979891246464152,0.10392739578242784,-0.010787228817816238,-0.2395077747357101,-0.027902944576235,-0.25656655248957144,0.060589842883010406,-0.10030139787637328,-0.12357890836565602,-0.20891696672341817,0.12055326607471155,-0.11834866625244332,0
28.84,0.22987675432207672,0.12437424049196756,0.009794158827392214,-0.21947574822765603,-0.007324747916132407,-0.23662080554391524,0.0811194993829877,-0.07980363831441399,-0.1031301878311622,-0.18874655515004501,0.14095793942612553,-0.09788793630612667,0
28.86,0.24985722185575338,0.14476840105939956,0.03037139773129693,-0.19935075319146153,0.013256551466084713,-0.2165748275320468,0.10161479418139464,-0.05927207443910449,-0.08263778200217148,-0.16849619174287855,0.16130290388025936,-0.07738574165209659,0
28.88,0.26973185146703715,0.1651012386480862,0.05093577150671414,-0.1791413144468117,0.03383223546341282,-0.19643710980230775,0.12206704560200966,-0.038715403290015764,-0.06211037133088813,-0.14817445442738703,0.18157954143948363,-0.05685076688923726,0
28.900000000000002,0.2894922243895577,0.18536414039742272,0.07147856921604251,-0.15885599258321048,0.054393588347484825,-0.1762161825634028,0.14246759020150923,-0.018142332542005417,-0.041556651097364034,-0.12778995136255106,0.20177926304902805,-0.036291710501875886,0
28.92,0.3091299702553476,0.20554852307118976,0.09199108906116087,-0.1385033803337664,0.07493190046048659,-0.15592061127106116,0.1628077864392439,0.0024384231833014173,-0.020985327726219208,-0.1073513172945095,0.22189351223523945,-0.015717281175170832,0
28.94,0.3286367706404674,0.2256458366933541,0.11246464206945449,-0.11809209893536181,0.09543847190451975,-0.13555899299976734,0.18307901833774679,0.023018146008977416,-0.0004051150986662393,-0.08686720989893276,0.24191376873005968,0.004863805893832018,0
28.96,0.34800436258865025,0.2456475681697873,0.13289055577440506,-0.09763079447675893,0.11590461622681958,-0.11513995280108485,0.20327269913240328,0.04358811849561242,0.020175269138645018,-0.06634630611367615,0.26183155208014625,0.025442832687911893,0
28.98,0.36722454211142735,0.26554524489436127,0.15326017788920288,-0.07712813423616484,0.1363216640992813,-0.0946721400501496,0.22338027490874654,0.06413962733398659,0.04074710726635652,-0.04579729846330219,0.28163842523914817,0.04601108206256263,0
29.0,0.38628916766329247,0.2853304383378764,0.17356487997178982,-0.056592803009838204,0.1566809669907323,-0.07416422478184626,0.24339322822584789,0.08466396703595488,0.0613016851851761,-0.025228891376968657,0.30132599814157823,0.06655984143851251,0
29.02,0.405190163590405,0.3049947676183535,0.19379606107981615,-0.03603349943325077,0.17697390083040213,-0.053624894018233046,0.2633030817242507,0.10515244362204708,0.08183029610712167,-0.004649797501295173,0.32088593125679393,0.0870804064923351,0
29.04,0.42391952355138585,0.3245299030511008,0.21394515141394826,-0.015458932296411508,0.1971918696610134,-0.033062848088778095,0.28310140171691545,0.1255963783041785,0.10232424424364704,0.015931265990258178,0.3403099391215662,0.10756408484352754,0
29.060000000000002,0.44246931390875266,0.3439275696771294,0.23400361594797423,0.005122183145124938,0.21732630927997826,-0.01248679694495877,0.30277980176168623,0.14598711116192592,0.12277484848913699,0.03650558108993682,0.3595897938497484,0.12800219973655821,0
29.080000000000002,0.4608316770895581,0.363179550768369,0.2539629580441901,0.02570112886198845,0.23736869086714385,0.008094543529229004,0.32232994621373084,0.16631600481082517,0.14317344609816118,0.05706443264857333,0.37871732861756285,0.14838609371628164,0
29.1,0.478998834913808,0.3822776913082219,0.27381472305252497,0.04626918774388447,0.25731052459754256,0.028672455209249492,0.34174355375647014,0.18657444806109819,0.1635113963549583,0.07759911206727597,0.39768444112300844,0.16870713229518133,0
29.12,0.49696309188924886,0.4012139014459722,0.29355050189187354,0.06681764729212057,0.2771433632376283,0.049238221422983446,0.3610124009094809,0.20675385956530867,0.1837800842335881,0.09810092098633545,0.41648309701794706,0.1889567076108873,0
29.14,0.5147168384711324,0.4199801599235983,0.31316193461212904,0.08733780331015116,0.2968588057234706,0.06978313064304782,0.3801283255119233,0.22684569145336617,0.20397092404720546,0.1185611749697908,0.43510533331139856,0.2091262420724012,0
29.16,0.5322525542855672,0.4385685174735266,0.33264071393540534,0.10782096359063383,0.3164485007193993,0.0902984801769398,0.39908323017997016,0.24684143295333894,0.22407536308489906,0.13897120718410447,0.4535432617426131,0.2292071919935234,0
29.18,0.5495628113150985,0.45697110018589043,0.3519785887749433,0.1282584515973788,0.335904150155563,0.11077557985344905,0.4178690857368138,0.2667326139965732,0.24408488523456548,0.15932237206937752,0.47178907212249405,0.24919105121189694,0
29.2,0.5666402770451752,0.4751801128438646,0.37116736773022885,0.14864161014068855,0.35521751274295293,0.13120575570375537,0.4364779346137676,0.2865108088055603,0.2639910145902802,0.1796060490015464,0.4898350356419375,0.26906935469216037,0
29.22,0.5834777175701525,0.4931878422256757,0.3901989225568079,0.168961805044474,0.3743804074643501,0.15158035363566325,0.45490189422104493,0.30616763946303527,0.2837853190426409,0.19981364594403456,0.5076735081457096,0.28883368211168986,0
29.240000000000002,0.6000680006575271,0.5109866603718676,0.40906519160936244,0.1892104288036471,0.393384717039759,0.17189074309943067,0.4731331602867768,0.32569477946081293,0.30345941385054875,0.2199366030872773,0.5252969333704582,0.3084756614273872,0
29.26,0.6164040987691153,0.5285690278164558,0.42775818325657217,0.209378904230205,0.41222239136483296,0.19212832074360472,0.49116401016284583,0.34508395722684365,0.32300496519294153,0.2399663964746022,0.5426978461455018,0.32798697242203445,0
29.28,0.6324790920378605,0.5459274967806067,0.4462699792663218,0.22945868808646183,0.43088545092084657,0.21228451405935328,0.5089868060961568,0.3643269596290019,0.3424136936989404,0.25989454161292946,0.5598688755550231,0.34735935022867453,0
29.3,0.6482861711990494,0.563054714327454,0.4645927381598075,0.2494412747039167,0.4493659901547697,0.23235078501171846,0.526593998463937,0.38341563545410673,0.3616773779549326,0.279712597066742,0.5768027480603524,0.3665845888315566,0
29.32,0.6638186404746748,0.579943425476773,0.4827186985331436,0.2693181995862075,0.4676561808280124,0.2523186336562807,0.5439781289717056,0.40234189886074023,0.38078785798712605,0.2994121680338236,0.5934922905809702,0.38565454454216197,0
29.34,0.679069920409723,0.5965864762781269,0.5006401823450377,0.2890810429946073,0.4857482753324142,0.2721796017396743,0.5611318338125688,0.4210977328043389,0.39973703871804983,0.3189849099012464,0.6099304335330106,0.4045611394488087,0
29.36,0.6940335506591955,0.6129768168412485,0.5183495981691664,0.30872143351457204,0.5036346099720845,0.29192527628246007,0.5780478467864633,0.4396751924331788,0.4185168933955803,0.33842253178009934,0.6261102138238569,0.4232963648384103,0
29.38,0.708703192724659,0.6291075043223173,0.5358394444098518,0.3282310516018251,0.5213076082096864,0.31154729314279606,0.594719002378102,0.4580664084537578,0.437119466993026,0.3577168000174417,0.6420247778016862,0.44185228458890907,0
29.400000000000002,0.7230726326392034,0.6449717058649153,0.5531023124796868,0.3476016331064566,0.5387597838758221,0.3310373405594486,0.6111382387922063,0.4762635904641748,0.45553687957882305,0.37685954168403957,0.6576673841586261,0.4602210385309701,0
29.42,0.7371357835996287,0.6605627014943641,0.5701308899377749,0.3668249727735712,0.5559837443401208,0.3503871626725913,0.6272986009448708,0.49425903025409795,0.4737613296544239,0.3958426480363626,0.6730314067863298,0.4783948457775022,0
29.44,0.7508866885447814,0.675873886964286,0.5869179635872241,0.38589292771897854,0.5729721936427095,0.3695885630209379,0.6431932434096599,0.5120451050699161,0.4917850974589631,0.41465807795139276,0.6881103375827476,0.4963660080195891,0
29.46,0.764319522678932,0.6908987765541033,0.6034564225306118,0.4047974208784669,0.5897179355847356,0.38863340801371493,0.658815433317314,0.5296142808436857,0.5096005482392985,0.43329786133279563,0.7028977892089228,0.5141269127874438,0
29.48,0.7774285959391173,0.7056310058163537,0.619739261182124,0.4235304444291929,0.6062138767766343,0.40751363037599186,0.6741585532077392,0.5469591153845142,0.5272001354840476,0.4517541024870023,0.7173874977946321,0.5316700366750027,0
29.5,0.7902083554054137,0.7200643342726301,0.6357595822350655,0.442084063181751,0.6224530296428369,0.42622123256593447,0.6892161038331162,0.5640722615310216,0.5445764041202387,0.47001898346776805,0.7315733255917111,0.5489879485267892,0
29.52,0.8026533876531157,0.7341926480570015,0.6515105995835265,0.4604504179414622,0.6384285153816697,0.4447482901625122,0.7039817069109499,0.5809464702635541,0.5617219936712323,0.48808476738781703,0.7454492635739649,0.5660733125857161,0
29.54,0.8147584210458321,0.7480099625058229,0.6669856411969284,0.4786217288374856,0.6541335668791678,0.4630869552222232,0.7184491078258604,0.5975745937748257,0.5786296413745726,0.5059438016961226,0.7590094339825628,0.5829188916004447,0
29.560000000000002,0.8265183279685262,0.7615104246927807,0.6821781519462476,0.4965902986183157,0.6695615315755814,0.48122945960344277,0.7326121782790073,0.6139495884976811,0.5952921852584503,0.5235885214194942,0.7722480928158149,0.5995175498910593,0
29.580000000000002,0.8379281269995279,0.7746883159081651,0.697081696380743,0.5143485159122952,0.6847058742833585,0.4991681182569555,0.7464649188839929,0.6300645180887056,0.6117025671754625,0.5410114523670422,0.7851596322622882,0.6158622563716837,0
29.6,0.848982985020633,0.787538054081283,0.7116899614539453,0.5318888584517373,0.6995601799554106,0.5168953324812934,0.7600014617081605,0.645912556366416,0.6278538357924078,0.5582052142962006,0.7977385830762508,0.6319460875288131,0
29.62,0.859678219264389,0.8000541961449825,0.7259967591978548,0.5492038962593166,0.7141181564024842,0.5344035931415004,0.7732160727582215,0.6614869902027877,0.643739149534816,0.5751625240389444,0.8099796168943938,0.647762230354054,0
29.64,0.8700092992976856,0.8122314403412976,0.7399960293440995,0.5662862947953541,0.7283736369584912,0.5516854838499482,0.7861031544091298,0.6767812223668928,0.659351779485006,0.5918761985869017,0.8218775484929108,0.6633039852300928,0
29.66,0.8799718489408059,0.824064628467243,0.7536818418910459,0.5831288180646872,0.7423205830926685,0.5687336841078797,0.7986572477752097,0.6917887743194455,0.6746851122324051,0.6083391581340297,0.8334273379839079,0.6785647687685952,0
29.68,0.8895616481211599,0.8355487480597965,0.7670483996156914,0.5997243316817826,0.7559530869674672,0.5855409724063109,0.8108730350224994,0.7065032889570647,0.6897326526749525,0.6245444290755617,0.84462409295028,0.6935381165988975,0
29.7,0.8987746346608766,0.846678934519149,0.7800900405293439,0.6160658058928336,0.7692653739410714,0.602100229285034,0.8227453416213526,0.720918533305118,0.7044880267703815,0.6404851469619977,0.8554630705181031,0.7082176861062631,0
29.72,0.9076069059975196,0.8574504731693109,0.7928012402760014,0.6321463185534907,0.7822518050134963,0.6184044403483611,0.8342691385383314,0.7350284011579543,0.718944984236222,0.656154559406841,0.8659396793656821,0.722597259118579,0
29.740000000000002,0.9160547208371813,0.8678588012552185,0.8051766144724324,0.6479590580610716,0.794906879215239,0.6344466992363882,0.8454395443664822,0.7488269156654546,0.7330974011973819,0.6715460289468494,0.8760494816684117,0.7366707445403385,0
29.76,0.9241145007392726,0.8778995098754993,0.8172109209889671,0.6634973262398847,0.8072252359374503,0.6502202105504751,0.8562518273930632,0.7623082318648016,0.7469392827801813,0.6866530358536339,0.8857881949786005,0.7504321809327809,0
29.78,0.9317828316323375,0.8875683458500393,0.8288990621700302,0.6787545411785502,0.819201657202658,0.6657182927317435,0.8667014076038688,0.7754666391563544,0.7604647656517448,0.7014691808953778,0.895151694039502,0.7638757390391285,0
29.8,0.9390564652602168,0.896861213521614,0.8402360869934751,0.693724240018045,0.8308310698750623,0.6809343808913324,0.8767838586232903,0.788296563722627,0.7736681205036704,0.7159881880475006,0.9041360125327359,0.7769957242538182,0
29.82,0.9459323205580009,0.9057741764907788,0.8512171931678056,0.7084000816893443,0.8421085478094921,0.6958620295912534,0.8864949095893114,0.8007925708893177,0.7865437544789254,0.7302039071511468,0.9127373447583993,0.7897865790346952,0
29.84,0.9524074849571428,0.9143034592833027,0.8618377291663964,0.7227758495994325,0.8530293139380851,0.7104949155746326,0.8958304469626042,0.8129493674274153,0.7990862135409526,0.7441103165183534,0.9209520472471332,0.8022428852571576,0
29.86,0.9584792156192052,0.9224454489494317,0.8720931961978493,0.7368454542646423,0.8635887422938214,0.7248268404441961,0.9047865162690082,0.8247618037953643,0.8112901847839576,0.7577015254827986,0.9287766403034788,0.8143593665092478,0
29.88,0.9641449405977127,0.9301966965943174,0.8819792501116568,0.7506029358900967,0.8737823599700574,0.7388517332878878,0.9133593237746175,0.8362248763203824,0.8231504986834259,0.7709717768950503,0.9362078094798486,0.8261308903266902,0
29.900000000000002,0.9694022599276064,0.9375539188389411,0.891491703238349,0.7640424668942498,0.8836058490152207,0.752563653250448,0.9215452380927821,0.8473337293179879,0.8346621312859016,0.7839154495612527,0.9432424069805099,0.8375524703669786,0
29.92,0.974248946641859,0.9445139992109377,0.900626526163365,0.777158354377418,0.8930550482618637,0.765956792049938,0.9293407917223372,0.8580836571488254,0.8458202063370986,0.7965270606242331,0.949877452994966,0.8486192685215673,0
29.94,0.9786829477147995,0.9510739894647076,0.9093798494338962,0.789945042533251,0.9021259550893092,0.7790254764380857,0.9367426825164233,0.8684701062119563,0.8566199973474564,0.8088012678860089,0.9561101369601872,0.8593265969652476,0
29.96,0.9827023849317655,0.9572311108302777,0.9177479651979553,0.8023971150021318,0.9108147271191356,0.7917641706034374,0.943747775081244,0.878488676873735,0.8670569295942443,0.8207328720707,0.9619378187511471,0.8696699201418917,0
29.98,0.9863055556847016,0.9629827551903728,0.9257273287749934,0.8145092971655209,0.9191176838427866,0.804167478516293,0.9503531021042078,0.8881351253314579,0.8771265820593913,0.8323168190269127,0.9673580297991627,0.8796448566856822,0
