timestamp,channel_00,channel_01,channel_02,channel_03,channel_04,channel_05,channel_06,channel_07,channel_08,channel_09,channel_10,channel_11
0.0,0.7857645289358678,0.8973032064085251,-0.3480957760399864,-0.9897910119033052,0.3362821439624603,-0.39031678620623295,0.8833796725462072,0.7360874433203545,0.9987091057903056,-0.7919770057344248,0.18307139447200652,0.6221921791092432
0.05,0.8189264665727255,0.8853746414789329,-0.26327146656163236,-0.9965053619520587,0.40632711442993397,-0.42059260872434767,0.836218624192852,0.7722415999960255,0.9962398558173235,-0.7662335169552933,0.13868030992243996,0.5722491806486149
0.1,0.853843153437846,0.8785154164619968,-0.2088925180196689,-0.9998539324744417,0.4815959459047706,-0.4522997544565185,0.8242655409125283,0.8156061636393858,0.9903738750108955,-0.7215508924025736,0.08810408754610062,0.5397102977153376
0.15000000000000002,0.89433107101527,0.860086865029015,-0.12519936212168795,-0.9987676542596243,0.5072080824110548,-0.4636517055000387,0.8091957329082481,0.8432826229526218,0.983719246025792,-0.6487628671268079,0.08169245625007186,0.49094458484609627
0.2,0.9048317524046751,0.846291143680798,-0.042105444386900684,-0.9932530918555175,0.5783944982707896,-0.4980800557988221,0.7921041700338765,0.8712318935656812,0.9688226500934057,-0.6017635869883807,0.08665001371412841,0.4884493219283071
0.25,0.9226552871180482,0.8205804889475893,0.04258431957973643,-0.9826478448656698,0.6238931048153022,-0.5171885794093755,0.7592935988243877,0.8983997092836635,0.9527680690376996,-0.5608719189693802,0.07015264064843184,0.47020444114577736
0.30000000000000004,0.9364693874309303,0.7935873775538484,0.11298911487059843,-0.9711525186766057,0.684607875807905,-0.5411329655533244,0.7242806926753037,0.9246093234800273,0.9413552016856054,-0.5052777851959779,0.0874814587588883,0.47574330724955594
0.35000000000000003,0.9481934938974301,0.7889401114593313,0.20582940899796384,-0.963036841342287,0.7267679525717449,-0.5808647112273199,0.7065626454095477,0.953591798467031,0.9335116385122695,-0.44865504139649254,0.08754615250899954,0.4572222369138107
0.4,0.9728401208046077,0.7954988256996309,0.29923377907219045,-0.944894904329524,0.7633202554529526,-0.5630174739125555,0.6811430578984271,0.9680747108307072,0.9137739414583378,-0.3831429419942483,0.025087775392852014,0.4371849543653705
0.45,0.981795197112289,0.7720098039090074,0.38642614065089287,-0.9118066472743575,0.8192407579138563,-0.5803071242921971,0.628769939792109,0.9765698062494101,0.9015373524211875,-0.3362013250735742,0.014112123019107307,0.4433651455960749
0.5,0.9942957959631376,0.7545849512666712,0.43375852969408535,-0.8979891373243287,0.861688573334226,-0.6057858331653682,0.5640239372981812,0.9970087765700204,0.8762352695532385,-0.2883849947413569,0.047850478695424144,0.4126141186427844
0.55,0.9982973683477956,0.7390766954954451,0.4999917562299858,-0.873470348050638,0.9073935745429105,-0.6158611068969686,0.5424654067611568,0.9992820001196947,0.8744642197454829,-0.2270349519795123,0.029564688396515087,0.3464085123967097
0.6000000000000001,0.9999046069001328,0.6985702211838508,0.5666262605985992,-0.8597162656354047,0.9261651488203644,-0.6073935866499622,0.47123425826295723,0.9999733565857457,0.8397319134671855,-0.17344156875925848,-0.012544909676338352,0.3132076519744547
0.65,0.9968777497031749,0.6746838817775503,0.6272744259264635,-0.8237018053958715,0.9474167664378147,-0.5876821847598076,0.4741915357617117,0.9969201555433342,0.7899674946752521,-0.09263494960176467,-0.028178968852974676,0.28162491387067845
0.7000000000000001,0.983692293802729,0.6452591955345679,0.6899713739108775,-0.7729684490990595,0.970917788676214,-0.6213408494177776,0.4442368670328004,0.9934429869694598,0.7835429752557732,0.028483063035776676,-0.08863051413551708,0.2619516743571253
0.75,0.9717335699518821,0.5906296798849419,0.736904721598291,-0.7491771303519341,0.9883432593765574,-0.6155492617332861,0.41877982004645176,0.984260838875493,0.7490040524188736,0.14635388064226823,-0.10646961040678214,0.22273782447772672
0.8,0.9677631137996395,0.5657026560305413,0.7856060920424939,-0.7302841460531228,0.9948204340827823,-0.6093950142451812,0.3716725635241381,0.9776109314238342,0.7178155591522005,0.219072414543246,-0.11309234273815422,0.1750786596486141
0.8500000000000001,0.9438025987527814,0.5108214953817913,0.8396976471454551,-0.7017636803103983,0.999415974475113,-0.61376223278737,0.3420453045015291,0.968175308245934,0.6844021091248478,0.309181714860685,-0.18973031487376316,0.10639559681264248
0.9,0.9272668762110298,0.49000342368290833,0.8711667344051266,-0.6707372625151939,0.99887819965784,-0.6361847892307664,0.3328534063823691,0.9535737329761143,0.6905982566107927,0.3889504371163158,-0.1768106732503864,0.09813214854644509
0.9500000000000001,0.9091559726771394,0.4651986980812241,0.8966308456654637,-0.6543343108137447,0.9850337079489613,-0.6085700478054868,0.33261160258536066,0.9128799410502811,0.5998197393278881,0.4457919146926379,-0.1803757504673091,0.06882342564226987
1.0,0.8566154143362905,0.4589188047903778,0.9343895165875029,-0.5950206605930938,0.9675003366885147,-0.5973679365349487,0.30768854146375074,0.8989465881986226,0.5692521907988383,0.5219278343196357,-0.19868486645742425,0.06183054028130937
1.05,0.8137465837489353,0.4067400661486565,0.9666875460685285,-0.5393690269615924,0.9467760531757005,-0.5923350896549792,0.2970425233346055,0.8630422540188363,0.5352318431603106,0.6426454880969582,-0.2483759607849103,0.03153519244259709
1.1,0.7859814556577498,0.40336469041291256,0.9919797473050777,-0.4820868738864054,0.9168971576417791,-0.5502070569802434,0.24571133820619923,0.8205313656277623,0.522001383927336,0.707543087215561,-0.2642401564888121,0.010139596700779381
1.1500000000000001,0.7486693811028604,0.37560826646738565,0.9995216715464411,-0.4234310682088796,0.8691730938799752,-0.48801900759500894,0.22384051946145472,0.7781538882753499,0.47722783496819543,0.7703766938134367,-0.2299972061218018,-0.017399714718563816
1.2000000000000002,0.6726566942175598,0.38095417431051054,0.9956471326981375,-0.3722642361193945,0.8346045551683609,-0.45720103129064443,0.20443114079671887,0.7131681302094757,0.42565927405733844,0.8565250099272242,-0.26742651611251267,-0.04659978981768581
1.25,0.5907210854021124,0.33760246984987796,0.976706962067927,-0.31852368793415037,0.794278057492437,-0.4340580827238074,0.1514533886824576,0.6891385834659101,0.36865314149101247,0.9053659440414955,-0.30300016429485144,-0.0831576020678252
1.3,0.5029359395179166,0.2862051515784152,0.9616483701257883,-0.2578649631518469,0.7702566668237824,-0.4159926274104385,0.08547061960220474,0.6283224049758259,0.34572808388497267,0.938054134874189,-0.31085768038315503,-0.07073475907225292
1.35,0.4690303315708886,0.24507829480984103,0.917977476334057,-0.17801731268119347,0.7629445514666976,-0.41773651270468926,0.05700612132930967,0.5697116933122097,0.2663583103068958,0.9570450786540385,-0.3043854991623107,-0.10557178032642074
1.4000000000000001,0.4546447988471823,0.17529318791059859,0.8703431183023074,-0.08813786582430251,0.7251262930019688,-0.43161541922367136,0.00331577316829896,0.5135437282871379,0.221860678206774,0.9847130997601402,-0.292742623135508,-0.12165687859031106
1.4500000000000002,0.4061739999930641,0.13404936198428108,0.8048182190786726,-0.041476960192521554,0.6770185323402577,-0.46020066531382287,-0.003692774969135835,0.4796815677945891,0.17827451360681973,0.9991643043797085,-0.30354243206459147,-0.1747815917337678
1.5,0.33299246451112735,0.08093598574345763,0.7372497388119672,0.090061617388826,0.6277863596338566,-0.4102778304101483,-0.07154457725253956,0.43605114404073686,0.13656917916986655,0.9944948146054858,-0.27686684685812096,-0.16317572164540162
1.55,0.3194527203205968,0.07029916509114364,0.665727210189989,0.1830712852834926,0.5669118271601563,-0.3754819231765471,-0.03853770715761758,0.3801784086192749,0.11000275466367096,0.9738424068388926,-0.3073725145043577,-0.18747026419426785
1.6,0.24821939121145553,0.03340203128676222,0.5887624871209782,0.24994166497331022,0.5149214631257304,-0.37989179029043185,-0.0870622513930423,0.3356005630068282,0.05895540524804759,0.9447426647203945,-0.31686330634771664,-0.22775711451358202
1.6500000000000001,0.2446322891165052,0.033879410526542815,0.5511480032933425,0.27843258026676404,0.4724227869931701,-0.39887436505375096,-0.10768883168900699,0.27580407492251513,-0.0061560042956107855,0.8881444374431771,-0.329259073201785,-0.2803300038635919
1.7000000000000002,0.18734522977967094,0.01995987002789986,0.4931636339009653,0.32658171104529155,0.43377966539538,-0.39305319352166035,-0.15637411264616852,0.17909949844364362,-0.007556852167660094,0.8286979503720127,-0.31994615117798586,-0.3100143792690424
1.75,0.13628759806921054,0.029045190344037193,0.3996852267789574,0.39524749483948635,0.3860616799995617,-0.37294745156638803,-0.16789224712925876,0.11721029905975407,-0.04148967699588807,0.7609109975227322,-0.3463759155716267,-0.3593071239261814
1.8,0.09106417793220539,0.025668252488249048,0.3027205612970191,0.47039088512925026,0.29882200042926127,-0.389695288835542,-0.19393134426389627,0.05862232366539419,-0.1288255657626052,0.6533966197101948,-0.3659804213995351,-0.3796352977925
1.85,0.00951032888020008,0.0026223454654665853,0.22379250503724785,0.5508998398543675,0.2311067570371981,-0.38012220057062995,-0.18584150409738087,0.06073702560209654,-0.136868405787521,0.5874222405498214,-0.37869996651052934,-0.44161481204705066
1.9000000000000001,-0.0688766002957633,-0.01818392593660302,0.1466592591337046,0.6227735795257544,0.1797372721263341,-0.3965087528995855,-0.2346099169409049,0.016829251090102304,-0.20028812114710592,0.534232055057583,-0.3991033978559755,-0.5131931654203009
1.9500000000000002,-0.12261061934740389,-0.1009704155333989,0.07727029397650835,0.7093932529854784,0.1224294783758764,-0.4066566142718458,-0.24895144294181806,-0.04675681778066648,-0.21514609317666641,0.43942322281566654,-0.44531476828580446,-0.5330063848875947
2.0,-0.1626505080137139,-0.15586504618130753,0.01936558757067448,0.7950031666053823,0.10976213050782913,-0.41501109877279696,-0.23604412676149467,-0.06070560926596634,-0.2855968188692458,0.3376736597167853,-0.4498118572153701,-0.5139139144058578
2.0500000000000003,-0.13502921782410734,-0.18324408821027516,-0.10403319183035907,0.8644405034244685,0.06425452463327085,-0.4420470623964681,-0.2363080490243435,-0.10531111893242864,-0.3208574947138049,0.26112765490171436,-0.4884725195674767,-0.5365816767910648
2.1,-0.2020141145887232,-0.20735642032702367,-0.18131839197586416,0.9336720743777632,0.029694478603267814,-0.4385511276605976,-0.30876521348052216,-0.15142385250484727,-0.3855408208825544,0.19479156813730336,-0.5393043410815677,-0.5545653871008088
2.15,-0.25614723746496126,-0.28721078129174044,-0.22409624012445803,0.9654483789596793,-0.01883834840679773,-0.46806979878840715,-0.3087578747763073,-0.2172326386710133,-0.4023258621142273,0.089611095509627,-0.5064327677006256,-0.5543955135759948
2.2,-0.2611917390742468,-0.3049635758269018,-0.28039385990988785,0.9904641821109894,-0.07129563391491892,-0.48364246514177966,-0.353169632419322,-0.23974088535877414,-0.44810418141882097,0.0009044404309456873,-0.5375052132642317,-0.583785917787873
2.25,-0.31614620870401655,-0.39075002735527936,-0.32601072531718994,0.9999282639614182,-0.10989204705316695,-0.481163478772806,-0.3623433821218907,-0.26606774275762113,-0.47448373641653785,-0.07548164640882998,-0.5607174205450466,-0.5857309912807405
2.3000000000000003,-0.3821592852568403,-0.43995824977669634,-0.3680619498516918,0.9940432346004833,-0.18022028166299908,-0.5077543282978899,-0.36863554749249267,-0.3123577985126743,-0.5077885665555881,-0.11753669884444234,-0.5865065784119526,-0.5754982102875451
2.35,-0.4533400661416118,-0.4975455027837629,-0.40658084424441754,0.9667755679929481,-0.17461765484944283,-0.5054698295966404,-0.4038752454739086,-0.3334289741660942,-0.5495895144057776,-0.2301300992536373,-0.5844980231224711,-0.5809953357088946
2.4000000000000004,-0.49467558060051187,-0.558251006342475,-0.4219705804630801,0.9180813180422011,-0.2757729652787028,-0.4951492729129532,-0.415929789556527,-0.3705480154809564,-0.563664282776745,-0.30529312038121076,-0.6132466340055998,-0.5690947642674069
2.45,-0.5398522455748538,-0.5693179132149068,-0.49390486490433216,0.8595616436996377,-0.3106919008480757,-0.535393072037585,-0.47524883778781046,-0.42658395763998824,-0.554718900796772,-0.36882585331771484,-0.6161386031453628,-0.6013820013572814
2.5,-0.5425929321844047,-0.602876021332642,-0.5157949184851741,0.7965442403154057,-0.37726144659829325,-0.5678731038461851,-0.5011105464375791,-0.5013803155311205,-0.575294908856415,-0.41720632332351426,-0.6467200487866827,-0.6160496107926816
2.5500000000000003,-0.5870626641158198,-0.6160990021530427,-0.5467356186463801,0.6763337406728284,-0.3996564763909224,-0.5451010568743003,-0.5737303427799769,-0.5915819742779638,-0.5972404242692985,-0.4192764678743862,-0.6654703366771176,-0.6383396681511648
2.6,-0.6156366222626882,-0.6191924650289584,-0.5970412785319351,0.5538712823998131,-0.41273804024440075,-0.591420473954507,-0.6470439053119407,-0.6247656321166956,-0.6207355860658503,-0.4645830268231343,-0.7011694386694092,-0.6330431175907197
2.6500000000000004,-0.650596293438622,-0.6390137247669628,-0.6676515641450621,0.4365194281245377,-0.49825642736235654,-0.5993742838614513,-0.6852511821704347,-0.6596154367798561,-0.6343177883142277,-0.5149960408074522,-0.7447220520581656,-0.6580700718947983
2.7,-0.6501005124694629,-0.6672264406153995,-0.6814741456596866,0.3179688479823221,-0.5395554107096566,-0.5984180722765075,-0.6824434200950059,-0.6964168331248315,-0.656696782738272,-0.5053582807790906,-0.7779122405357471,-0.6944577026680352
2.75,-0.6700566084691661,-0.6701583067040906,-0.7262546422060674,0.18161051815407575,-0.6272785362981649,-0.6414225197018169,-0.7176095452240732,-0.7188734755044529,-0.7026725589719668,-0.5664756888225244,-0.8145860470009159,-0.7140240252192248
2.8000000000000003,-0.696547841306083,-0.69197952310937,-0.7669244285018972,0.01737770642528011,-0.6519526858363301,-0.6669713403090787,-0.7501767898063175,-0.7407589792648462,-0.7476522098885942,-0.5656293472468658,-0.8192498528226301,-0.730377585317018
2.85,-0.6890702094055232,-0.7054186471337132,-0.7774276259095206,-0.09753574443507709,-0.7050324199529694,-0.6955258247251782,-0.759117675693758,-0.7654641397946411,-0.7894644244058638,-0.5941678155691765,-0.8243425345067806,-0.7692613736152005
2.9000000000000004,-0.7222046824195122,-0.7472483557653701,-0.8025869328677551,-0.22791800857789538,-0.7157600859209124,-0.7269470613096943,-0.7823143566472044,-0.7709418792378134,-0.787842797887954,-0.6542044415354363,-0.8385461525241188,-0.7801350810932869
2.95,-0.7554147486078103,-0.7924479760876892,-0.7930935249176968,-0.295809633917725,-0.7299403895243747,-0.7802079115658286,-0.8119394382833354,-0.8084557237162825,-0.7952209288617756,-0.6753392733244514,-0.8631487278851229,-0.8083298402439858
3.0,-0.7962649877365713,-0.8134602283252207,-0.8247947398995539,-0.39846235361632437,-0.7729576329193516,-0.8169072489438486,-0.8124805013880204,-0.7989650179543399,-0.8349363029907365,-0.7371581555702769,-0.8680351038005414,-0.8072284615894016
3.0500000000000003,-0.8263680202708704,-0.8490387000393576,-0.8727497211391866,-0.49944115046935494,-0.7943548104788031,-0.8265099759393887,-0.838395746990958,-0.8216046102146684,-0.8435229127377092,-0.8037706973820176,-0.9062867334270563,-0.8505228624026879
3.1,-0.8412474717481844,-0.8800801267599161,-0.900034349493421,-0.5888961257968405,-0.8390615907162129,-0.8584764833535274,-0.8723351519490373,-0.8565112069812528,-0.8713454200055444,-0.8065118074800416,-0.9218605840708788,-0.8677012182472267
3.1500000000000004,-0.8522396116724507,-0.9159148297024061,-0.9340572194168152,-0.6850183639405066,-0.8654130086543045,-0.8952746646932135,-0.8940148853680149,-0.8823601493070266,-0.8801558458563222,-0.8426903926916992,-0.9363926527016974,-0.875993469095253
3.2,-0.8796634511323694,-0.9294580393455694,-0.9608743641379355,-0.7588753469631464,-0.8870270824257173,-0.9152801989862889,-0.9144994156077588,-0.9016030548390486,-0.8905126051947362,-0.868327545808411,-0.9434917761099803,-0.8864498803865546
3.25,-0.9100652106395559,-0.946154097608784,-0.9584340567594101,-0.8061019685322143,-0.917074523212053,-0.9403651510465678,-0.9414298578052543,-0.9217823078025809,-0.9040905807697978,-0.8809761436420904,-0.9590861734656343,-0.914819397369544
3.3000000000000003,-0.9423037961591757,-0.9655013835110006,-0.9687253804529334,-0.8322161523562605,-0.9305036463317269,-0.9546667921033166,-0.9540899869945555,-0.934422895434704,-0.928189642816108,-0.9005467132874251,-0.9662439004127878,-0.9382043091296849
3.35,-0.9549492466108719,-0.9758173080939797,-0.9798563787130146,-0.8581022267097491,-0.9418773437444505,-0.97444923068587,-0.9589397384153394,-0.9333370003330889,-0.9304919173280553,-0.9238409797646014,-0.9768831314131249,-0.9544012366523178
3.4000000000000004,-0.9756739164386873,-0.9687437078681947,-0.988860427134794,-0.9113589317203018,-0.9473966935516304,-0.9800734060961945,-0.9667683043221924,-0.9442288798872099,-0.9469405658714143,-0.9545317343416363,-0.9920968125931704,-0.9665079471027654
3.45,-0.9920017343414256,-0.9789831595804535,-0.9979490808408109,-0.9369519297609377,-0.9626232570526706,-0.9883916077547694,-0.9916665384819667,-0.9667716489875052,-0.9585944578971246,-0.9740878808185558,-0.9954750454527996,-0.9760672228792955
3.5,-0.9982048409853999,-0.9875097171863805,-0.9998454042836403,-0.9590151938260263,-0.9767080360862549,-0.9948206700061463,-0.9910164284781519,-0.9825154796732745,-0.9677782418329733,-0.9770193973089096,-0.9985678367935155,-0.986893160276674
3.5500000000000003,-0.9993732539348669,-0.9958462038955972,-0.999931688355109,-0.9735634136274042,-0.9833975297977408,-0.9979915257097826,-0.9969098730710404,-0.9871608690573046,-0.9844650889714847,-0.9871354555588047,-0.9983587154365954,-0.9876807678910065
3.6,-0.9999728976233219,-0.9985720236057873,-0.9996015744252832,-0.9862367679555623,-0.9918036865393699,-0.9999999652362132,-0.9982162298769405,-0.9906766481803028,-0.9890720997790488,-0.9947588961803291,-0.9997715206217447,-0.9938672008819734
3.6500000000000004,-0.9999310400964524,-0.9986518994181451,-0.9987226778013434,-0.9931888082428543,-0.9959156462509362,-0.9992601931549298,-0.9998359078993522,-0.9984814400931458,-0.9942552783806674,-0.9972458506024453,-0.9969836079919662,-0.9957628352835733
3.7,-0.9989126996112467,-0.9999978019584582,-0.9958552472090952,-0.9998811498453751,-0.9982892116600788,-0.9919232525708308,-0.9996921247769913,-0.9993317851694964,-0.9988185446393866,-0.9987049900162979,-0.9949105872206883,-0.9997211530069453
3.75,-0.9941328975260031,-0.9995594379902675,-0.9870724216975878,-0.9975435013278442,-0.9996430353135125,-0.9849302471867533,-0.9941497403950426,-0.9995527042926063,-0.9999998776224508,-0.9998074770977189,-0.9889711728405624,-0.9998223148206986
3.8000000000000003,-0.988584542011864,-0.9920437668773913,-0.9800079680497782,-0.9910579169782231,-0.9977527182335522,-0.9780723792764366,-0.9880578467349762,-0.9992155129407554,-0.9963704150623095,-0.9970593641227155,-0.9797266912111084,-0.9958231579917806
3.85,-0.9853495377449667,-0.9855740239498458,-0.9638757876276024,-0.9783061031780832,-0.992732192419705,-0.9641411528535415,-0.9770127328494098,-0.9919229454494916,-0.9892620563877863,-0.9928638504474775,-0.9673397268787779,-0.997193136523106
3.9000000000000004,-0.9729921571276936,-0.9921241464750592,-0.9636390326273926,-0.9635641670992053,-0.9837368246769049,-0.9623136768895454,-0.9703875488129416,-0.9769004783955348,-0.9824288017524,-0.9740902865873621,-0.95472959180471,-0.9889756709379183
3.95,-0.9480856201370579,-0.9830345945655388,-0.9571665895316079,-0.9501524437588825,-0.9745294919307284,-0.960806468409485,-0.9593698058360005,-0.969809666572705,-0.9652627811397445,-0.9623921333603827,-0.9425354893553581,-0.9787443000055279
4.0,-0.9304638984668369,-0.9678391885990687,-0.9494165100835512,-0.9427091523177729,-0.955214006626564,-0.9510018262389407,-0.955464287574242,-0.9527649408669217,-0.9471792752616164,-0.9602296765088499,-0.923802118821627,-0.9598224928444264
4.05,-0.9090289619354763,-0.9485544155283151,-0.9437403981973517,-0.9211318857463558,-0.9438642593624021,-0.9403022748877581,-0.931041563485841,-0.9229596726566256,-0.9129773113884618,-0.9338430949199876,-0.9064257473040284,-0.939521427953428
4.1000000000000005,-0.8800312472941567,-0.9299887245916689,-0.9221459416766875,-0.890750235912219,-0.9281778474400442,-0.9298774622562955,-0.9155416124127597,-0.8970360665216933,-0.8934322237006551,-0.912309166524235,-0.8774222865542286,-0.9226281215539527
4.15,-0.8480678262223174,-0.9060141330630709,-0.9120410834610865,-0.8486340839809056,-0.9147933437734859,-0.9266474611548009,-0.9048012018839967,-0.8878412068425036,-0.8710439403737391,-0.8949805529272545,-0.8585502316534248,-0.8925124181621517
4.2,-0.8198388257968147,-0.8802699531074963,-0.8819323245081248,-0.8149499068122957,-0.9167169630563218,-0.9090391363043282,-0.9050911630072358,-0.8641731561357161,-0.8476500127972091,-0.8596568041565675,-0.8167421204910547,-0.8645178060277697
4.25,-0.8023415928448708,-0.8498807698753419,-0.8609268545470589,-0.7886110191022081,-0.8828698971559412,-0.8916587729141581,-0.8687850846830115,-0.8296143018536656,-0.8356125642920562,-0.8221244443313006,-0.7796357706741026,-0.8355011794349014
4.3,-0.7866995604691512,-0.8356758761538654,-0.8378670271305,-0.7511958797048114,-0.8699013667506151,-0.8597309994545135,-0.8560356736715219,-0.8054729241738149,-0.8058928595184204,-0.7581242114175932,-0.7739710785685582,-0.7831789004626787
4.3500000000000005,-0.7543799249498297,-0.801082896808947,-0.8033288115723825,-0.7136894090514811,-0.8446859257954457,-0.8104627078245216,-0.8307801711825222,-0.7582124703746577,-0.7860683924984369,-0.7339102858171401,-0.7608537246469023,-0.7446905701295208
4.4,-0.6971060289671251,-0.7718616642789908,-0.7713610701525548,-0.7024359118224378,-0.8182913761651108,-0.8045745720801651,-0.8100666262546659,-0.7239901695274235,-0.7315175501260657,-0.6550796933262979,-0.7371051459379052,-0.68640057263564
4.45,-0.6600468643047692,-0.7416612299707718,-0.7264054598680806,-0.6665732577532161,-0.7843804464743939,-0.7776524762697791,-0.7945894777214799,-0.7190678574215957,-0.6861782506415843,-0.6343139093087078,-0.7112547524021032,-0.6529847206690267
4.5,-0.6110024041389952,-0.7042072104542164,-0.6995929458737972,-0.6066601667523086,-0.7239798221509728,-0.7341202259140117,-0.738850730974919,-0.6609511914545507,-0.6303904938777575,-0.5940383092047765,-0.66188422314505,-0.6082736977767247
4.55,-0.5977439654106884,-0.6539030018717649,-0.6824802410095878,-0.5856186437878433,-0.6644381007122737,-0.6809605160326802,-0.6694535027617713,-0.6294394494373152,-0.6175392269356155,-0.5685558064199076,-0.6192807521445189,-0.5698174265974623
4.6000000000000005,-0.5354906250526347,-0.62309635251701,-0.6305707526155467,-0.5663433628794597,-0.6199364421368582,-0.6421899447410522,-0.6414671739464692,-0.5955493776228742,-0.5824658240460567,-0.5417042264630012,-0.5407100925357416,-0.5337499265144798
4.65,-0.5023987670289405,-0.6248617051321714,-0.6022748425734681,-0.5291445895867908,-0.59693676065584,-0.5738687582150847,-0.5998547741620174,-0.5279074402486653,-0.5405006263721521,-0.5060624248804533,-0.5018789788588162,-0.49378038016158676
4.7,-0.4240038382761297,-0.627208208591213,-0.5948598563746423,-0.4968575393199792,-0.5575985674233211,-0.5196050046734761,-0.5438260548672097,-0.4966338367342641,-0.47665542519471354,-0.44710588396001505,-0.4559063068438894,-0.4312919303579946
4.75,-0.3794555657384694,-0.5904858742336453,-0.5279528784351591,-0.4481116720685437,-0.5169954740628717,-0.4469426163884382,-0.5492529511648263,-0.486128931877912,-0.4618693367222266,-0.4194603828372609,-0.41876606974122726,-0.4251037292276931
4.800000000000001,-0.3644088924417793,-0.5593458120847361,-0.4218594944919541,-0.3604199291871607,-0.48508422514027943,-0.4174572142934583,-0.5234697370653412,-0.4839868558783849,-0.4208859754459282,-0.4052483705299081,-0.3772333596415225,-0.4181353212805331
4.8500000000000005,-0.3417521801878499,-0.5055670275437886,-0.36633170017969985,-0.30781606437311737,-0.4723225435172969,-0.35853301898834605,-0.4887337003555677,-0.4217926828603019,-0.37702987726798276,-0.39734085171772965,-0.34080466563095635,-0.3628094923007223
4.9,-0.2840873996134493,-0.45777372695973545,-0.2830421255000849,-0.24093902414911658,-0.4328865732226079,-0.30237481425412965,-0.3907725294759414,-0.3286277659713722,-0.36105818622597363,-0.3755986892680801,-0.26002615192367295,-0.3412075488878634
4.95,-0.2721859449608213,-0.4158802038990519,-0.22732552716070983,-0.20096448372860093,-0.4000956329870692,-0.2793393899551379,-0.3552902509477035,-0.30429934932641783,-0.2571597719370501,-0.3213084048799307,-0.19437066048243978,-0.3022812840290425
5.0,-0.2294022400808925,-0.3783653982081545,-0.2470228588246663,-0.19150775706287693,-0.3926610038879109,-0.29187503708290513,-0.329937749161826,-0.2244399786650761,-0.21352613562144912,-0.24303892413497077,-0.14168062561906977,-0.2315255098380829
5.050000000000001,-0.20449299851488092,-0.3114224994841221,-0.17879046380553765,-0.15970425729001464,-0.3272634089320512,-0.23183758196657897,-0.2880622474523227,-0.2078622454773789,-0.19833039871339478,-0.197225162193104,-0.09238925396678331,-0.20191096021196578
5.1000000000000005,-0.1547214253763506,-0.2443350284306522,-0.11494145142481069,-0.07359106991840021,-0.24534419500275303,-0.21109442868703804,-0.1911012645748498,-0.173978164264076,-0.12518130158472965,-0.15167501803288128,-0.0618362919666997,-0.19566577417574266
5.15,-0.10895833169932141,-0.2295490450156242,-0.042764385088804216,0.009121904931971637,-0.21543184510762559,-0.1547656313446894,-0.15633568932860364,-0.14019224127069213,-0.05991639882892099,-0.10749729431005196,0.025057164996310912,-0.15189869054041033
5.2,-0.033214767530313584,-0.1705706622918869,0.02325441491400399,0.039682202439939945,-0.1649245188736566,-0.1089118728608991,-0.12254452062148187,-0.0724150182396801,0.0010835574205608257,-0.04665637035868604,0.10322879082599314,-0.05904075134975632
5.25,0.0068416789577728935,-0.10409085904361179,0.05323765350513922,0.08489826269020607,-0.12674184924915388,-0.018053993662864525,-0.056074559072116864,-0.027060630209468705,0.07558488571464035,-0.054765283636672046,0.09111058859693075,0.014725851586229206
5.300000000000001,0.05835342205956193,-0.04228273437232805,0.06724066614387551,0.12885222453185213,-0.02265402997465324,0.04861996278262824,0.0037413594430382264,0.012890799950548926,0.10747568211308142,-0.05644411955351893,0.1411329710213464,0.08689273811622956
5.3500000000000005,0.06878364958455821,-0.0043305539561992925,0.08897329434490873,0.14983826269056974,0.02757940855194795,0.040904732728816263,0.07361827405345596,0.08353799261996106,0.14453816321320206,-0.06179570213081547,0.15985698184959138,0.16593350423905134
5.4,0.051536086966512004,0.04105251989208537,0.1112931180332761,0.21539989907217216,0.05793428381099976,0.09937882342045078,0.13835589104380208,0.1768171515333817,0.18223488664997892,0.008097310933043004,0.1679485755274295,0.2384555087967513
5.45,0.09092654400278945,0.08112682104299464,0.1645308022287656,0.22075307969576297,0.11229415130387231,0.1701958564560349,0.19398999285038315,0.18047916212373785,0.2223823483455522,0.08473662062305828,0.1700914320764738,0.2526941926251378
5.5,0.17052390809806994,0.14148789667293282,0.22637542782154174,0.3116127177809183,0.17063815555581724,0.22940340016083094,0.3053347993287474,0.22117439301518468,0.2455918237289131,0.14935540615904944,0.23247651402131622,0.2822971457362231
5.550000000000001,0.20086060970059674,0.25122374205272563,0.2852874702500363,0.33659314095287796,0.2396699881020233,0.26961714670717024,0.339219801633473,0.2822337501786596,0.26052919451389495,0.21131715477748908,0.3288800421120048,0.33816048799910864
5.6000000000000005,0.24941845962922762,0.2859332404111341,0.3253591274864052,0.3752465325003764,0.27524037667292356,0.3350567543766004,0.34002480643520755,0.348590330046511,0.3011736110836242,0.27241236460939433,0.34780497149960515,0.4123895286867197
5.65,0.3354467193282417,0.3557073166570534,0.3393725409799065,0.43816860315529754,0.3298355730418925,0.3382193798505767,0.38482595649575724,0.39968764216546143,0.3635044254146056,0.3261088229743781,0.40169950700861384,0.4841658062500537
5.7,0.4152320128299801,0.3334192260731716,0.38494496143010554,0.4762000560168249,0.33288848707658514,0.3858461961465546,0.45797199436586006,0.41695862330187783,0.41835084294564556,0.3533151787715652,0.43246261050940804,0.5508841608628645
5.75,0.449076982421995,0.39493671640541855,0.39360132149854987,0.5561411744156012,0.3943485230519718,0.42542601964031723,0.5104886003902558,0.4289011265537426,0.48875479321256404,0.39509270081591974,0.47381621985875755,0.5717998194109201
5.800000000000001,0.4824329659490996,0.4583649340906615,0.4538121662542782,0.6039447503901036,0.4388759541244338,0.48001536429869435,0.5394695910419148,0.5235305426254546,0.4950658019548233,0.4716948772572465,0.5476460067683205,0.5869429639821573
5.8500000000000005,0.5755585211940453,0.5248238083476245,0.5264800184175317,0.6375865703469485,0.47846916785121785,0.5170574028965909,0.5862023123403555,0.5914963775015106,0.542858641590394,0.49613244240546645,0.604379374739036,0.6395985394291084
5.9,0.6281106770308885,0.5820933850485378,0.5686013774456663,0.6536303379156331,0.504715533958782,0.5248479731855298,0.6285940198994289,0.6255642644418239,0.5769241283337807,0.47896522385457985,0.6178544493293212,0.6927684231524335
5.95,0.6512021840441828,0.626739218805179,0.585818604195724,0.713326877304381,0.5463779975460342,0.5750236057708247,0.7059613111460238,0.6876647565925585,0.6123777908894893,0.5180308255883596,0.6504205667811752,0.729822224690619
6.0,0.685839775654841,0.6552327989921661,0.6607863119955482,0.7410851940520428,0.6355832767785073,0.6188715913371989,0.7640094434189382,0.72363177711761,0.6713765081504393,0.5541767633097476,0.6731169125229787,0.764233549298515
6.050000000000001,0.7386462637964385,0.6924070096077153,0.6783067374167395,0.7486043314034189,0.6452306166372347,0.6257426431794051,0.7900034426770253,0.7707216452233879,0.7082349615622031,0.5592939581016597,0.70912938845974,0.7876098732477922
6.1000000000000005,0.8017352171046631,0.7006723985738263,0.7122691667189373,0.805427382635942,0.6912307458089786,0.6786178005500424,0.8144578114602742,0.800190379098937,0.7554024949063789,0.5963366994006238,0.7601251430946289,0.7917660241808202
6.15,0.8309417836691632,0.7400382598010947,0.7414110397445862,0.8305829796371427,0.7156875701773283,0.6985576990836552,0.8318887397146117,0.8076649618100389,0.7912171977349542,0.6262956972365038,0.8031883972098387,0.8016699449856401
6.2,0.8457537233945612,0.7631369449703486,0.7991615800679494,0.8585082188903399,0.7465360167059849,0.7455569645875352,0.8250448913086046,0.8316016653837808,0.8465864192193393,0.6793789463855867,0.8320216251738572,0.8371487507942419
6.25,0.8791999471596266,0.7646980091001109,0.8061458095973193,0.8826865649459436,0.7683086431859615,0.800505444781916,0.8464373634878618,0.8291230109937098,0.8522185057405103,0.6766876621216428,0.8549794340213452,0.8596732432477497
6.300000000000001,0.892987988497932,0.815024911501634,0.8538313052478349,0.899871700619482,0.7668079653512182,0.837138788204942,0.8768403215260724,0.8587165369273466,0.8862511520103379,0.7051379666607814,0.9015021866567808,0.8708012601094528
6.3500000000000005,0.9189438565289069,0.8208851825867697,0.8686962479766753,0.9324413034787866,0.7979370156300988,0.8725750345568266,0.9003760918550032,0.8807517592084118,0.9192552848728365,0.7489914648578638,0.9008921808929561,0.8847895108168318
6.4,0.9392629487166357,0.8567194641303731,0.8760849353936491,0.9402351770213351,0.8223710487072106,0.889665129028668,0.9049530960632696,0.8953825081238286,0.9275891894528607,0.8040222602538339,0.9283582573680318,0.9058870471096327
6.45,0.9491926811801914,0.8847834585765173,0.8931166427628653,0.9447714826637211,0.8405715630625106,0.9029606564132481,0.9128948288439432,0.9175567229720192,0.9483766644402066,0.8181133255339713,0.9444465590002181,0.9240296863341975
6.5,0.9635279694992556,0.9075388103897984,0.9022327074651669,0.9489634793852544,0.870290892489384,0.9316484839303655,0.9106766286043675,0.9382577600514082,0.968085781936554,0.851771403606672,0.9619662502746642,0.9358493678531328
6.550000000000001,0.9728240211158905,0.9118914279113974,0.9025767629041492,0.9690192458247413,0.8850575660642683,0.9429447334014522,0.9188616876792098,0.9418955809697521,0.9757961501800231,0.8745689240396677,0.9749860346430786,0.9559729556454813
6.6000000000000005,0.9827997286790724,0.9346098264447977,0.9417666003135352,0.9731540686739479,0.9090448693395868,0.9645308260891984,0.949950603325398,0.9460816353362488,0.9818227605903604,0.9171243892761951,0.9855552269203847,0.9701864183634539
6.65,0.9887150688392244,0.9492038006342695,0.9617405835239587,0.9818951443150775,0.9305687760792466,0.9753050064662755,0.9606570687518394,0.9653778372490668,0.9969546503960371,0.9226342762300379,0.9927476639251794,0.9769263894086702
6.7,0.9956110466673102,0.9650341780552739,0.9797031681447119,0.993685430799118,0.9509403958105597,0.988557648802793,0.9595202720128286,0.9850512821919922,0.9993911186722689,0.9532338580377027,0.994016443812606,0.9828531984206494
6.75,0.9988454275295333,0.9776233784523344,0.9901897422185343,0.9992432391058222,0.9542300872064648,0.9963257001175693,0.9748143070231147,0.9914593732952569,0.9993244291500751,0.9723127025377174,0.9923312485426524,0.9932556608619637
6.800000000000001,0.9990571125959268,0.9875843968435908,0.9959271525484762,0.9994254636366428,0.9689411382174381,0.997962051352727,0.9840670375226003,0.9986851180534788,0.9998692224638822,0.9820957325391223,0.9969550948042791,0.9945152911217945
6.8500000000000005,0.9999253318173364,0.9888021660030538,0.9998175785267445,0.9969655566783492,0.991197647395294,0.9987595773226314,0.992492937734377,0.9992816441578933,0.9964159809927656,0.9886107727159505,0.9997842576436596,0.9987104468256912
6.9,0.9978718249200316,0.9938976708688687,0.9995633905876574,0.9968037616054759,0.9969591224676962,0.9999742727340835,0.9975794508782474,0.9992599461898773,0.9892285958012731,0.9964443399977078,0.9999200543350443,0.9999933307765492
6.95,0.9973562568659294,0.9968774218465538,0.9977935889355267,0.9877384256126449,0.9990432879467079,0.9977203994405992,0.9996793579518569,0.995966005032115,0.9840251415351393,0.9999736636186626,0.9986580895875936,0.9999417858190065
7.0,0.9962498684935304,0.9994162618388752,0.9962979603383139,0.9781038495351717,0.9999904906421703,0.9856795144960839,0.9999366793721356,0.9903270763805637,0.9824935861091897,0.9994816534598503,0.9941542270329518,0.9999579286241093
7.050000000000001,0.9897558969923691,0.9974984378643881,0.9919103497567383,0.9671140663870871,0.9974086581079609,0.9797920442961071,0.9994231879138885,0.9921608419000544,0.9706653833438575,0.9967317684924425,0.991072556946694,0.9973619496533601
7.1000000000000005,0.9840986840848289,0.9940336326554002,0.9809078242380754,0.9651384438228373,0.9893355479043326,0.9792401871009003,0.9969996750776376,0.9753312448677264,0.9524234044236849,0.9909276344836061,0.9866861808328902,0.9930158016652877
7.15,0.9733303447239079,0.9867730032510968,0.9702372626269133,0.9526174420704473,0.9827348303776491,0.9779977491190583,0.9921974244361424,0.9583471713483286,0.9516507304933243,0.9836878726211933,0.9805108244823497,0.9838408368581086
7.2,0.9633051067008005,0.9686098759753826,0.9530287710611304,0.9488987703832251,0.9693152802694571,0.9721686971272062,0.9855047676672386,0.9430258894503463,0.9425582398325233,0.9680163091824396,0.9727372605896552,0.9755563255896046
7.25,0.953542991588208,0.959822105229651,0.9271498983452676,0.9267658221060455,0.9443756031819929,0.9424395074928416,0.9791066347974136,0.9277674048932271,0.9380951542782789,0.9604961450421012,0.9624167134496573,0.9682381840322536
7.300000000000001,0.9454304399655767,0.946117816140113,0.9211350466615965,0.8991542786741049,0.9385458368030904,0.8989466112499459,0.9676535134585288,0.9105124838951115,0.9332479891014733,0.9306530052166002,0.9356925700597545,0.9493883210128401
7.3500000000000005,0.9383045830422351,0.9268905107945912,0.9124088104280311,0.8603320009183141,0.9145303241712994,0.8813147618487202,0.9674207930371259,0.9027511681573749,0.9069996112321183,0.9000473716534436,0.9036275835669544,0.9435098558743384
7.4,0.9139241446412675,0.8965331561569417,0.9079373748767197,0.8384145213883624,0.8937026884865051,0.866993620409069,0.9621851697323864,0.8859660127633796,0.8895691456356486,0.8822674747664883,0.8873532590379909,0.9259014317856913
7.45,0.8907108468553226,0.8700717781435156,0.886939048411863,0.8208557751729952,0.873345607122628,0.87186204202741,0.9372593885118944,0.8636900807937963,0.8661211082641508,0.8487061774700082,0.8862891584333861,0.9218737120644476
7.5,0.8616595100881688,0.847745660443729,0.8582902298969939,0.8027751457629619,0.8439433778061494,0.8374254144074355,0.907902051646216,0.8434338188569694,0.868900742680067,0.8156888911017062,0.8435497450279023,0.8884621608725287
7.550000000000001,0.8455530475978563,0.8134212813881566,0.8171042804885396,0.7500459945815725,0.833816442438826,0.8170715857522783,0.8710935514034369,0.8164602765804956,0.8561812422582056,0.7856257270254416,0.8061604984511357,0.8580391862521543
7.6000000000000005,0.8116400315744472,0.7910043468548246,0.7627711348739823,0.7371488347677924,0.8172899640154409,0.7909924478176246,0.8282839627603326,0.8106380084987388,0.8440023302636199,0.7922528677092906,0.7747665630435446,0.8414555644221208
7.65,0.7855520681763308,0.7524401604906311,0.7424937764840449,0.7027921682865934,0.7951446964865737,0.7529424151824232,0.7888798595909678,0.7908606437820982,0.8142662901701762,0.7468360144426971,0.7360958104744532,0.8275525324273924
7.7,0.7403785212889449,0.7418758742502493,0.6836807991098034,0.6518311178789811,0.7616756618738257,0.721906201278656,0.758373904401754,0.7468481472807375,0.7856097070104925,0.7135055543819039,0.6869178381916704,0.7993619709410478
7.75,0.7151783224880359,0.730272011585387,0.669494002438741,0.6543480949646904,0.7182574269120805,0.6581069919381297,0.6968655729677721,0.7401685545360178,0.7363793693272319,0.6558553144450047,0.6607536103316773,0.758116486839379
7.800000000000001,0.7130013549109508,0.6903287452238059,0.6528583267745625,0.61376406482587,0.7142834891513656,0.6176058078187233,0.6406834149256346,0.7162689848664138,0.7180726997215642,0.6658865089573782,0.6290805901471197,0.7266442037618738
7.8500000000000005,0.7005591837039344,0.6463628536748462,0.6230845387187488,0.5988533031402218,0.6903266473851858,0.5660888934143893,0.5927562615340133,0.6796940861038131,0.6666830717997363,0.6537030633712497,0.5909322112891435,0.6812921393786755
7.9,0.665978412143039,0.601594501616702,0.5984870104019654,0.5488906771558874,0.6438068606683808,0.5966985420145554,0.5315592164026232,0.6959707466553267,0.6380344964445342,0.5961488779983939,0.5589230212474995,0.665245085471176
7.95,0.6427224403500379,0.5441786988893617,0.5959607235926925,0.48547101261159203,0.6089103697274203,0.5862614782094461,0.5093305274747546,0.6709667196406306,0.5787101290369123,0.5445921466339211,0.5556966921316762,0.6272490308792713
8.0,0.6135470622104704,0.48082751816657815,0.5788255408971398,0.4116051628168621,0.5726868996366824,0.5728419256450679,0.4875457011268735,0.6405649201049638,0.5640492226858083,0.506621201990668,0.5391031523774009,0.623761029874029
8.05,0.573802634375582,0.4872911463809589,0.5477894957205859,0.39768585491454,0.5536511865001356,0.490368690343413,0.4481966484193153,0.5885343858950605,0.558173802919639,0.4848809374804165,0.48981588090374417,0.5948502575142177
8.1,0.5061434133485077,0.4766898799628766,0.5059598008982408,0.3741591729265741,0.5110067382177448,0.468025388303545,0.4160404370183873,0.5464321041706262,0.5277800767623186,0.4362795977056101,0.4401680141231085,0.5455874644619206
8.15,0.4682332324098957,0.4182774067634134,0.4621783094182179,0.3420563382845368,0.46887734197407815,0.3905662977761474,0.4070869310671791,0.481559575794281,0.5208963459955398,0.39345730347218133,0.35919833271050533,0.4830888239645875
8.200000000000001,0.41500204737443785,0.39072770975596455,0.41094809610911776,0.3065441184069121,0.44532703028004966,0.3601496219869989,0.35855591892818356,0.4506631136708797,0.486630903801288,0.38593403513633817,0.3071718775966068,0.4185880923691463
8.25,0.36048469049870124,0.325890266597075,0.3584363368442586,0.2546206741982363,0.3951665810298252,0.32377725492273096,0.32729892526731563,0.349770217176913,0.44345524142590753,0.35909597901486606,0.2544163520652313,0.3615610024148936
8.3,0.34370375844017537,0.25697795381202504,0.3091834824044379,0.2384211524894628,0.3228748572617028,0.26803860990956974,0.31099961915430757,0.26043752722139357,0.37294898542336086,0.3138872797063047,0.1723998099729164,0.3059179861641602
8.35,0.29044855494210287,0.23186584582251207,0.24234758030947026,0.17943033795870225,0.27900773633678183,0.2460519530783998,0.2573635758365206,0.2178020798073303,0.3492996986346227,0.302196787113366,0.11740345788507794,0.31568619898891415
8.4,0.23230550547902526,0.20089408258085883,0.15947940303298574,0.14596322410155807,0.21957046152365886,0.2128018424841664,0.20501244797432405,0.15537700868227947,0.303511627810192,0.2283417802159288,0.10254849615617774,0.25144219793454725
8.450000000000001,0.15638902646024466,0.13955635056603388,0.06349503656535539,0.11719185516874846,0.21025253473178962,0.19217416859452374,0.1386695262517055,0.09936359264407213,0.2429386884649048,0.20761669675236988,0.04003649603346011,0.22464604141911723
8.5,0.07642372032790085,0.024090922159374195,0.010350764792673486,0.05270325658356071,0.17524078649267827,0.188733539202159,0.10492624373502431,0.08341202872442334,0.22065700523869242,0.11370466872181972,-0.008983356349576834,0.15605880363431035
8.55,0.03536138663504901,-0.00984103371627183,-0.05778256801112186,0.004507062795124111,0.11287742935582878,0.14058132951292138,0.06263029341683532,0.07155030167889465,0.20829505454316785,0.07246702480419906,-0.053019805636390215,0.12974187321245173
8.6,-0.012532735369341935,-0.05004699677303919,-0.04518239773179828,-0.02084608732144067,0.05541897662686414,0.07842825266928663,0.04072393707129232,0.017756404832009857,0.1191720470760189,0.005266377730616942,-0.09280022744948317,0.08162164435193581
8.65,-0.0452772497331553,-0.1009630508365357,-0.09694179182825008,-0.08668091525849507,0.005895913866789317,0.006890911481713506,-0.014731436667922591,-0.050870591279445945,0.03731383600173712,-0.02025769433508693,-0.09039365408913987,-0.016661809779839
8.700000000000001,-0.10216471363128943,-0.09779709278127843,-0.1261568952182368,-0.1544989701958677,-0.0338289961371699,-0.029721163409786276,-0.1025527718316862,-0.07223823525464272,-0.00031749274833721154,-0.07397989575733722,-0.1481482765858421,-0.08435714684429169
8.75,-0.1737908632169178,-0.14699676967348826,-0.18655414112273386,-0.19422785946699947,-0.08268035875836266,-0.08269668499358293,-0.1562747722243032,-0.1412118871061169,-0.07258146416637623,-0.12259290896132069,-0.17479089068303863,-0.13893098415221847
8.8,-0.21992096557662913,-0.1961694540330313,-0.28696807124955337,-0.22856168899339616,-0.140774980368704,-0.1593267400296195,-0.2066898147559904,-0.24614386327482526,-0.11956678459116685,-0.17834273761952463,-0.20422958148984421,-0.18273555530584587
8.85,-0.27337612990606885,-0.26152199920910457,-0.33617451905761747,-0.3076099456464854,-0.18574372102897702,-0.19904782613327382,-0.3196685683703794,-0.2977396772332006,-0.1590160722409466,-0.20894609232469594,-0.232800723953771,-0.258830669564198
8.9,-0.31170012092052224,-0.30774514023252075,-0.376173725228865,-0.3701137747666389,-0.21316610118910187,-0.22202977395683074,-0.3659326541337806,-0.3536940234840831,-0.2256383363763347,-0.23910885311991553,-0.30274356466912306,-0.29150876748006105
8.950000000000001,-0.3464799818631027,-0.3279497537298392,-0.4466358502454803,-0.42701310136234816,-0.27729243988641256,-0.3029664405263506,-0.46918502136417783,-0.3538962735792613,-0.263491413344457,-0.27522187431617684,-0.33293112369250044,-0.31716909156341644
9.0,-0.38709605165761285,-0.3442663197978983,-0.4911824742724025,-0.46839577698081636,-0.3357417642160121,-0.36144105889699624,-0.5145734441186341,-0.3896763829362292,-0.3692693418234477,-0.3322419308898987,-0.3407731814750331,-0.34649333001934407
9.05,-0.3945791221733081,-0.39194386094693745,-0.5246299407484919,-0.4977314571878886,-0.42664278588811755,-0.4182446881312633,-0.5608168428495026,-0.41312457075896464,-0.39449786531999015,-0.38247468755508757,-0.3994944334570899,-0.35723893500949744
9.1,-0.44064994115268036,-0.437865185708678,-0.5557735145975837,-0.5200488037895927,-0.4528675945881261,-0.45582618463949726,-0.5917914863627277,-0.47214038230806654,-0.4675224373071729,-0.423235143991567,-0.4408510879459178,-0.4235651330268152
9.15,-0.5025942413340108,-0.4726552156014316,-0.6072392746932438,-0.5809582249131066,-0.520032437871523,-0.5351116948281259,-0.6038294679813819,-0.5150379655658515,-0.5119687102662115,-0.4678519042827362,-0.47731331224172174,-0.44307226213134615
9.200000000000001,-0.5498995732312401,-0.5007493626082247,-0.6421412481603235,-0.6024926899995111,-0.5326081835503094,-0.5758168101790635,-0.6385108340561347,-0.5687106983914402,-0.5996630593108195,-0.5196599135071233,-0.5381523875344218,-0.4741863034300758
9.25,-0.5669971711235212,-0.5787551478412675,-0.6573539753146913,-0.6205361685375699,-0.5700076460502275,-0.6088221883915609,-0.6526517041839333,-0.6014771444689773,-0.6588147414377765,-0.5463722782558632,-0.5562629250547515,-0.5489158269191908
9.3,-0.6211381639719827,-0.605113596776465,-0.6617423571774879,-0.6455459430133537,-0.6058153230758999,-0.6647476462232559,-0.6658901470129441,-0.6377241994468398,-0.7020349836683974,-0.5407860751250029,-0.6243902328941752,-0.5733607994837325
9.35,-0.6674956043187936,-0.6480857734278201,-0.7167278009792669,-0.694159160453004,-0.5944796389047484,-0.6800046518688125,-0.7018144272256273,-0.6701394194956166,-0.7382530498334376,-0.6041241928233506,-0.6770832872557586,-0.6173961297407193
9.4,-0.6713619687317564,-0.6759389726394918,-0.7551245308562943,-0.7105376073094695,-0.6473729154721642,-0.7268499870268063,-0.7359492880611335,-0.649043354445833,-0.7437546488821815,-0.6821854134743061,-0.7050525398813975,-0.6253700308866424
9.450000000000001,-0.7320965551704605,-0.7110873921291865,-0.8002843878453648,-0.750478139830685,-0.6919772656290845,-0.7598527714510438,-0.7765564470867669,-0.7299237958432517,-0.7869728690016263,-0.6886378724526435,-0.7484976103826548,-0.6936364121970813
9.5,-0.7857360898008064,-0.7382364181570741,-0.8417362750613682,-0.7981452849341338,-0.7692333727578744,-0.7746550831833223,-0.7964770959657836,-0.7583738220664127,-0.8053930304419963,-0.7112769312872392,-0.7372644276525664,-0.7280320787106813
9.55,-0.8203918270386176,-0.7637149641302309,-0.8866354894367792,-0.8271610081578594,-0.8148613367489965,-0.8057985143356592,-0.8352699388774338,-0.794745566541719,-0.8494864216683746,-0.7501465949798539,-0.7834283470468556,-0.773470656137603
9.600000000000001,-0.8438383146670111,-0.803159504680094,-0.9262935581958174,-0.851131416646439,-0.8438507930404665,-0.8489785321520441,-0.8739563570951391,-0.8250249256612752,-0.8405909938071899,-0.7940360628168524,-0.7849785361430972,-0.8306124967444626
9.65,-0.8720256722021227,-0.8468551224124182,-0.9307732038350419,-0.8579107295037905,-0.8687168051442371,-0.8706445815347457,-0.8889791248164983,-0.8541828952355125,-0.8990374773910087,-0.8376744272337305,-0.8371342357701237,-0.8705419501022194
9.700000000000001,-0.9116566138297074,-0.8703029631643147,-0.9262232355627229,-0.8832798067795155,-0.8981448801744015,-0.8805894425728557,-0.9075477672900663,-0.8717256479182671,-0.9316779427717814,-0.8746525438687637,-0.8763881336419457,-0.9022769885953417
9.75,-0.929784188788492,-0.8965735825488442,-0.9321094082835679,-0.884114071435263,-0.917159430595309,-0.9057926649982891,-0.9375012853026896,-0.9135050877856458,-0.9578076226437553,-0.8870165386944008,-0.8988552829065596,-0.9278502227282963
9.8,-0.9648913209421858,-0.9319199142997252,-0.9572185922653408,-0.9070601174257638,-0.9249801814444676,-0.9322184135456703,-0.94345758073787,-0.9303890349763008,-0.9673405140308385,-0.9262041141048383,-0.919238257072424,-0.9238209452275087
9.850000000000001,-0.9778235982271293,-0.9423177261236353,-0.9699467578601566,-0.9304431146747338,-0.9389807227047497,-0.9540326999883849,-0.9468294469044266,-0.9435383989037016,-0.9802170358573,-0.9385649389294934,-0.9262119690637002,-0.9494222427268657
9.9,-0.9899593753481133,-0.9571697896764418,-0.9692887578508969,-0.956064227829224,-0.9405325030024339,-0.9682419876141147,-0.9559991127559717,-0.9506695837150823,-0.9853036491747151,-0.9534311727339577,-0.9421610575431084,-0.9686886096947412
9.950000000000001,-0.9934261618255782,-0.9756286928146214,-0.9818527268667294,-0.9667321395718512,-0.9496673394248468,-0.9686576026230593,-0.9719505493059688,-0.9634457503862018,-0.9818083126718168,-0.9638336352128621,-0.9541964791887972,-0.9871451095804036
10.0,-0.9930696325197063,-0.9774984858540868,-0.9934858909241373,-0.9858602050466357,-0.9592510303777065,-0.9758579568188244,-0.9854161725123087,-0.9619386173917891,-0.9816699278185216,-0.9744656589701419,-0.9791737916275963,-0.9921390296251463
10.05,-0.9974410693040442,-0.990712127584028,-0.9998657777935819,-0.9913692063068873,-0.9724306995306176,-0.9919311565912448,-0.9871107632364989,-0.9812408404814089,-0.9860203045260462,-0.9849050144045576,-0.9878806552565107,-0.9946958950467989
10.100000000000001,-0.9986644775888378,-0.9964779785201695,-0.9987875527508512,-0.9966598566323057,-0.9835109675466736,-0.9976010392141678,-0.9912499183621302,-0.9926485793934963,-0.9955665311012992,-0.9982689707299394,-0.9939457649457395,-0.9978870889103
10.15,-0.9998785676489836,-0.9998453847798199,-0.997139070009218,-0.9992688850767946,-0.9932430863319417,-0.9989147085308675,-0.9961959669247233,-0.9977848486554197,-0.9998326645011055,-0.9995550873891935,-0.9950066147192541,-0.9980995188095257
10.200000000000001,-0.9995597054060823,-0.9999761512062413,-0.9936021078535988,-0.9998953049804327,-0.9964600892966514,-0.9997880400212958,-0.9990700757054787,-0.9998418538688526,-0.9989455883072677,-0.9998711885172238,-0.9986435904200952,-0.9998501562253846
10.25,-0.996305131799506,-0.9985373326235688,-0.991290608976681,-0.9991384042794552,-0.996432093369584,-0.9995065568964124,-0.9995316262712032,-0.9983411662876469,-0.9906912719680983,-0.999244662731119,-0.9999288526040363,-0.9993340187839728
10.3,-0.991447079517943,-0.9953532515302209,-0.9839608850539896,-0.9931520119087447,-0.9999859262034032,-0.9969766255122342,-0.9946783791639954,-0.9961469746998126,-0.9807018152105567,-0.9977366756993193,-0.9953679503554483,-0.9893613155980642
10.350000000000001,-0.9844057828488965,-0.9960696326658194,-0.9776976245988259,-0.9799041534700841,-0.9974352666859705,-0.9913162900386154,-0.9839354322962064,-0.9886596921593357,-0.9642054935783515,-0.9900759912996512,-0.982176448985042,-0.979192549610436
10.4,-0.9689646465334757,-0.9909347661023782,-0.9700902564274454,-0.9571043961262138,-0.9917125374016332,-0.9799893684976916,-0.973224040780773,-0.9826542907461477,-0.9527733849552997,-0.9745321417705197,-0.9678228357891205,-0.9778145726790569
10.450000000000001,-0.9574062554458664,-0.9727667834910386,-0.9580727090903083,-0.9566298070453946,-0.974186360014244,-0.9652336687317954,-0.9611204439800342,-0.9737618427495832,-0.9297817714394084,-0.9666834474633036,-0.9449278616505125,-0.9613700273407924
10.5,-0.9397214080727893,-0.9588094884936039,-0.9433574520702435,-0.9308885051382908,-0.9680371538922817,-0.9636969051369876,-0.9408446999861474,-0.9555863330731621,-0.9092729364201876,-0.9499343753942099,-0.9310149922236735,-0.938756495077216
10.55,-0.9220638632354511,-0.9472921654603077,-0.9276128313115111,-0.8897046878264219,-0.9663338890183524,-0.9448120305729992,-0.9383743367083571,-0.939881105313839,-0.8966263061244223,-0.9511966903300041,-0.9078151367368414,-0.9235814102454224
10.600000000000001,-0.9234937464002068,-0.9219869128206938,-0.8912468151487863,-0.8498862773892307,-0.9484113350594475,-0.9273156227361109,-0.9053432355474715,-0.9040090013756719,-0.8636044023768359,-0.9418650755275271,-0.8845211881237898,-0.8980323702148398
10.65,-0.9195879100467945,-0.8965485004899175,-0.8381375710295537,-0.8180386612263949,-0.9160036845474586,-0.9055714115159141,-0.883791031553182,-0.8779192096655125,-0.8532485394926727,-0.930758623530036,-0.8443485561142053,-0.8572686618776653
10.700000000000001,-0.9051273606090997,-0.8616187385203452,-0.8142121065552844,-0.7880484073169383,-0.8895177316933442,-0.8711684284224905,-0.8576554929448827,-0.8349904676499371,-0.8249060664318842,-0.9011689168004904,-0.8304186466139588,-0.8001899166943622
10.75,-0.8710233641310886,-0.826367544460663,-0.8105528340618564,-0.774108199373968,-0.8495996504062465,-0.8423062012775666,-0.8555646915254582,-0.7933450279772356,-0.8065902383474696,-0.8573345187651075,-0.8029458239704148,-0.7696338352654828
10.8,-0.8234958025257045,-0.8126118578660178,-0.7950314333815665,-0.7476793509712378,-0.811956177469581,-0.8341212579199274,-0.8478075398018197,-0.7525825717028084,-0.7872393366921172,-0.8343498317648015,-0.8007541681592508,-0.7518978614337598
10.850000000000001,-0.791151074339985,-0.7691959573114723,-0.7747702207723431,-0.6873294222417331,-0.7959574382835043,-0.8152161265911146,-0.7923493916635508,-0.7212864118749595,-0.7659207585901121,-0.8066606705370714,-0.7454929021694774,-0.6954007049747649
10.9,-0.7692794424416646,-0.7393660828809107,-0.7376250873565543,-0.6742553583769255,-0.7674275992776879,-0.7833115369941923,-0.7387819093029853,-0.6692781187215163,-0.7383397394260516,-0.777382354458743,-0.6990715243379835,-0.6747630545563944
10.950000000000001,-0.7216207250295718,-0.7085184629393952,-0.717319729324934,-0.6580438651915281,-0.7111257704203967,-0.7520982047350643,-0.6733555225874562,-0.6488821824923297,-0.6978956329116158,-0.7012706633746033,-0.6828943240884002,-0.6765096603980002
11.0,-0.6587629669724238,-0.6892949426920427,-0.6776030955714966,-0.6321326487610294,-0.6743743670439447,-0.7325973665079534,-0.6410575821186317,-0.6072066450865761,-0.6798158813798166,-0.6797357118866237,-0.6508761977922258,-0.6656355950387796
11.05,-0.6284245348611492,-0.6507584517325998,-0.6441892453853626,-0.5986502144675795,-0.6421762342009929,-0.7064476235212444,-0.5902935303418795,-0.5443076768949575,-0.649832946137269,-0.6341214188838041,-0.6156897948577424,-0.6179936505202634
11.100000000000001,-0.5555824511079569,-0.6028154259673292,-0.6358858468440168,-0.5483326505101621,-0.583017950796969,-0.6703302011231738,-0.5317991614688358,-0.5263888387114534,-0.6378401718149828,-0.5939191357550111,-0.6093022927951166,-0.5812824784842401
11.15,-0.4881187815437722,-0.6031161934677514,-0.6150192444116422,-0.5290956852633124,-0.5503251446250009,-0.6355694885866935,-0.4638346724786408,-0.4701615867744423,-0.5837927449588315,-0.5524283368710512,-0.555937864104724,-0.5562642561365103
11.200000000000001,-0.4301641206372895,-0.5835111210300834,-0.5486197585245023,-0.45890755093311464,-0.510198996725616,-0.5955347249431702,-0.4186293191211863,-0.49835642975245154,-0.5328613542867008,-0.5153355021116333,-0.5112998339833134,-0.4956017612548006
11.25,-0.39333157265921836,-0.5620457991826534,-0.5026037181979279,-0.41418499085079785,-0.47082776290571543,-0.5469858587596411,-0.35754067106935095,-0.4806261175457424,-0.4837058500631135,-0.4456029811915685,-0.5023360738653813,-0.44618038473236804
11.3,-0.36714275705223914,-0.5221446427342277,-0.4726490246517503,-0.374189145381451,-0.39098252649800114,-0.5281789766474738,-0.3489616114850718,-0.4651177378475982,-0.39860990290503595,-0.4162776359347895,-0.45245886416677267,-0.40950917355961
11.350000000000001,-0.3477138688771028,-0.4784804648606685,-0.3644438708866971,-0.2964823090684702,-0.3756183277941683,-0.4655814208122694,-0.32922396015941074,-0.4577750349170966,-0.3315910830110568,-0.34781227402353065,-0.37771022253364667,-0.37349357110657383
11.4,-0.3064781075040903,-0.41087887207843465,-0.3068375196602608,-0.2627644297836677,-0.3744155718848647,-0.414310222348789,-0.26032913393603657,-0.4332556784022972,-0.27366927454516465,-0.2991087142526849,-0.3100513054974331,-0.30364130787188537
11.450000000000001,-0.276491886886176,-0.39801370607097003,-0.2712342444292,-0.1956788540432541,-0.3432900955035729,-0.380853317216675,-0.26257561174559146,-0.3376774208938194,-0.21095985980424847,-0.2388707242276779,-0.23738171464213367,-0.24138083741097
11.5,-0.23358148753621796,-0.3480320028796475,-0.23151641959007238,-0.086228324649511,-0.2840778797485393,-0.34030035381885043,-0.20426399924839733,-0.3101017728141599,-0.13208897805867778,-0.2140835740650982,-0.17744497437607024,-0.16758752481691258
11.55,-0.17348566882403102,-0.29056370155887845,-0.17905170806532592,-0.04825682680333091,-0.25176569227842865,-0.2974718831302315,-0.12035953317128051,-0.25786021593387204,-0.11168079865635773,-0.1824854892300586,-0.10234592949819316,-0.10434903852342307
11.600000000000001,-0.10929913445753515,-0.24140299371595603,-0.11226295860469611,-0.023509559564142555,-0.20962894748440955,-0.21890236938701724,-0.05398572866422216,-0.22640964914741057,-0.08984586105059972,-0.13327615794755737,-0.013385194407272132,-0.1064461163760246
11.65,-0.053251224965190205,-0.21915049866223013,-0.0769189277534221,0.010648089509456084,-0.17048285686498582,-0.17913523486483568,-0.010783237275395494,-0.182114488269861,-0.08039308359774104,-0.06706631045620508,0.04744099813602014,-0.034672440507449095
11.700000000000001,-0.043727577270010067,-0.15351861257682953,-0.007895867629940547,0.029103813008815246,-0.12001663811219941,-0.12840720113117565,0.07830707758149308,-0.07645381875659364,-0.0725471896575738,0.040021950466577895,0.06488295618548831,0.03792204468582212
11.75,0.033158252755073475,-0.12048875972447301,0.05526028939270572,0.07427810525049205,-0.05517872091972586,-0.06826644855281429,0.14753564583515133,-0.02121512898433911,-0.0225715437513627,0.10689521078763044,0.12324589856170794,0.10244439974488584
11.8,0.06737186954824412,-0.08602700246624613,0.09141916905877905,0.10792929923426779,0.015094854094901088,0.010623804269776481,0.18192037822757615,0.06830990165249255,0.06672833767852351,0.15148090768011693,0.1466587184147857,0.18675544943840267
11.850000000000001,0.11852646361958791,-0.020219599832194412,0.13492991307483854,0.13685638826471463,0.027473348164794967,0.07850234945290242,0.20263957994040319,0.19394517355004065,0.09118575165347123,0.15978652811305266,0.20572131481914682,0.265672782052621
11.9,0.17226288879385163,0.05518402198070613,0.14161663447662648,0.17288332279309704,0.053379189191099435,0.081402523627215,0.24787164419450303,0.18072451332092287,0.11218066562164941,0.18980708179361452,0.230525134991052,0.31313033616959846
11.950000000000001,0.2290041663553026,0.13379953483073045,0.21439195265738736,0.2522897571495513,0.1063350917447481,0.14158987655798197,0.30043603980778033,0.2301308994008983,0.15688973807552475,0.2246012688140783,0.25595902003155796,0.3586087812116214
12.0,0.27515655434605096,0.17109622672347635,0.2501537862676964,0.2715329155504567,0.1833849415010849,0.19525904330627042,0.3198211805587837,0.29540075538805627,0.19829702903477764,0.23502037714818483,0.32777449270085507,0.3818585430019427
12.05,0.3127670758148476,0.22584830305964085,0.329097169421006,0.32213177742783633,0.2029865626939868,0.2584975564839909,0.35004444664405826,0.38209022772017237,0.25299350720716657,0.228415233955074,0.37949734625791354,0.4623494935575442
12.100000000000001,0.3971564355186672,0.3222566234637296,0.35305182655528594,0.3924158544489933,0.23727482730523433,0.31191067916247006,0.3635379580544093,0.4050291103909403,0.2904573479804838,0.3030810591422866,0.4398190694660665,0.5005564074659361
12.15,0.4095391693581001,0.36184050767689563,0.38572942146904254,0.45764893874566015,0.31844228469262087,0.38348883704907355,0.3925404698814741,0.3824767110392421,0.3030287948818257,0.38586309864231655,0.47087495907828186,0.5168518838259148
12.200000000000001,0.49078830978262067,0.43643241044020065,0.4358307181920083,0.4927193213186197,0.36300895161908114,0.4310294216028559,0.47460621229139216,0.43809045558035487,0.3765599107338538,0.45582425510454044,0.4851261002085634,0.5661721114367713
12.25,0.525033013853645,0.4228580526001799,0.4375344368490857,0.5134540076819102,0.423208771456048,0.47582127186445605,0.5204566905126616,0.5250956221826159,0.4012200229305738,0.49606991533281986,0.5347297615783452,0.5839844343699558
12.3,0.5650827243262065,0.43485426943693634,0.5200619072001941,0.5422654165975289,0.5118737202932995,0.5153389955265015,0.5810240734061464,0.5613988287317028,0.45450126954308345,0.5229152216649013,0.5772821047166098,0.623718163701312
12.350000000000001,0.587988362556257,0.4829553280787929,0.5534051077881175,0.6315441028986312,0.5480617075974129,0.5868397416845821,0.613188854107922,0.6037212684796714,0.4776425113203066,0.5539646558831965,0.6202949580074983,0.6855898447899264
12.4,0.6321936266688266,0.5612546913881127,0.6120982667478047,0.6972501755094718,0.5848113606139547,0.6675264821374209,0.6398994949509641,0.6247595441241478,0.5052677379607049,0.6405080473715232,0.6729004423265607,0.7079589317820634
12.450000000000001,0.6936890015472543,0.6190413716637055,0.6912368875960805,0.7016491216699084,0.6177965194788607,0.6883747255365054,0.6398578088240613,0.6822185854736222,0.5547060003543586,0.6881496078277308,0.7480038186499262,0.7314722586617941
12.5,0.7204518344777033,0.6619156505165297,0.7435653117700471,0.726600727503282,0.643881261612139,0.736827422387392,0.6879535891048472,0.6795517284935879,0.5828510370782334,0.7452995609776781,0.7820658352093535,0.7488557890621239
12.55,0.7509395158397463,0.7002131737346645,0.7860986012071077,0.7381677494188255,0.6663135912223817,0.7679720046112318,0.7238170404496926,0.727017359595017,0.6112192115731222,0.7776574702456552,0.8234980168543251,0.7867425135086499
12.600000000000001,0.7849757764954545,0.7345251637917343,0.8013830711356944,0.7724540082037664,0.7266157080293701,0.7915567867820603,0.7446860245282861,0.7528708413096468,0.6669175299335552,0.7971316639661936,0.8520809626718933,0.8218179152094562
12.65,0.8272210780677743,0.7908420784901294,0.8430125724584523,0.7914247952012103,0.7445973839621586,0.8152879496621528,0.7730152318221081,0.7680198623737734,0.7062244906715223,0.8153404864697419,0.8639482014916289,0.8423807341509912
12.700000000000001,0.8675393114421477,0.8218169091949713,0.8957907726523058,0.8263832870623047,0.7730651363722658,0.8390939066697441,0.8104639734200911,0.8079001876863491,0.783520104866547,0.8284068004321343,0.8941865725289125,0.8687428034815727
12.75,0.8705507432117369,0.8585242107663857,0.9257776513897968,0.8451617358722645,0.8054109745077449,0.8397720056489274,0.8241093214623133,0.8524186321179064,0.8120564440349564,0.839654216542348,0.9145561431545415,0.8850555218205232
12.8,0.8881753534249244,0.8896987406358301,0.9291290535717368,0.8626660134200295,0.8370967806895613,0.8769163723937602,0.8706019643582725,0.869334989822139,0.8570159349856122,0.8558391275233543,0.9462442095040744,0.8938912090467981
12.850000000000001,0.9233705466781352,0.9021643340396756,0.9593071258827995,0.8971668641858301,0.8509723397195854,0.8923443736881387,0.9040404674790444,0.9051900511561588,0.8833530076732786,0.8821723527391198,0.9630670186338157,0.9168355296477827
12.9,0.9291714719488797,0.91356906175248,0.9709657358677911,0.9321485731379244,0.8969214227044009,0.9210268415628717,0.9276561741484641,0.9321393074757669,0.9010111739418446,0.9041239915392506,0.9676030825436959,0.9246637254315496
12.950000000000001,0.9494900955149886,0.9343201262067834,0.9829146499525607,0.9541447561273693,0.9202893611146363,0.9429692854209655,0.9450744133722421,0.951602528904688,0.9171003087065333,0.9288536918903842,0.9805784289602562,0.9382731698658839
13.0,0.9644991880435775,0.9459560696497356,0.987355944668482,0.960927226686949,0.9490888059599333,0.9647007319088996,0.9642407401061025,0.9768466255284386,0.9371673341773568,0.9684964552007952,0.9868623413024924,0.957988779137952
13.05,0.9746448849504337,0.9641649204768831,0.9954191398170361,0.9741391365765715,0.9740685503348865,0.9768729508287975,0.9779164955944727,0.9811564526430786,0.9591587487349911,0.9780975034783894,0.9910204559917543,0.9677846019129691
13.100000000000001,0.99434957386768,0.9750856099353693,0.9958782524061419,0.9819879054821011,0.9827947787180449,0.9877407841583844,0.9893059226911155,0.9914830385489719,0.9699975018907825,0.9880302332135157,0.9939195784083633,0.977460479589315
13.15,0.9964977560443714,0.9797707484593692,0.9998306547471727,0.9932347532243333,0.9931792020082808,0.9937816825730169,0.9969526020520743,0.9916753390558664,0.9862850522730884,0.99452846328661,0.9989247317890845,0.9894877257407453
13.200000000000001,0.9982137083302399,0.9831289130379578,0.9999705094807535,0.9988557195264677,0.9983924055236828,0.9949232288803355,0.9984728751741676,0.9953438123791317,0.9929019483258245,0.9957125122787379,0.999396534074795,0.9940618028065853
13.25,0.9999652976119857,0.9876747240573897,0.998793236193683,0.9995718263376854,0.9987854130421043,0.9982596760352871,0.9998292199068698,0.9984034838817553,0.9968322355784753,0.9998782662917844,0.9999775951542428,0.9996795617100463
13.3,0.9986712670162127,0.9942674349976275,0.9943511555163578,0.9963700132152383,0.9997906922851038,0.9996895354507658,0.9978692563413287,0.999978469392588,0.9999753580101124,0.9999918991005696,0.9966332773941855,0.9992359505408117
13.350000000000001,0.9977379948897985,0.9998406048875583,0.9786200321461757,0.9875279101034298,0.9951176613986398,0.999633881477291,0.9975288349022123,0.9999997500586374,0.9986191268491814,0.9992788489555342,0.9942691710223748,0.996015285572637
13.4,0.9909514232799941,0.9999995991997357,0.9723378691389741,0.9710281424328151,0.9937609642369992,0.9951672063716082,0.9940489477438852,0.997606881050362,0.9912824303499653,0.994305684684614,0.9838210238129599,0.9937156070245834
13.450000000000001,0.9774023478016736,0.9992766927973352,0.9598070702375578,0.9581855550509337,0.9859753495806951,0.9880894106647029,0.9901578642796085,0.9959511345851494,0.9793784094147153,0.9872131673365039,0.967119510569798,0.9863014924354364
13.5,0.9746077403373425,0.9925450631074381,0.9499056607246227,0.9422244512430219,0.9810565126127394,0.970625946327343,0.9850726990963793,0.9903106580876092,0.967976162526861,0.9835924732216814,0.9519422093250773,0.9662395980594061
13.55,0.9650280880925458,0.982253490564217,0.9572625043817334,0.9274339515554422,0.9730106341219478,0.964816829540507,0.9673419394124955,0.9821977519637498,0.9562416896208067,0.9751405229576134,0.9526940895478833,0.9603939015885501
13.600000000000001,0.9425813549381887,0.982111097612152,0.9478194608595484,0.9149799498628965,0.9486340074077662,0.9460411090710915,0.957157137173758,0.9616179475305875,0.9475849268534737,0.95549649377418,0.9479570888942389,0.9356703322842459
13.65,0.9289509683079761,0.9754022888083319,0.9318603220091357,0.893273874354433,0.9389486339079549,0.9259184485559302,0.9453847703809973,0.9407059263298145,0.9266609342117875,0.9406466114289009,0.9338342056605053,0.9158502099069835
13.700000000000001,0.9036110646616017,0.9448249487047986,0.90173196151438,0.8606857869612441,0.8907034432307438,0.9036048145807696,0.9219033868177374,0.9154375123325231,0.917944169770211,0.9273551573819224,0.9185178166633925,0.8881201945103225
13.75,0.8831472558398658,0.9239062077107336,0.8650626892153985,0.8258248275110046,0.8747522551052596,0.8918141820706545,0.887025274696,0.8852058010274556,0.9131266633354703,0.9102485247558203,0.8931556747237631,0.8549257690012696
13.8,0.8463121969124815,0.8984197777351893,0.8315134161170638,0.8003074084260253,0.8633130261634613,0.8731693430485028,0.8621557887722135,0.8619450797670475,0.9093584781905772,0.8919208207735916,0.8662671562370379,0.8335462960839224
13.850000000000001,0.8232876518805451,0.8677382431522097,0.8201735685811914,0.7992427967024635,0.845893636568993,0.8391517294131238,0.8116491418989569,0.8254548257404285,0.8994392799441853,0.8697841662736453,0.8344271486060516,0.8037045475838487
13.9,0.7864853415525798,0.8531582352563591,0.7896598649529262,0.7633528247887401,0.8098646400143886,0.8253623498454207,0.7893342844462063,0.8371795375891777,0.8779834714617758,0.8495680272112934,0.8190174518563861,0.7721538919398528
13.950000000000001,0.7579611785889966,0.8551766648964412,0.7553940787321626,0.748955262171153,0.777458278415438,0.817146053058154,0.759735158730794,0.8114751540636712,0.8427827455757464,0.8188379439833063,0.7907384683717784,0.7673531768504194
14.0,0.7522546759882685,0.8325609674185775,0.7238982679444337,0.7276412193870481,0.7415226768723576,0.7923248492055873,0.7458649578729453,0.7844710154776275,0.8065247909846412,0.78354997320496,0.7256303676245355,0.7462768696437533
14.05,0.7201332949440196,0.7931356179381127,0.6911746236572052,0.7026969844433099,0.7415532288090303,0.7695818595025188,0.731844953574996,0.7790461945822482,0.7842266105040406,0.7688026874733401,0.6814049403340011,0.7012237561688299
14.100000000000001,0.7020422195038791,0.7632495002397965,0.6914776096508296,0.6766042556928715,0.7053858764587738,0.7230825703519304,0.7100215448082582,0.7257360141395008,0.7723754726792313,0.7559960233326659,0.6340068775220687,0.6348338466905643
14.15,0.6561576773554505,0.7280847472890134,0.694618446542957,0.6775698424437713,0.6728656533013331,0.696444110477973,0.6936527480044403,0.6884586298049523,0.7314000377055556,0.703360467468355,0.5971309651873378,0.576137237207486
14.200000000000001,0.618757456430491,0.6928784973131431,0.6333970846974623,0.6557283080131183,0.5860295739647358,0.6546047219182783,0.6475045085979384,0.6411577212265162,0.6563232728349794,0.6519470211225455,0.5947374208084786,0.5130869927805765
14.25,0.585809850886556,0.6507440450430287,0.6166307457344621,0.6010821289957148,0.5693753454922047,0.6155923631527421,0.612012828863209,0.5627269908286808,0.5753173679177815,0.6127394151700685,0.55324383991359,0.4874682135382488
14.3,0.5203242703002907,0.6154191571547006,0.579696193307689,0.5353760124046784,0.547387093434581,0.5776036232974779,0.6008606149490157,0.5093057178288319,0.49344439936268164,0.5578265691880668,0.4797484771914408,0.46981131587090463
14.350000000000001,0.4729027648489176,0.5904338195420018,0.5366201701859747,0.47291360330092463,0.5087913475753768,0.5662501450796529,0.5807963051783562,0.5002896905174594,0.443424940456729,0.47204735954407634,0.40770669560363043,0.4720737822705643
14.4,0.39794855386412764,0.5243359854189918,0.5210940721447016,0.43483428704502897,0.44710705032861486,0.5106433170621771,0.5585961915658025,0.4441672907499634,0.4525916807364815,0.4386845766595143,0.3416271262249989,0.4273933816974904
14.450000000000001,0.36841197921630914,0.4585872169259141,0.44724570454812324,0.35794224183859563,0.39018459773411635,0.44237372487920684,0.490229756509078,0.39544934662019576,0.40615673306107114,0.4038974348949893,0.33181360034619234,0.4040352205567252
14.5,0.3311057230794324,0.4068258946356419,0.3619686460169401,0.31343706258841775,0.3292823211501031,0.37345432476494284,0.442599585989574,0.3376103921484284,0.36595120058025443,0.3303117440290567,0.27351956580890735,0.38301829676889404
14.55,0.2808716196156016,0.3205211692544982,0.31561549691629864,0.25534312268971726,0.2786397536302535,0.35397510567087953,0.37613961254061173,0.3262016381020573,0.3326693952371618,0.26260498413240196,0.22127699712838902,0.33772077134920986
14.600000000000001,0.2229987085082463,0.2766983291159149,0.26356935429935957,0.19203249219751117,0.2582069434885243,0.3059013890767787,0.32916102967209143,0.31551831161509275,0.3044323534705795,0.1833476013291393,0.1678975126671572,0.3155807370169454
14.65,0.214481457462483,0.2335870677840009,0.17361083626516796,0.15070010497262715,0.1855734703137215,0.25001295555165437,0.2629471643030757,0.295568052282989,0.22946069458118795,0.15358312238527957,0.10299667446126386,0.2789441199026986
14.700000000000001,0.15950653345994162,0.17789112931848372,0.1288188829864303,0.09341307559500164,0.15313498379864493,0.21838337572926553,0.16930189429448278,0.2147169226968272,0.19744771649240908,0.09908982623999263,0.07907905706576611,0.2495722391651708
14.75,0.08327406224567328,0.1731102789888328,0.05631521250315053,0.05297394016054923,0.11744913479989633,0.15870720259247179,0.10414304463568722,0.1819396124803959,0.12692815656322476,0.05612629493268512,0.06532503971745583,0.1932150663221589
14.8,0.0007304603302204646,0.08021029340389135,-0.008783375282281179,0.035128452565805476,0.06289885667816458,0.08872292123334417,0.036687638867208536,0.10756177715538646,0.06693380690031364,0.01720331195006435,0.03196455059814467,0.17981891827970686
14.850000000000001,-0.053201507994944365,0.027611218646208826,-0.06896873186791184,0.01713076868512743,0.0041619383735572646,-0.010358376124670474,-0.013612512634321007,0.05561563576673211,0.008464922142032478,-0.07600916951320606,0.0066792140567243155,0.11018877968218004
14.9,-0.07899411913619776,-0.007243648344937822,-0.11358764535034302,-0.07189839402789058,-0.08331347683765035,-0.06520837757207193,-0.053260493097071586,-0.06086201240040936,-0.03155491788945034,-0.10056631396969586,-0.0030676465534538737,0.011458029008593933
14.950000000000001,-0.15150109083781324,-0.11801450587146173,-0.12587743218806347,-0.15978529754900056,-0.12419023707178399,-0.12880578471029036,-0.06272362525722573,-0.14522271556754843,-0.10330420719496086,-0.14129934038763,-0.07781237437796983,-0.029138429923224636
15.0,-0.1839905815391423,-0.1515593923388217,-0.13132537631712526,-0.22911392784377888,-0.19423475734760143,-0.1543181255640525,-0.12678696618351942,-0.18364559781243717,-0.16199212524205328,-0.16911082143140718,-0.11272078716679682,-0.11678815374756453
15.05,-0.23012402286374622,-0.2467881375790993,-0.187615323690962,-0.25196656257087335,-0.2617574514866973,-0.21436879256326236,-0.19782436384547955,-0.2578218605713464,-0.19483797115470602,-0.21078972638053411,-0.16615845046725466,-0.14175041889005785
15.100000000000001,-0.2716855052450162,-0.3195073967741044,-0.24771645716316953,-0.26758343412503793,-0.2601646776932328,-0.2977937767781432,-0.24644010028216795,-0.2847771417591145,-0.238764735551885,-0.2205013374078795,-0.2579097857612895,-0.1916164422452408
15.15,-0.3515419932074419,-0.3578937685911845,-0.3336880217391184,-0.324193731343052,-0.32080914212724115,-0.35330175974048894,-0.3111293308313048,-0.33679902376860954,-0.28334269908775933,-0.31527785658425916,-0.2876765030223655,-0.250232932492917
15.200000000000001,-0.39618299860932815,-0.40573333810018714,-0.37177853763412533,-0.38133597195645835,-0.35635759693008173,-0.35479983345963156,-0.3597119744874538,-0.35494212698023614,-0.29321399009891846,-0.36268774056439834,-0.353021653041317,-0.3206010123214628
15.25,-0.45179887498204113,-0.3988771840295478,-0.3880990662698463,-0.4723701151226373,-0.3715748637300781,-0.4107270439199558,-0.390579027458058,-0.4023230017889585,-0.33224219941210714,-0.4181621795926717,-0.4063124789917955,-0.36384041822723256
15.3,-0.4689684785374075,-0.44667463823663145,-0.4101714159613244,-0.5214008872012021,-0.4721580563900306,-0.48005778079398725,-0.45364540505701256,-0.4443876042187909,-0.34055910029546455,-0.4287053644037314,-0.4824145680116038,-0.3983891710089548
15.350000000000001,-0.4962736545027425,-0.48353564091191276,-0.43772999739055,-0.5337315064296304,-0.505319034176214,-0.49636565878489636,-0.48118271890479886,-0.47053453372952353,-0.4095515241900894,-0.46690309310759315,-0.521303558640609,-0.46449095473346996
15.4,-0.5355931791470743,-0.516941457199403,-0.4992149787864428,-0.587002483787363,-0.5358105897178113,-0.5349461433064964,-0.5080672374540152,-0.4953985484990829,-0.4786208459588025,-0.51849228571471,-0.5717314334993987,-0.5184647012193385
15.450000000000001,-0.5780817320236462,-0.5708235718777368,-0.5663848153834263,-0.6415234651303311,-0.5678652532758264,-0.5994217845332879,-0.5573403376891884,-0.553297678153814,-0.5324278107998426,-0.5635299844072891,-0.5957469782372711,-0.5781876091495147
15.5,-0.6731311988981963,-0.6008568999214943,-0.6115534340228512,-0.6674659652983427,-0.5930639837018229,-0.6618247688598309,-0.5867924801888867,-0.5858370178467205,-0.5454324501130914,-0.5873488549267001,-0.6024204333368934,-0.6327555606848528
15.55,-0.7524755719247637,-0.6309522524766813,-0.6206302162280136,-0.7173490913227881,-0.6142112299315035,-0.7133065680551238,-0.6239853422130477,-0.6148925393614576,-0.589688245545446,-0.6415541938468736,-0.6409236283313144,-0.6618510915456584
15.600000000000001,-0.7733659925965808,-0.6440021031809858,-0.6718384175362321,-0.7175608568065273,-0.6423085694209183,-0.7511258732846194,-0.6711113315186572,-0.6673794113302125,-0.6342710014932235,-0.6989137628422113,-0.698959414448681,-0.707816923898772
15.65,-0.8113595119522765,-0.6965860917972252,-0.7042213499148151,-0.7289129422892087,-0.6865556557943817,-0.7830500032207183,-0.7285484605464557,-0.6883652938298759,-0.6608169312282962,-0.7385204083371459,-0.7342652840004432,-0.7103745152358145
15.700000000000001,-0.8379084737824511,-0.6990271112008368,-0.7267010531322601,-0.785537521764674,-0.7511629916006782,-0.7864107365400906,-0.7564102360528159,-0.7270725428637601,-0.7346168030792102,-0.7597998589300528,-0.7608830316161488,-0.7731557770605443
15.75,-0.8532737074640802,-0.7491200539880796,-0.7409274660938016,-0.8127903366973378,-0.7524497089545266,-0.7950691102728578,-0.8014686419893797,-0.7619711832830884,-0.7648251744190522,-0.7775771791963841,-0.7909968782386252,-0.8089087632575265
15.8,-0.8848348607000925,-0.739653793599566,-0.7665772690829717,-0.8425909515297819,-0.7812131359707145,-0.8262302770931412,-0.8328690472871407,-0.7901902312112897,-0.7899607137571295,-0.8030924079679828,-0.838064468578558,-0.8266774485899586
15.850000000000001,-0.9009641879613627,-0.7798415628824807,-0.8265053833281578,-0.8638565327804579,-0.8236613769167906,-0.8651649453558963,-0.8570460619152608,-0.8181604386999553,-0.8169524968631694,-0.8272233919279721,-0.8742927132763645,-0.8570362525508567
15.9,-0.9197369716996037,-0.7974837806088024,-0.8440902708600687,-0.9112949101967915,-0.8464436513344507,-0.8756765993892986,-0.8971722880276234,-0.851389265121065,-0.8548938049220411,-0.8522846977754713,-0.8928423237202113,-0.8800135162375927
15.950000000000001,-0.9219139849838601,-0.8304980496625026,-0.8773899286047632,-0.9449553103837793,-0.8715247188384011,-0.8685240966465295,-0.9151161429131421,-0.9084683900646053,-0.8912173878867504,-0.8675410158074918,-0.9196502154135726,-0.8950274700529213
16.0,-0.9260689708823528,-0.857216913955233,-0.9041594997743391,-0.9429919583528245,-0.8803970717153204,-0.8924746605886495,-0.9288544456939416,-0.930226552367882,-0.9002557132002502,-0.9002789294308807,-0.9265678934353608,-0.9329764449652808
16.05,-0.9278281972630747,-0.8723943018252827,-0.9300847317133545,-0.968339931419654,-0.9060381548418821,-0.9192292748272898,-0.9450930152354245,-0.9367949660613845,-0.9170977820502816,-0.9083816383152097,-0.9331092857612373,-0.9521655048462386
16.1,-0.9362502637583731,-0.9030452427705123,-0.9372318209372933,-0.979274069553433,-0.9205074916114552,-0.9484875182113327,-0.9612981830032662,-0.9610074271026738,-0.9300941164202005,-0.9292603534081778,-0.9426992947996213,-0.9624754196132552
16.150000000000002,-0.951752157506121,-0.9189423493023285,-0.9455787081206566,-0.9803568535175619,-0.9166982514200414,-0.953783062130911,-0.9762321040428031,-0.9619250757470557,-0.9372077913717869,-0.9603149558824551,-0.9547402894707574,-0.975974583444818
16.2,-0.9704766759407497,-0.9451755590120638,-0.9512571704360029,-0.9870970677459856,-0.9216752987792014,-0.9802836745157463,-0.9767391124016642,-0.9672155910158542,-0.9470448817996733,-0.9623202629987921,-0.9770533934521526,-0.9934926782755882
16.25,-0.978991558690559,-0.951711896789401,-0.952171039568458,-0.9925105439190314,-0.9394362183858976,-0.9845663594726066,-0.9866029563775929,-0.9804796295234258,-0.965963841804294,-0.9726071709501242,-0.9815066429463649,-0.9983000385065127
16.3,-0.9880401032247146,-0.9726611913636048,-0.9740495090224155,-0.9935657872751521,-0.9460035667107665,-0.988172711048695,-0.9895196926702265,-0.9912953553639913,-0.9803967297839389,-0.9874457507391846,-0.9913714364216772,-0.9998785385997753
16.35,-0.9972075404954629,-0.985584145633885,-0.9860162884952668,-0.9996082688504485,-0.9640952718021403,-0.9930457578914025,-0.9931078613336748,-0.9976102864043275,-0.9934771482211063,-0.9935014126854905,-0.9988133694853254,-0.9996435565162461
16.400000000000002,-0.9995965308642516,-0.9929092934907445,-0.9919653509032367,-0.9970200319488814,-0.9775199010029164,-0.9965922091512723,-0.9978529142867494,-0.9972238095986871,-0.9965665373498446,-0.9990984472027004,-0.9998553073521504,-0.9999966525436741
16.45,-0.9986522959314466,-0.9994088474534911,-0.9985024930876877,-0.9944413869208306,-0.9869791664719992,-0.9984259484632083,-0.9992072031857034,-0.998703214069182,-0.998914366311027,-0.999712715438169,-0.999972998553078,-0.9987597435986961
16.5,-0.9948429898160417,-0.9984782917592225,-0.9998843351277273,-0.9881762292028724,-0.995232040250175,-0.9998977333250647,-0.9995182801735021,-0.9997993151462272,-0.9999028910159193,-0.9998657296625558,-0.9993616327551197,-0.9981074864364338
16.55,-0.9921290351165211,-0.9965600145638085,-0.9998988669155479,-0.9787814688580055,-0.9999174418502313,-0.999925253014432,-0.9960818248515979,-0.9990352529786919,-0.9983261445135988,-0.9988912940846715,-0.994623416354011,-0.9955339810946143
16.6,-0.9807138148466298,-0.9926193537430876,-0.9983902187267815,-0.9768860843671239,-0.9990261220988519,-0.9963588423617153,-0.9896149104688964,-0.9885552888852392,-0.9895123296112389,-0.9960882515875115,-0.9893402841833202,-0.9876777634447157
16.650000000000002,-0.9758401327029486,-0.9805902584815964,-0.99206786661507,-0.9645634989664793,-0.9937335973468837,-0.9842673797771322,-0.980551742651288,-0.9810201426880931,-0.9734266247888493,-0.9866899229864516,-0.982011890869771,-0.9785255629041852
16.7,-0.9628627713220462,-0.9685304226600275,-0.9885380271886084,-0.9625428209491308,-0.9902375235020882,-0.9801520808946688,-0.9733814667323658,-0.9665767744307633,-0.9630472344229113,-0.9764311215310802,-0.9774191252609512,-0.9695363734547595
16.75,-0.9445035615312488,-0.9523743640093079,-0.9812344531696809,-0.9467901975743309,-0.9699495613312286,-0.9697174849907558,-0.9653361059814658,-0.9551873999263486,-0.9490977438833104,-0.9660397232958368,-0.964535066252442,-0.9657415814644198
16.8,-0.9372302529585597,-0.9397904606270685,-0.9685963695716824,-0.9350771479844228,-0.9591672066659688,-0.9564652752231514,-0.9433542999899398,-0.9412441987903285,-0.9301045444027346,-0.9564934754113497,-0.9440753025674926,-0.9471537802578857
16.85,-0.9105843944512058,-0.917025990406975,-0.9471664204402415,-0.9171006937565712,-0.9430704271915611,-0.9321190853177799,-0.9318761031378286,-0.9302382804178174,-0.9107826224800891,-0.9372707841154075,-0.9330525690357282,-0.9294793037420509
16.900000000000002,-0.8914150560446444,-0.9219739707921042,-0.928907814767868,-0.8974457714527069,-0.9281790075938032,-0.8997144006404543,-0.9240657428188443,-0.9193955174747888,-0.9188400545667141,-0.9237605474332904,-0.9160046478011922,-0.9137587055929546
16.95,-0.8558612949166808,-0.8931026205828496,-0.9057215379397874,-0.8790033417599157,-0.8994062996541881,-0.881307099427045,-0.9112833290322022,-0.9167137038747231,-0.9024555486528603,-0.8958198954519103,-0.8661722662108726,-0.8904185117201013
17.0,-0.842865705451989,-0.8855848410995821,-0.8738981041616176,-0.8757239658752545,-0.8727495097954044,-0.8498573210521638,-0.882206823499955,-0.8960336090112468,-0.8718805945363381,-0.8716584862540775,-0.8515121573094403,-0.8410693654496826
17.05,-0.8221035873037356,-0.8515555089987986,-0.876966093940254,-0.8303673490705386,-0.8310602537043026,-0.8270295021167209,-0.848527828351236,-0.8635092841290034,-0.8544355743405933,-0.8402004606379944,-0.8354063903326775,-0.8229779640806174
17.1,-0.7766732852416992,-0.8116790093240879,-0.8559589271005646,-0.8113989906515255,-0.8174839472389482,-0.7916405294652418,-0.8341235391582891,-0.830772630144633,-0.8154986681531985,-0.8155514067216745,-0.7903564132983282,-0.7984041233942292
17.150000000000002,-0.7509349959582096,-0.7991236299886878,-0.8082478218079908,-0.790860841061735,-0.7866181964894339,-0.7669375849680772,-0.8184024442625928,-0.8098323206099426,-0.7634597895453592,-0.7843270319089044,-0.775107716361015,-0.761974218947921
17.2,-0.7223823706676833,-0.7113003326159545,-0.7689584200214497,-0.7624108160116339,-0.7361530189235788,-0.7695691479127351,-0.7834408321109482,-0.7454242705775304,-0.73457580265886,-0.7823798681445786,-0.7478783168617368,-0.7036542427925531
17.25,-0.6819179520419593,-0.6974444857823906,-0.7433803762046696,-0.7345805205138584,-0.7017801759339749,-0.7149797057355798,-0.7296695530049674,-0.7042789987600738,-0.7245508881597066,-0.7705705142117469,-0.7018661175484426,-0.6943236922723899
17.3,-0.6516170107463145,-0.6602505377763577,-0.7240774136357178,-0.7134047057309556,-0.6744466908507049,-0.6739246723085458,-0.6735209952161302,-0.6588651226772829,-0.6871261923460619,-0.7471728101986851,-0.6841382670700141,-0.6671269740797976
17.35,-0.6073755964973886,-0.621190133646877,-0.7199367374900552,-0.6862176589008865,-0.6204889805805467,-0.6398221171889633,-0.6634801464258425,-0.5771434929076539,-0.6503512450124885,-0.7023708841444876,-0.6365802363703501,-0.635665058672718
17.400000000000002,-0.5849997838991877,-0.5436570623319529,-0.6561674217094882,-0.6262924317954301,-0.5779887869898619,-0.6253432713435887,-0.5979242005759008,-0.5617208647791756,-0.6057184894948788,-0.693045539512507,-0.6357603074766751,-0.5886219492523153
17.45,-0.5620502422641442,-0.5535710175694951,-0.5996925443340205,-0.5377908980356735,-0.5168449624677213,-0.5932782730499344,-0.5576483829733718,-0.5066940770311866,-0.5422238798729935,-0.6568540077587992,-0.5901085701271197,-0.5406874929580158
17.5,-0.5072637963912396,-0.5187287998712494,-0.5552875484470969,-0.46414353447945056,-0.45849271397940233,-0.543656616997002,-0.4783735291109446,-0.4785659260551135,-0.4663494406454011,-0.6010080880844626,-0.47299029592029934,-0.5233030479178847
17.55,-0.47759100270257526,-0.4685145493583586,-0.49688470813396785,-0.3755284182734371,-0.4405958619526366,-0.48204846969806875,-0.409981466990365,-0.42218352435558115,-0.4473661003436005,-0.5240780527332093,-0.4006689414387962,-0.462348350541841
17.6,-0.42467143191373946,-0.4206488409454432,-0.4473341556200318,-0.31786141372838783,-0.402699158199731,-0.45815783459481846,-0.39189508225328684,-0.397813570237179,-0.3974653191579503,-0.47712192344176146,-0.35125886910588305,-0.4020463511538599
17.650000000000002,-0.39053650918247573,-0.3431545971995275,-0.4014598003926171,-0.28612764845483746,-0.3529950920686807,-0.45419528866563846,-0.36504452943541205,-0.33062456837248266,-0.3925368870445006,-0.4033152246049023,-0.27032116021244185,-0.3620901523351798
17.7,-0.33325508659622693,-0.27500637537943595,-0.3594185369030181,-0.22101826137094993,-0.33013379273129795,-0.41566310685144636,-0.33627201884060853,-0.2793649790379613,-0.31584113224281074,-0.36051160948926136,-0.25877999189206663,-0.3378064096015865
17.75,-0.2736332570648652,-0.19009329468525818,-0.29601147729195,-0.187800553681371,-0.27051081753240774,-0.37046139528389344,-0.29559668469028016,-0.2595057593283542,-0.23433632294701598,-0.3721332749889601,-0.19335206473169322,-0.296555400565975
17.8,-0.23370427838212224,-0.1111219221382179,-0.2597020552721108,-0.1599467563410844,-0.2328323677289737,-0.3087243871087127,-0.2551533679094924,-0.2515315986851663,-0.2103936593585123,-0.2878583873614217,-0.14657292792529397,-0.23185723482600845
17.85,-0.18911101409441525,-0.09332527026605333,-0.1634131790678406,-0.1178668062411327,-0.20162953268017103,-0.23083756699143199,-0.22057152999241172,-0.21590207717835683,-0.16250595593323947,-0.23658839303595208,-0.09486194813922318,-0.1274797453932618
17.900000000000002,-0.12847708688083087,-0.1146799466732601,-0.10361254192628326,-0.06877878325406273,-0.15602623832231183,-0.17503465068988908,-0.16681578743044373,-0.16490975736177005,-0.0987105159114075,-0.19785606388296187,-0.07282142305391409,-0.003556631396911916
17.95,-0.09462779544375315,-0.06718540876317286,-0.08982589792008717,-0.017406129708369817,-0.13387814259996592,-0.13634298178044818,-0.08624345668197621,-0.10054326968737579,-0.036970592384265005,-0.187980458688318,0.02170866019482524,0.00801603257679712
18.0,-0.003561625425596454,0.0031693269412242306,-0.021216680014508226,0.009036708368032808,-0.08248572692636193,-0.09763089562550373,-0.03417196144930916,-0.05582791183184674,-0.04199167311420205,-0.1031209490034791,0.06332178535215045,0.04052129136109448
18.05,0.0312998855609874,0.05492717567828948,0.008858657678351357,0.002817963902097791,-0.02465833336886586,-0.03295149216677801,0.012055183801285166,-0.032935329536147376,0.011646917687005856,-0.08561518755928305,0.08209247274182735,0.06808047647067397
18.1,0.10111903724838264,0.0869285902570335,0.050554237550804175,0.10576468081160953,0.029602015762717954,0.02439424959143887,0.05289216960473321,0.004970799705934594,0.006553098533248902,-0.005567579633825457,0.13905197955750712,0.11053313991320908
18.150000000000002,0.1443506722907139,0.14793644608221487,0.06550417967064079,0.13982865628175384,0.04631358740687668,0.11666506865732346,0.12559447700462573,0.004032741453319473,0.02387601212793769,0.044142293377119876,0.17231305150907314,0.12526288218241483
18.2,0.23758491095229223,0.19568671586456426,0.13312770134452623,0.17153750066208232,0.11136981106655627,0.14961877979982782,0.16566049429631186,0.07719689777271242,0.04033128077651419,0.13548738591763465,0.2217575219891975,0.20634083983819224
18.25,0.25293789969873504,0.21383417997288756,0.15891318542412716,0.22860166527473771,0.1590671290727565,0.18277869754927709,0.18926527172946575,0.10188652472329496,0.10028384367400163,0.17186957790486085,0.2504220725712067,0.2900865578781443
18.3,0.29421753473502704,0.2867771231834043,0.2012292759540627,0.2828682620197909,0.20248177878221138,0.18600788863893847,0.2733840746219742,0.15586542384819593,0.1773467468145647,0.20117336663869825,0.29220533205858223,0.3104598283329949
18.35,0.36630984267783,0.3330591465140529,0.2654390221216045,0.36158430092477506,0.27514135507144755,0.2536369256598666,0.2843507889927265,0.19505129870903967,0.20789184133617827,0.26789344661763126,0.34177996741450367,0.3208358944629007
18.400000000000002,0.4017869930509967,0.33678182526410944,0.3172908693266913,0.3660646707282213,0.3294174932200771,0.3092815160117224,0.37751837226592205,0.27249870340849425,0.2543960789393557,0.3339871883319651,0.3540761942482963,0.3451656195496495
18.45,0.4490315258433684,0.3287987046670296,0.3678122803538291,0.38901148291833154,0.37170592378466516,0.32861698394321026,0.4291276666294017,0.3255545553806714,0.343297824360636,0.37762826551122114,0.38391916266886905,0.38768029997249204
18.5,0.4573868280363721,0.38557249472958866,0.4305026658447129,0.4911490529456847,0.39652042143286675,0.3688374044803421,0.45610403213636175,0.38091166785090225,0.4015122418377826,0.4187572172342814,0.45611281613492594,0.4207779046570146
18.55,0.5201521694530321,0.4431832058401092,0.47665817312199416,0.524027640591554,0.49115388943332555,0.3967221654282761,0.5036491195215126,0.4125769756214272,0.48819896902392895,0.48050438120049743,0.48505460145481205,0.47977756952220896
18.6,0.5642749595287805,0.4756587041862209,0.5385209898500439,0.5724403554819986,0.5305277285200349,0.44433657904409946,0.5529390217811676,0.46777456559628133,0.5311813880080866,0.5065943488540735,0.5656376113843464,0.5027461043100638
18.650000000000002,0.6102626572329406,0.513142843711576,0.6160205391224641,0.5928489690535287,0.5496886126232923,0.47044077420201985,0.5978183884453987,0.4858779571612387,0.562032437116977,0.5018697290993315,0.6095534458349542,0.5392732285061443
18.7,0.6159812859866437,0.5784041391750003,0.6260573422254933,0.6470217113843599,0.5706558788027734,0.5517420560252001,0.6478848278168537,0.5132647357641382,0.5834802692056349,0.5594625428953458,0.6409735113709779,0.5813069220299629
18.75,0.677141875630721,0.6018288050678726,0.6651565339055227,0.699374060517101,0.6229972055631728,0.5894464464444741,0.6751749466598754,0.5260064781017824,0.603438836595718,0.6071576842438706,0.6741741827404792,0.6263465787154366
18.8,0.7277884228990943,0.6176505196713915,0.6964454825043694,0.7338489157979871,0.6429118606734502,0.6565942796769278,0.7233996979207117,0.583335178595354,0.6788531647089096,0.6168484984260636,0.7086559464588036,0.674164371761936
18.85,0.7418281755239781,0.6641422717909052,0.712156606337696,0.7748384546581977,0.6968022001020695,0.6962014818759547,0.7214443407578414,0.612243378059526,0.7239175262494277,0.6587738924876336,0.6953047564818565,0.7337764108566569
18.900000000000002,0.7738711464524795,0.6868407266406058,0.76384960077005,0.7911853860985927,0.7151857479499455,0.7344811255625308,0.7823371775560727,0.6891753031460559,0.7614316443458,0.7057441252814043,0.7468635907125158,0.7454721677686087
18.95,0.811912226090612,0.7121399479888582,0.7997938678621126,0.8152813785530768,0.7549466658627251,0.766777550998652,0.7616902914515977,0.731934997591874,0.800787910817327,0.7489687726534737,0.7793359850379754,0.8045613259412973
19.0,0.8416665767649729,0.7570022402471476,0.842574737326981,0.8465142191490651,0.7697349139898261,0.7571412748280408,0.7873975980067381,0.7804947074683064,0.8223504597524156,0.793862302655267,0.8135032302747581,0.8497088391045263
19.05,0.8613882738449044,0.7981201911375139,0.8730015775535872,0.8882864372097553,0.7732291591624632,0.783426969416284,0.8313068692007368,0.8344330158981377,0.8514448330569071,0.8183335326135552,0.8528405445979671,0.8831598957446583
19.1,0.880078124660932,0.8335040693992423,0.907509791228396,0.9264589528854317,0.8167934743525069,0.8166578765684686,0.8583564980628758,0.8677479108054144,0.8740606908045102,0.8487234703957314,0.8653908002112641,0.9165874955382883
19.150000000000002,0.8896800036444666,0.8559531436741654,0.926332414497295,0.9567191132044928,0.8400280417885329,0.8380151226140725,0.8777217338132874,0.9091730744864217,0.8635538363988766,0.8620078745211357,0.9202168680515479,0.9380446020251674
19.200000000000003,0.900533495517547,0.8818900978653527,0.9429153709445557,0.9719708568373244,0.8894646295887935,0.8719449081966197,0.8963338498845121,0.9342110845541284,0.8824031097234947,0.8755000536127452,0.9214393814009771,0.9390128678199275
19.25,0.9137813454726341,0.8925830846482121,0.9591052252831692,0.9732262386541666,0.8747615982303673,0.8850963496024233,0.9143067996916817,0.9437724666149493,0.9229011905454125,0.8938410672985756,0.9473783869992973,0.9536807744083783
19.3,0.9341265221756904,0.9069821803502436,0.9700489325811793,0.9774745687025589,0.9015039176311554,0.9066492927536968,0.9260109527913982,0.9642064605471126,0.944805720925292,0.9123603566022982,0.9624904951750517,0.9657137875479439
19.35,0.945049609461866,0.9294855169251379,0.9764652344338022,0.9809994852840179,0.9067374288186197,0.924806957329459,0.9499278299438012,0.9703298868065313,0.9755600770356163,0.9410793525517656,0.981007203813687,0.980578370968346
19.400000000000002,0.9734066357314615,0.9418187499051828,0.972387107971038,0.9869092780272616,0.9342487391298417,0.9455128644022411,0.9670194743219238,0.9861003314261344,0.9857888638296646,0.9630022928145645,0.984808503847509,0.9836981350680526
19.450000000000003,0.9901429109993184,0.9598665095138081,0.9803353123356928,0.9913526694736622,0.9472176454625952,0.956654031376734,0.971945297128238,0.9867356734222017,0.9914445048423335,0.9718354990310294,0.9950109853313451,0.9920287873273712
19.5,0.9960980568507195,0.9693110379755832,0.9889836370581142,0.9971586162568168,0.9680516756975013,0.9705424315329932,0.9878599370319494,0.9930960789053194,0.9977022273146504,0.9801565311766379,0.9948571531644337,0.9972901399739659
19.55,0.9996890386801266,0.9841750997389174,0.9963952320860529,0.9992944134193839,0.9756996321367677,0.9846879538312151,0.9955864319880703,0.9963151019450074,0.9999982031230825,0.985607182692424,0.9977462434922627,0.9999155367996644
19.6,0.9991534740984802,0.9911909070424457,0.9996719530180528,0.9998952174013703,0.9725864754742214,0.9895111561057339,0.9990006188498859,0.9989038015075836,0.9988243875154168,0.9961789924957648,0.9997044887649091,0.9995779718713067
19.650000000000002,0.9958298345627792,0.9962203242247526,0.9997796349052183,0.9985173184831346,0.9930217841968114,0.9892440972814951,0.9999898906155255,0.9999989659705256,0.9976178806060718,0.9998920592430878,0.9988996280007932,0.9973338045502134
19.700000000000003,0.9919967457132237,0.9993742150299161,0.9976085782285607,0.9949314368831923,0.9976162826291021,0.9967033391862484,0.9978763632208443,0.999816408310256,0.9963288143306532,0.9999452539279974,0.9931274905254359,0.9921950313104149
19.75,0.9834656516196106,0.9998470291897251,0.9865554315065069,0.9911036146418758,0.9999335299995984,0.9999962547239591,0.9960613578963652,0.9983990729172301,0.9907875094515881,0.9936373309360131,0.9854280489874885,0.9780109012109751
19.8,0.9675428177810844,0.9987785610845198,0.9827081174680702,0.9779055080229929,0.999989855698133,0.9957253007971149,0.9894179005818804,0.9990499637385999,0.9849201290148037,0.9847761506063747,0.9776868728710054,0.9636854475313882
19.85,0.9623955391096619,0.9973524684722976,0.9727471040669148,0.9665765915305873,0.998617197938468,0.9849254113324828,0.9846465569998555,0.9938570927854389,0.9751734104993427,0.9838295583708937,0.9745249883499885,0.9517452527510737
19.900000000000002,0.9332236804868519,0.9895209343363388,0.971431800386417,0.9740066266519181,0.9919584395390089,0.9763360398282902,0.9673895615824819,0.9894154155705974,0.9613880250478266,0.9691737250689012,0.9650777035768131,0.9419563189475276
19.950000000000003,0.9184974687060501,0.9772681793688073,0.9576297052986833,0.9530586965065575,0.9858102284158765,0.9732978534317676,0.937901073249662,0.9822870134373874,0.9521810691964059,0.9574265253713138,0.9499854882432371,0.9303287279292919
20.0,0.902374273747324,0.9648525525936221,0.939671173028631,0.9551850739114499,0.9638284461571583,0.9615043994015753,0.9160341279740296,0.9774609085197252,0.9405866848096115,0.9485503963820976,0.9191244997444366,0.9189970138433159
20.05,0.8753389125572156,0.9546461834670408,0.925155372772459,0.9388498685776158,0.939192922564604,0.9606374587175446,0.9120509798804884,0.9748197678936269,0.9330514954555035,0.9394774447498545,0.9166923217670281,0.9077249534226066
20.1,0.8815311120318996,0.9463529080283664,0.8915633485432899,0.9143916762991409,0.9214786754728145,0.9524482218954766,0.9093875153905646,0.9666091442465798,0.914461121712862,0.913256464911738,0.8857764110804635,0.8798999430075477
20.150000000000002,0.8696364952141832,0.9273421471558292,0.8732386053905177,0.8938941315174712,0.8808487687934689,0.9491254499769503,0.8907845806833171,0.9382867190072581,0.909283690885536,0.9008311200823188,0.8699598231487283,0.8606857222971666
20.200000000000003,0.8671352665414831,0.8999092039274063,0.8402232777439481,0.8627222944556335,0.8729322904582545,0.9284644496519805,0.8785762323750161,0.9196693552141377,0.8600563967695198,0.878289659964704,0.8611370566585239,0.8344025502779797
20.25,0.8593385121934666,0.8906052165870809,0.8293011958788162,0.8419185127399379,0.8395011419609517,0.8996440987789175,0.846258523846572,0.907043356641787,0.8427430154481729,0.8513647884252711,0.8430123640688421,0.8128860853238828
20.3,0.8255608679589066,0.8696893855029627,0.798185482979447,0.7895226821096208,0.8201614364104731,0.8602092653188306,0.8113173115590573,0.897223206574636,0.8319478583600852,0.8381289274822249,0.8267423863961607,0.78715150080799
20.35,0.7867935608243468,0.8248988699897304,0.7638372374715979,0.7672208125817004,0.8268524687370032,0.8325391458517276,0.7825224732150685,0.8659051926631731,0.7706542300147076,0.7925422062969095,0.7839016473631725,0.7736536324323805
20.400000000000002,0.7637862514968993,0.7968591053670467,0.7454470938209065,0.7265466163895704,0.7941137686552121,0.8193376247687935,0.7317725769030571,0.8324609944330771,0.7692619443064673,0.7647691249376076,0.7465090463162494,0.7251206467596439
20.450000000000003,0.7360464157820872,0.7520005229090818,0.7083442129757441,0.7165236349780335,0.7874957123741845,0.7701952975532176,0.6788212953913769,0.7932697427329543,0.7105944689239453,0.7162139377602968,0.7001854490598034,0.7085892751636896
20.5,0.6684981003179198,0.7096072583583014,0.6796421831978531,0.6918641652377522,0.7510619290525977,0.7646060791990282,0.6332313170066117,0.771933247388569,0.6700728514717214,0.6941053415018896,0.669382800712959,0.6865655331183627
20.55,0.6360496179262605,0.6400554856859058,0.6150977244756608,0.646227655434617,0.7178812030446224,0.7139454351068768,0.5777399719643772,0.7468638842090239,0.636897547799169,0.6939888548525374,0.6099777207940085,0.6083145470919495
20.6,0.5960979529705774,0.6471362759311957,0.5641875149744664,0.6230477600647741,0.6936362576795265,0.6643357041968305,0.5386855011395674,0.7131355009909658,0.6124454532766337,0.6533657421222578,0.5798624441297927,0.592833099625917
20.650000000000002,0.5640742092711742,0.6024540570044042,0.5298192685997521,0.608683705843049,0.6368748894842242,0.6780395743515819,0.5141788089046541,0.6807923361374226,0.5704473272539147,0.6033176972680863,0.5162426861253508,0.5673301340128519
20.700000000000003,0.5112882801188523,0.5599927741744635,0.5273733212435849,0.5234408503032062,0.6275314716993733,0.6276637394817023,0.46969452691970603,0.6300216536837673,0.5412854941354197,0.5470348248482501,0.5114449815816323,0.5266507584552192
20.75,0.4831717650439839,0.5349301271860437,0.4746978653488831,0.455987352088608,0.5934584142538428,0.5686042472485627,0.4319512257404085,0.601542769644785,0.5052518792616577,0.5143297464730348,0.4842089867279383,0.4739336058304987
20.8,0.4353294378961339,0.5274222433433698,0.4680521631096774,0.4035442610346713,0.5676793304911928,0.5189758450371453,0.37609244396587466,0.5790946951068606,0.49315274625552585,0.4362299990145133,0.4315850700744383,0.4398101386080666
20.85,0.4140450351109592,0.49371768021675144,0.4480203717823446,0.34044069569342833,0.53963210963935,0.4514456946259422,0.3484213260946596,0.5502628738509908,0.45669953867564966,0.4570547287285812,0.38990134271923693,0.3989688446686665
20.900000000000002,0.3505177973669813,0.4897693762367795,0.37260422175709274,0.28027915542718557,0.46649230928995145,0.41126507214750585,0.2861065337604857,0.5297342547170439,0.3938941897228645,0.4310663013978158,0.38387334070734436,0.3802780902452012
20.950000000000003,0.30696471196921854,0.4586938194565798,0.316735464722175,0.28414429451504886,0.469625582615742,0.3367157386636425,0.2270415041720775,0.49785262061246244,0.34813857878802434,0.3617170864797318,0.32560556735022517,0.3290811389391111
21.0,0.23637019770350753,0.4239546569928837,0.2693374101037563,0.24003059969434265,0.42695564294406363,0.30551138241734377,0.18901444821060343,0.44033971503138863,0.3266396569380131,0.2983012265411766,0.30106750886437766,0.2865045038341081
21.05,0.20134795281735587,0.36268025511236907,0.27369590646024955,0.17305449315765564,0.3927793824587274,0.23379114331917644,0.16360878091905884,0.38461876979631904,0.23142190769845208,0.26171788544720587,0.22074458815595924,0.2369857044242124
21.1,0.14682798489185997,0.30793270799973405,0.2004760211560802,0.14587784650543426,0.3637650440882574,0.20852755659165267,0.12109059666116022,0.3322656581763704,0.16820956670184412,0.18457873181044093,0.19642631727286128,0.20561586163302983
21.150000000000002,0.1385860084533061,0.2054358715080592,0.14229971335577574,0.0876116427009965,0.3412449428695926,0.16528427502033516,0.06766037298476602,0.2804201903297007,0.0968661764338856,0.08433325643066672,0.16902654549634916,0.17959015171319176
21.200000000000003,0.11205736641366044,0.11641997172245379,0.06583694878637089,0.04497671061592485,0.2829954393467411,0.14103911566463767,0.004579098761626534,0.23098001938080606,0.06026870257021228,0.030590027909118894,0.12019693366336867,0.13134695421190395
21.25,0.06077871049916173,0.050507569778165,-0.02364620488426858,-0.016696208266481768,0.20584105347900206,0.09864917232609283,-0.017512748640901646,0.15536174596697358,0.011277853099169169,0.02771095942179408,0.07429314265999297,0.07867634445936068
21.3,0.022169766043566786,-0.03151002495386196,-0.0803291041008876,-0.097096326117176,0.14329675033329767,0.0479887162249,-0.03698131015317878,0.09713914170227984,-0.03422096330027206,0.018418333895771615,0.0327878208134974,0.03174622173839346
21.35,-0.0406401540596161,-0.08469904038565776,-0.10970672325602857,-0.15151961258761754,0.09265312469152491,0.07105251724396577,-0.07069042646465097,0.012831320768812061,-0.03774751805032568,-0.03187304565546249,-0.06264111854069249,-0.004567050948382639
21.400000000000002,-0.09122135017072784,-0.09292761253514137,-0.19487509385647886,-0.19093592732129758,0.03671323464867956,-0.018090898301963088,-0.13381732801368335,-0.01877024536955656,-0.07116036067490603,-0.09101311595946111,-0.09766746419387126,-0.007771213743166913
21.450000000000003,-0.13976869024508867,-0.1005471128282182,-0.27453116268191163,-0.23698240495516135,0.005413640332661045,-0.05169022753489582,-0.13182847562026756,-0.046231608579673136,-0.14702616067090932,-0.19134687516136123,-0.16705960017496882,-0.06585685300280972
21.5,-0.17863703765980576,-0.12520696017529473,-0.3596211083436066,-0.27386131143014414,-0.10292075466336477,-0.13866316074511592,-0.1385102550698233,-0.08653781256669428,-0.17803595853980034,-0.22882376584525488,-0.21438040504678535,-0.19894324492402732
21.55,-0.20319893860178898,-0.18219902909475902,-0.4062419116720729,-0.3165813779843029,-0.1557693824828882,-0.16183771347406958,-0.19564593539823713,-0.1574943054037743,-0.2356706460497196,-0.2833986270094275,-0.2974209800808859,-0.27201629066507776
21.6,-0.25838841888828407,-0.2041822069553839,-0.4249005202052671,-0.35453605061194143,-0.21182018719038678,-0.20190356028445638,-0.2265463508840223,-0.18447293844623003,-0.24446968409491265,-0.3179197604579578,-0.30771596318497924,-0.29575949380268735
21.650000000000002,-0.29927823932196096,-0.22294470890598106,-0.4661474508900889,-0.41307588710342485,-0.24535299648927805,-0.24174332150591202,-0.2926154103465642,-0.22328410382379646,-0.2763387288440218,-0.3848512151004986,-0.37509195690811087,-0.35763353479212273
21.700000000000003,-0.371121423649376,-0.2289804852247192,-0.5275647289583237,-0.4610545560861698,-0.31726937765100754,-0.3017252341594606,-0.3441286271997218,-0.2732673717535786,-0.3366906221527385,-0.41385727727082733,-0.43820975640739973,-0.366221681023725
21.75,-0.4053763661353277,-0.33565221777392223,-0.5439932854448227,-0.4939552104761466,-0.34119433036728264,-0.358370364965986,-0.3762905119933922,-0.32467209014183573,-0.4056741172732279,-0.4355718653500363,-0.49603865028926164,-0.4337332973428273
21.8,-0.47581823276626434,-0.3894553305976005,-0.6399645705586995,-0.5545192269871925,-0.3952212087251812,-0.3851724510776896,-0.4240703143146814,-0.41195863674260225,-0.48928152050477586,-0.507095632884518,-0.5505029855571921,-0.4512337043489699
21.85,-0.5304792432455401,-0.4116401666265099,-0.6369185554298176,-0.595799050709874,-0.45321665535712624,-0.45523742138307,-0.4851362645440911,-0.47379636979369477,-0.5097764442861724,-0.5413752634287264,-0.5563760971016851,-0.4562813187859354
21.900000000000002,-0.5863439183709863,-0.44603761785796114,-0.6815738255915055,-0.6514535524945634,-0.4825563453355498,-0.5128056590716016,-0.5170391962783326,-0.47974099357465977,-0.5546938352774041,-0.5673126198357561,-0.5867962724441501,-0.5500728181310403
21.950000000000003,-0.5936527252867988,-0.5055839497125445,-0.6902234594165149,-0.6987929756596404,-0.5324168863256596,-0.562561937211991,-0.5434507456953257,-0.5128482848888709,-0.61385079731743,-0.6383845538770211,-0.6354152357346539,-0.5757326940746352
22.0,-0.640609310598463,-0.6028717640204595,-0.7207059460937502,-0.7514782395289942,-0.5584647569309085,-0.6012204781251701,-0.6025034070600622,-0.5702749758003247,-0.6359086838368281,-0.6541785416142739,-0.6900098756467096,-0.6431545534920775
22.05,-0.7063804677531776,-0.6764236076054119,-0.7515072840454637,-0.7713392231046606,-0.6278525882846298,-0.653889166619167,-0.6268408284909354,-0.5960728815519301,-0.6831613089934251,-0.6842203453463563,-0.7227816327396412,-0.7020426863935902
22.1,-0.7523472136565822,-0.733305970101822,-0.7483301821901406,-0.800716321828871,-0.6786560952382442,-0.662041170595462,-0.6588862276567349,-0.6271524618715096,-0.7193252918724973,-0.7452741435682235,-0.7874221158759998,-0.7233741503478505
22.150000000000002,-0.790408139824061,-0.7715611145260497,-0.7860008442426427,-0.8305326450807801,-0.7185603232687882,-0.7302967690421122,-0.7215680609707985,-0.6540201332438698,-0.7662565758275333,-0.7872773056101101,-0.8180497951181284,-0.7769639720756876
22.200000000000003,-0.8210767542744333,-0.8022483923775572,-0.8174437897235325,-0.8262670169247887,-0.7504583268948114,-0.7525892698588702,-0.7401696667970247,-0.7264306907098893,-0.8047587620004432,-0.8126176672703367,-0.8352991700218849,-0.812484601231903
22.25,-0.8596484393593272,-0.8161499513850188,-0.844565755376609,-0.8635565899256654,-0.7507919300264934,-0.7843978758280061,-0.7715964668850009,-0.763526977331666,-0.8253030999684025,-0.8389780747246173,-0.8833853125062933,-0.8361256525050799
22.3,-0.8848354561410907,-0.868135566776716,-0.8628715315680355,-0.9059812564160344,-0.78524407544671,-0.8400378871338501,-0.8185774892498802,-0.8044430482120488,-0.8512910067161185,-0.8538512442793916,-0.9029933987649298,-0.8739144259407241
22.35,-0.9049456570662939,-0.8852529923085836,-0.8849488483069167,-0.9326749219923212,-0.83512590832477,-0.8565464255545115,-0.8412706957861159,-0.8426923424824997,-0.8945989953329929,-0.8907804767566763,-0.9082553584997338,-0.8940086990513186
22.400000000000002,-0.9144856399424153,-0.9025389931990284,-0.9242251483334145,-0.9348991760661742,-0.8411255338208563,-0.8713236627080928,-0.8750205740280647,-0.8793098077743329,-0.9191025378736618,-0.9220252825854838,-0.9097922356521192,-0.9270848419302984
22.450000000000003,-0.9302177497025593,-0.9283565002583442,-0.9297752405607062,-0.9501946217065386,-0.8724731803100503,-0.9080240399062419,-0.8831649643075041,-0.9040850221801403,-0.9264236238253634,-0.941804919684479,-0.9371003237115042,-0.9539024255684342
22.5,-0.9428742207502337,-0.951414095376447,-0.9578012685922022,-0.9517778533301663,-0.9041882717021917,-0.9360522198805123,-0.9070084858664604,-0.9138101433756036,-0.9513632018092931,-0.9456471087487188,-0.9519910129479369,-0.9660099888263493
22.55,-0.9635151623634771,-0.9594058537868216,-0.9661634619421829,-0.966702356593161,-0.934390661086172,-0.967406609861845,-0.9160034020270063,-0.9379267939063811,-0.95724816695278,-0.9662809956605222,-0.9598478124797433,-0.9728746640012153
22.6,-0.9720864752918932,-0.9706587582838977,-0.9794329912331974,-0.9807552887342375,-0.9507191324654436,-0.969325807154165,-0.9452907308341683,-0.9550898580692881,-0.9770618421861075,-0.9725280080665175,-0.9632621137092165,-0.9825124535975169
22.650000000000002,-0.9881038127901753,-0.981324689354479,-0.9872743677812735,-0.9856331016664251,-0.9753557611461924,-0.9738228992810545,-0.9577865997084682,-0.9730601132221576,-0.9770882107847222,-0.9875650788920974,-0.9799743804202626,-0.9930659222002829
22.700000000000003,-0.9956491148477206,-0.9884808762685822,-0.9906520694335104,-0.9925656900573167,-0.9796787191394686,-0.9857579470421124,-0.9777565426917653,-0.9897554636974806,-0.9882670592580723,-0.9957796694684506,-0.9881865907137938,-0.9964394550426441
22.75,-0.9993807283239481,-0.9934137176040895,-0.996982916802051,-0.9953134195077923,-0.9845734373561594,-0.9944213298107621,-0.9913284438619995,-0.9929137841352331,-0.9963402008998861,-0.997970875797598,-0.9951210690706698,-0.9999985486891623
22.8,-0.9995344548647048,-0.9989031561011161,-0.9997673932695789,-0.9981868986609198,-0.9887737193964036,-0.9969908579077958,-0.9965000429674244,-0.9920016601628028,-0.9991390306637477,-0.9994358659999747,-0.9996861854289399,-0.9986903382352972
22.85,-0.9982499503489435,-0.999903156895393,-0.9963045130849217,-0.9997078494259999,-0.993992795191271,-0.9963726103037686,-0.998398756852477,-0.9961067195309314,-0.9999507606441262,-0.9999304810607892,-0.9999072169918304,-0.9979488074059165
22.900000000000002,-0.994206598557365,-0.9976930611988466,-0.9902971840393944,-0.999512121388565,-0.9953822004294424,-0.998824890162359,-0.9999316200742233,-0.9991228463430346,-0.9982203960975236,-0.997513149912481,-0.9963888066709256,-0.9963876157127266
22.950000000000003,-0.985776226190098,-0.9919793937449273,-0.9868896176783032,-0.9942984905749785,-0.9990024231119164,-0.9995384131351948,-0.998482841002372,-0.9997965491336999,-0.9948344184593565,-0.993635389486729,-0.9933025145221747,-0.9889737042677792
23.0,-0.9778552305126588,-0.9851108799939648,-0.9766440549882408,-0.9915934161783987,-0.9999311831101451,-0.9995749883729833,-0.9924565135908879,-0.9989756650312706,-0.9882465584314142,-0.9862261089273493,-0.9835728084656502,-0.9863352305073585
23.05,-0.9683935551915374,-0.967456199296034,-0.9542955889087207,-0.9784596363538185,-0.9986120140397816,-0.9999818929914464,-0.9816631535019668,-0.9951826551707668,-0.9770224948897366,-0.9814263800334243,-0.9747324597617029,-0.9761393669882339
23.1,-0.9545072925344711,-0.9532563321285062,-0.9459604984107285,-0.9746069344224193,-0.9889699345475821,-0.9914592834973153,-0.9682093729631274,-0.9925088299508473,-0.9707579139369218,-0.9685253601925318,-0.9528452545094147,-0.971738241356435
23.150000000000002,-0.9412478477346391,-0.9390739407985221,-0.9227178379812764,-0.9631632157432058,-0.9871138116470124,-0.9797010269636303,-0.946034525079995,-0.9837191353673379,-0.9547149361004024,-0.9596677259395738,-0.9448278664130196,-0.950144592653121
23.200000000000003,-0.9210917790584667,-0.9199439058110183,-0.8889680192118705,-0.9549258484647084,-0.9796822993108292,-0.9665663880560508,-0.9350508649141566,-0.9664291095121355,-0.9407045675912067,-0.9531805345183062,-0.9269911438794313,-0.9317034050690558
23.25,-0.8922574811057029,-0.899486185878552,-0.8644762867723136,-0.9334267741709409,-0.9681447074897908,-0.9570405498710663,-0.9139698297078395,-0.952886696397043,-0.9057683476301516,-0.9246941382944373,-0.9007377388367662,-0.908518000385499
23.3,-0.8724292658502043,-0.8954812629692616,-0.846372011377974,-0.9104145448191631,-0.9506152662333025,-0.9354693857380377,-0.8825339739993198,-0.9398086935910333,-0.8930643763809009,-0.8895960251292127,-0.8692176854765215,-0.8909839416136318
23.35,-0.8508578717080514,-0.8759119017166614,-0.8228554524928283,-0.8802177697676942,-0.9070537528464382,-0.9132383662161028,-0.8510867621314443,-0.9339716509146992,-0.8762011772984188,-0.8529114180087373,-0.8396814129410854,-0.9160850927829197
23.400000000000002,-0.816384758507236,-0.8272244665942352,-0.8271288032417197,-0.8328836012578331,-0.9156360953861282,-0.879679553981664,-0.8267408949965706,-0.9328607575738614,-0.845444950929127,-0.8142082111344845,-0.8085831339679351,-0.8829174495305405
23.450000000000003,-0.7961840350875103,-0.8303399646427965,-0.7886259514413375,-0.7774833659586239,-0.8787969862160304,-0.8795432427932235,-0.822395713453482,-0.9155703523493406,-0.8408494905084355,-0.7900013409141862,-0.7748533388187223,-0.8717736539782074
23.5,-0.7557069167836905,-0.7952486464195324,-0.7687746073839082,-0.7516982207858863,-0.8777449185069509,-0.8570475728062256,-0.7937117051451661,-0.8852187360248116,-0.8064403844806688,-0.7614482049159101,-0.7508948544638142,-0.8367047280143441
23.55,-0.7093096245243383,-0.7693237719613613,-0.7325287811643993,-0.7244155184147026,-0.8582475857534071,-0.8206268882884057,-0.772218309703619,-0.8488208282561647,-0.7754470143572926,-0.7404465085756201,-0.7262724505411263,-0.8107852961203912
23.6,-0.709257579433584,-0.7335207220521538,-0.6960706257369197,-0.6765229566953134,-0.8353360776748643,-0.7598027724380877,-0.7459582130247647,-0.8274151097931299,-0.7594642001870818,-0.7419680708183765,-0.6658488114404162,-0.7529119889680065
23.650000000000002,-0.6648403210116531,-0.7184914702152584,-0.6276603191488671,-0.6500496992392395,-0.8066332082935964,-0.7032281771051904,-0.6995207206267707,-0.7560738380151537,-0.720158765391253,-0.7171280164017232,-0.6453067886791142,-0.7474601306240157
23.700000000000003,-0.6355609727119604,-0.6634885893499951,-0.5819503194104305,-0.6139399538684734,-0.7869324104630537,-0.6668139938432387,-0.6441214698609123,-0.7107334412853882,-0.6801640355414863,-0.6972112603586573,-0.5927822058122726,-0.7601000169672897
23.75,-0.5913359343092873,-0.5781699960262953,-0.578848698663193,-0.5817172324009133,-0.7493241798675665,-0.6422001334149493,-0.5868102808057296,-0.6628526606411438,-0.6389346835711632,-0.6453674244898245,-0.5569678254967984,-0.6580688245257901
23.8,-0.5495423000397275,-0.5408804622772815,-0.5750904985609381,-0.5529913318909784,-0.688174477810924,-0.6316006459981096,-0.5933418071929047,-0.6209999602293385,-0.5703987211894734,-0.6060616362694379,-0.5260085394383317,-0.6496891846199888
23.85,-0.5008556263748923,-0.49291539721027067,-0.5699705796267793,-0.4870496632501182,-0.6328876736785732,-0.5693005999343157,-0.5396939395235889,-0.5658262617960051,-0.5199781345825488,-0.549012591792588,-0.5260321151494001,-0.6321937822691632
23.900000000000002,-0.47722602156345034,-0.46131922927452307,-0.5152675870569242,-0.43868795221816914,-0.5686457417073413,-0.5053500792056435,-0.5163304114960152,-0.5182412346866138,-0.49826579887693556,-0.5136043762889518,-0.4751778621770497,-0.6490095230422818
23.950000000000003,-0.38022380985364806,-0.4126120489422282,-0.48195163344615544,-0.35279172364554184,-0.5351473435934522,-0.46399912749423333,-0.4827334750295319,-0.4386373789278416,-0.45816323391459735,-0.4696718731577857,-0.40394855332268925,-0.5825215881738277
24.0,-0.3415146884189364,-0.34905086923329826,-0.3741870832185229,-0.3051847168296988,-0.48862868216209066,-0.41921719844598454,-0.40549048066066334,-0.4098571584653512,-0.4193637657151865,-0.4611252653544477,-0.3872913563794041,-0.5370634977465161
24.05,-0.3012287910852738,-0.26958802980048374,-0.3154268792489742,-0.2862009636741879,-0.4596951494353512,-0.34507360169487983,-0.3327668997448747,-0.36420502361167434,-0.3827331593901782,-0.38830563805228857,-0.36290388488427666,-0.4702555128573932
24.1,-0.20245815104190062,-0.22914377256150237,-0.28760881578465636,-0.23160293676519145,-0.4223388256107163,-0.336954259934587,-0.2703969285597934,-0.29108199979952276,-0.34088618195580817,-0.3506822556348926,-0.3347149461764274,-0.41491851943490937
24.150000000000002,-0.17687265386633647,-0.21727412408540248,-0.19257176752274657,-0.17552261934182276,-0.35929617658910923,-0.2705665788281169,-0.2066639171200106,-0.25606337569826904,-0.2839141298121155,-0.3090156187905603,-0.2708137446418961,-0.34759469730369624
24.200000000000003,-0.14374045201906682,-0.208843648478745,-0.14312570003832684,-0.13558298767654817,-0.3539192566970442,-0.21334109251023142,-0.13813740035727737,-0.14647002644188553,-0.24239099761513974,-0.2720527789783906,-0.2444237807686974,-0.28317263486354705
24.25,-0.09463024390929882,-0.18399552955435533,-0.10168490465297222,-0.13888426001521575,-0.2778679254440265,-0.18809812897258818,-0.09615869472035646,-0.1400039157464285,-0.20477717783139354,-0.2276362822084012,-0.18911573862369943,-0.21292350477158667
24.3,-0.015322284390605113,-0.11934768156502361,-0.031840407071535105,-0.05269990049196552,-0.21262495198213782,-0.14318193280472077,-0.02815835037729418,-0.0680441775722085,-0.13628977394756786,-0.21209513347221823,-0.15536903234056865,-0.16338555430104598
24.35,0.04573797791879472,-0.07350075739978965,0.04157519475726076,0.028002577879343616,-0.1315207454368895,-0.06554135529764879,-0.011932112213042287,-0.01167657793013692,-0.09934316357741582,-0.1969328104756272,-0.10508943368919477,-0.07263215783302152
24.400000000000002,0.0983421607673173,0.02461023666417463,0.08932413755178321,0.13432906525701555,-0.07748573596428171,-0.019135119085862656,0.0023425240377283802,0.060508117497075006,-0.05761523316964176,-0.1529348468313588,-0.014678967611003771,0.011177999210747873
24.450000000000003,0.16823285787536077,0.0597319133065297,0.13269315477984703,0.17354319398614373,-0.0072590872071268625,0.06717418071162934,0.06260624852255117,0.15284045377309555,0.021279568202618827,-0.09660856078402916,0.06180297620073355,0.10644464590299829
24.5,0.2579493265313971,0.13642128330888043,0.18000348675497738,0.2113174250776963,0.05754887617276404,0.15407390046508498,0.12495638600086482,0.2043266227360991,0.07782332091987335,-0.041266033454150045,0.11242970832237925,0.1593555217102646
24.55,0.3360843642650645,0.17579971720631746,0.22888310937253903,0.23526918957247772,0.12528011178202825,0.22981962671445264,0.21587072871748292,0.2500682114053999,0.14754964528725714,0.019158863790945283,0.18081933893405092,0.21696956043363327
24.6,0.37195477192037796,0.2262153285705855,0.28788122297478197,0.2763877042553459,0.16821833742629466,0.31081977676633127,0.3277986538361036,0.2628611643958325,0.17073688343027635,0.05958706687637659,0.2322932880904331,0.28807545931489176
24.650000000000002,0.420768271875355,0.2770407642338133,0.346897744579306,0.3085889538962275,0.21176786743105167,0.3466284379254257,0.3304003390027106,0.2804894875662099,0.20012553838877226,0.1438741526067642,0.29154892714591035,0.3490962989645656
24.700000000000003,0.4131614628446757,0.2870420199690277,0.4061044675800522,0.2920681797458628,0.29033038135978634,0.3405997811431797,0.393478612623092,0.3070959879459859,0.2832678820433862,0.28247659125554325,0.2885372349616949,0.40886703122994345
24.75,0.4108171780618379,0.3452480878521849,0.442336064619813,0.3501470308085445,0.31313248320027615,0.3996044872591307,0.40068889732538465,0.3845101511775623,0.32607660275494343,0.2986011853676139,0.3809193576801573,0.4479945289027603
24.8,0.49551045909031366,0.41879120617651144,0.46526789283078684,0.40051667998495527,0.3619331726032287,0.47187916365981514,0.45376562271447546,0.4321221638587693,0.3731052000666947,0.349183970671547,0.45852629171505316,0.4879876399526428
24.85,0.5248473049679666,0.4486220888857895,0.49627477095213823,0.42065960702003924,0.3906344190416588,0.538902524478388,0.49151904052824963,0.4908811219979165,0.36782058148779684,0.4135927582260847,0.49929613343148715,0.5179802388886249
24.900000000000002,0.5660460334699101,0.4801279454376347,0.49335572275664363,0.4935970725505126,0.44223884965477334,0.5628644685163622,0.5119656829407204,0.49899972009829263,0.4287828096924852,0.49629476824468266,0.546158455213617,0.5288584095393939
24.950000000000003,0.6062153646558626,0.5210868523648514,0.5578980674567245,0.5533896763399662,0.41934239406406165,0.6047074219066835,0.5329220688306809,0.5109513858708461,0.47673060315795146,0.5456415167755597,0.5525339125016869,0.5852261619864391
25.0,0.6544956812503837,0.5624514671867827,0.5818544100026963,0.5762168279748147,0.4918828906309598,0.6040056257606443,0.5971895693619221,0.5516042370882644,0.5242053714423882,0.5483181456155074,0.5921622654572445,0.6350956218409697
25.05,0.6605569422772616,0.6111199353981868,0.6254378898202464,0.6067055147229773,0.5546277318497288,0.5931488492433654,0.6417162296520861,0.6261707120125057,0.600463093742263,0.5973577456343095,0.6271604948259365,0.6579627369273812
25.1,0.6886193855724065,0.6576452400566616,0.649914136113172,0.6638404626148074,0.6374335692088503,0.6297539581166456,0.6522062703427414,0.6370096877421165,0.6560282385899235,0.6348397627469731,0.6831577019036265,0.6835403654305484
25.150000000000002,0.7360482925543463,0.6884894036735613,0.6765112443706154,0.6951923034732294,0.648731667577957,0.7027374063524966,0.6883017963936,0.6874703671972052,0.6831756287072578,0.6525243592143276,0.7146645388652872,0.7376522910913422
25.200000000000003,0.757372009183792,0.7062009124218595,0.718871761372888,0.7410511725334271,0.7139771991634725,0.7389616857506126,0.7355102553221737,0.7348830342904338,0.6994134893351782,0.6734720658121622,0.730825475746888,0.7466567769154245
25.25,0.7989726467798074,0.7445895355262605,0.7565838422373046,0.731991833388512,0.7772932043140445,0.7525559790616839,0.7996482036699555,0.7423517587076344,0.7228120509477997,0.6725408650349832,0.7715491480650352,0.7613713554814173
25.3,0.8092013648745977,0.7531315240841161,0.8016545687017882,0.7808449236991927,0.8272385953849218,0.7705769344250879,0.8279216552979867,0.754421126731188,0.7539026949751709,0.7052711400895235,0.8096961307999306,0.8091931005629709
25.35,0.8493529795040838,0.7723490683377434,0.8443030423595426,0.8130182478995713,0.8420641269827329,0.7889441794324319,0.8439616349832169,0.8144733645091528,0.79343705923243,0.7484179521291998,0.8340908968093211,0.8689173259705684
25.400000000000002,0.8880752144930752,0.7944323731166999,0.8658815600621494,0.840817740511137,0.8638394333555619,0.8084016713824252,0.873164341575023,0.8612258686246407,0.8063042648444348,0.767830406177017,0.8548595861141669,0.8847385033187226
25.450000000000003,0.9267185101377161,0.8402052603792756,0.8998320266520888,0.8657311184854349,0.8791855095352293,0.8170713954877427,0.9027442750245102,0.889144945223113,0.8555935358067864,0.8014396514404484,0.8787680811474687,0.9066496559798827
25.5,0.9480314834342137,0.8486061294466721,0.9265945428783942,0.8919232473712951,0.8860967447891192,0.8190170243500043,0.9195772996943643,0.9235549268951048,0.9010580942458644,0.8406662602694602,0.9226530738996054,0.9246806741830778
25.55,0.9659856304002511,0.8715313250565797,0.9386509822698891,0.9086520998049585,0.8831073646999542,0.8686029140719125,0.9308003117020626,0.9320578603975059,0.9095587616657813,0.8683533271903935,0.9541615541971051,0.9578613363901077
25.6,0.9648197732033618,0.8939356605637278,0.9459929210865128,0.9394940914004455,0.9087037891958575,0.8878246489996744,0.9476917775242827,0.9436562783053859,0.9441246439717422,0.9016316447834403,0.9704601420622849,0.950447493951189
25.650000000000002,0.9745968246464092,0.9371471947355163,0.9696479746391361,0.9417065156972847,0.9251880087167084,0.899696854864457,0.9724861958168809,0.9597333754761634,0.9530714193417569,0.9244633644027285,0.9645817027108,0.9569337437754954
25.700000000000003,0.9833490992204195,0.9595408704719024,0.9690535989851504,0.9564525737410041,0.9509403592254709,0.9090791923015304,0.9825755049772821,0.9719318364228307,0.9768415411695283,0.9417990600161115,0.9753226203099746,0.9754122044341508
25.75,0.9850862097925552,0.9705924344242783,0.9781523477850114,0.9706585855984387,0.9698376626087082,0.9377279254300709,0.9867484080715538,0.9823568500913599,0.9911149120197666,0.9525364259390012,0.985628382677725,0.9841570883099804
25.8,0.9918533503999201,0.9723995389652961,0.9925722646891982,0.9788742726115071,0.984635269856476,0.9517652683244943,0.9910955042201043,0.9937347519427161,0.9977554435395846,0.969311217782854,0.9948059225378177,0.9907300115393098
25.85,0.9967683504201797,0.980236444832189,0.9987188461680884,0.98635514869321,0.9954789671355051,0.9663023356342414,0.9963351866202806,0.9987723017555271,0.9996562547387362,0.9798852319373147,0.9984624536087401,0.9979748122391439
25.900000000000002,0.9988086510275856,0.9891153692165484,0.9999942781777663,0.9964248170024534,0.9983754711940805,0.9879340056065417,0.9991361020833095,0.9999169567127387,0.9999395941101392,0.9841497066386643,0.9994423768244699,0.999593092216456
25.950000000000003,0.9995743274475513,0.9955451970934791,0.9995085212437854,0.9999983933397161,0.999731667903974,0.9975294808170809,0.9998915596195203,0.9998332168369845,0.995134401491252,0.993465094418926,0.9999472310553154,0.9992435323395216
26.0,0.9947700609263272,0.9985527125128626,0.996273098013838,0.9969447054649245,0.9994324403864607,0.9998280820541541,0.9999590937191557,0.9991906113203234,0.992277455579165,0.9989956088085202,0.9985225872264795,0.9974401070033866
26.05,0.9889744303007905,0.9996283764508853,0.9894361298066942,0.9877865903477752,0.9972213789343353,0.999634180737824,0.9974085210496898,0.9992681000200623,0.9839644959175524,0.9961483516503032,0.9946582614466881,0.9929782124696139
26.1,0.9774092969321241,0.9974265761730664,0.9763986262069486,0.9887617114732428,0.9912008861238426,0.9898230261862728,0.990181558899559,0.9979741276024964,0.9741733553912664,0.9947045937804313,0.9826079815856532,0.9894615499278359
26.150000000000002,0.9664646933660336,0.9946057149418124,0.9688545925469527,0.9711167888906015,0.983983675002235,0.9848522919011222,0.9867355419829994,0.997250343789978,0.9716663713902082,0.9877013326616296,0.9661107112414713,0.9829667609667717
26.200000000000003,0.9416495412384266,0.9901516562610851,0.957861014921301,0.965697577984038,0.9695724809402566,0.9629299423655452,0.9851976818691139,0.9920911086194698,0.9506798829792287,0.9854550656268719,0.9486870568766406,0.9640217533244223
26.25,0.9261848862690044,0.9779448417939975,0.9272909269593891,0.9347165054483348,0.9589047269926384,0.9548156876074982,0.9786561086034627,0.9778607722935038,0.9479865288263751,0.9762490240306563,0.9322828419065997,0.9532018397953117
26.3,0.9064599227239746,0.9463493809591278,0.9110105530692159,0.9211943588561196,0.9372123370174129,0.9386431114171983,0.9545943567316371,0.9631514628626268,0.9341099149900804,0.9740590847358424,0.9301716471620907,0.9512890267429186
26.35,0.8833963507125542,0.9418986530641476,0.8768118840276713,0.9009456239941799,0.9243965168287936,0.9304211148536377,0.9312598946855369,0.9528461418270766,0.9254906684874425,0.9503854140732664,0.9067250245556925,0.9345059259649687
26.400000000000002,0.8547723932809911,0.9234611010277413,0.8506905294563276,0.8884872816844496,0.8843931874800908,0.9181354200773676,0.8940493100414972,0.9355763761497078,0.8964219121603386,0.9252696711510848,0.87105788497426,0.9214258056643863
26.450000000000003,0.816968116112029,0.8814819484560369,0.8308708957840648,0.86324975645271,0.8719785946622444,0.901215875167338,0.8489777544816184,0.9234489002065429,0.8846571315166536,0.8858860203356914,0.8382922924252778,0.8724171357874176
26.5,0.7992326431138583,0.8560548546802512,0.8143378391376328,0.8336294749735003,0.8728207410986579,0.8693576271375296,0.8189189839548842,0.8990174447288386,0.8636686746404617,0.8727641697194891,0.800717899040467,0.8602547330905796
26.55,0.7647330331945628,0.8006525998922359,0.7627323985622755,0.8261251967552528,0.8559280946927736,0.838456399901997,0.7932082788071112,0.8881523268011192,0.8304671379743301,0.8466608963845675,0.7416296805572576,0.834193605861504
26.6,0.7165147517788563,0.7938143495482691,0.7506988404602372,0.7826162358886041,0.8140109697324394,0.8247924541887833,0.7636898543411339,0.8750507543518479,0.8029545925674703,0.8057239943261912,0.7207773018528129,0.8056700036678409
26.650000000000002,0.7082180324735692,0.7750555667583247,0.6876998049635278,0.7476165498307598,0.8015467524683582,0.7998410734605432,0.7595387714533066,0.85564123278249,0.7487399355776805,0.7778709800521775,0.6553766232173455,0.7729559577497828
26.700000000000003,0.6774152583961668,0.7329092166788941,0.7051005944043264,0.7085546596087179,0.7721801200075544,0.7437948853945826,0.7089689557923102,0.8361148380734009,0.693886022676953,0.7502521619842742,0.6430891742117697,0.7334791686804011
26.75,0.6480984573419915,0.6724166485177654,0.6625526433083025,0.667786660362998,0.7248301839483144,0.6919520085723515,0.6598072791442832,0.7761251989740607,0.6491451046546155,0.7133509475676787,0.5855513708044576,0.6973449448475645
26.8,0.6110200863387233,0.6049256014482168,0.5916279776298285,0.6283099466508593,0.6987869313645321,0.6297528477886054,0.6074213647360107,0.7297309508018348,0.6200062377835117,0.6704415490825286,0.5520380195955643,0.6689920422061956
26.85,0.5696225010633589,0.5655543469484899,0.5605275683816143,0.5679109351294285,0.6371727414465531,0.5752874972030331,0.5751608988068871,0.6724025066947834,0.5801183977399983,0.655257866091582,0.5010706821494901,0.6223147455814796
26.900000000000002,0.47294451883424404,0.49858644964828486,0.5037919835718034,0.5199756780131347,0.5961649304106177,0.5606807595923228,0.5710060093298406,0.6442713508946543,0.5408897020413308,0.6536480088026608,0.47560720345929414,0.5817375809282719
26.950000000000003,0.440441773993463,0.47858917337298357,0.4700054063059348,0.43844138578629677,0.543586489659375,0.5341477647021817,0.5284335845921493,0.5977429912201689,0.5160228861758557,0.6229080468017189,0.41311073277669846,0.5436364271938045
27.0,0.42624902284720867,0.4422556997846461,0.42425853297784266,0.44192495170783547,0.5053687526610233,0.47451049417610464,0.47330088979706714,0.5020105974794142,0.4444087086788677,0.5448549641431307,0.308343136048475,0.4785257153402345
27.05,0.37870623319696745,0.37973242873716145,0.3918972071489203,0.3920916931170516,0.47787339747895385,0.42378775187146545,0.4411805757250486,0.4698961979339213,0.3908761110448966,0.49937731296464943,0.31842660890009195,0.4615601894267363
27.1,0.36188964972484594,0.36167508597174564,0.3356898758975233,0.33975319750789795,0.41038592734575513,0.36490577609748315,0.3683176362252265,0.40739879655054434,0.3424527347256534,0.4257835418109646,0.25553665062819275,0.4009508918052907
27.150000000000002,0.2836778919715726,0.3739093451055467,0.2952511081199821,0.29860151450036165,0.34002417966475357,0.285435664157788,0.3546887249447746,0.3249838569725254,0.32525635358331434,0.40333467418752894,0.22039830897476714,0.3555542795695132
27.200000000000003,0.27577928386189476,0.3104069560918935,0.23046540086820183,0.223679337565353,0.30857199537835606,0.24692687109522674,0.30446559434865883,0.2374702311613537,0.3446616865859234,0.3744465876109245,0.178155819282103,0.3278147618871675
27.25,0.23299000671604758,0.26656669376422365,0.19982795060976502,0.17518579658559016,0.2501938920750687,0.2124859677252505,0.26452860143353557,0.19831399448561268,0.2911344917468388,0.3623848253009766,0.12423812144735415,0.2832846187802013
27.3,0.15240267465899535,0.2048953562332679,0.12261388420572378,0.15349298074954754,0.21706300564234857,0.20169917328496606,0.23010788571449964,0.12343260711933317,0.2014962954029742,0.33352507592096176,0.09397720086630328,0.22936072676663954
27.35,0.0907263490944728,0.20150991817558309,0.11644039373368643,0.09157216392736359,0.22064925970029342,0.16739231835563861,0.1725671062940253,0.07118783573166057,0.15460646178657372,0.2837454989740518,0.029054108110519238,0.16629039293039422
27.400000000000002,0.06147076181241881,0.1500762958131697,0.05721789965372291,0.0005995568408595124,0.15260752488573265,0.09089327457597823,0.13523971494141115,0.0432571060857145,0.11023862885159083,0.22876759105295102,0.012582384881177376,0.08032185431404183
27.450000000000003,-0.008557869335575377,0.10658741844983705,-0.00813523719273003,-0.04941401845728275,0.08699233387800756,0.08004025052188973,0.08452173940007365,0.001040341915708049,0.04327597347488422,0.18524047420426337,0.029668712262850026,0.05566056907742077
27.5,-0.05231616992909377,0.05373091595163433,-0.09720861823421158,-0.10757914442701767,0.039224917114339106,0.0332009907613579,0.0031207741019744447,-0.02798430923217805,-0.0023972366919770274,0.15286296357971982,-0.05718803816743984,-0.007732906467125916
27.55,-0.08114708014892139,0.004833059365096797,-0.15338256148938595,-0.14462285083029275,0.0059025782799502205,0.0008752115932634224,-0.05673103754984809,-0.06551820381326791,-0.04132071613084353,0.12412869912414416,-0.10734996747478096,-0.05609817681160071
27.6,-0.12077241083277229,-0.05118888587535166,-0.21345429036116526,-0.2052598640267654,-0.055424578801112116,-0.04272708261210798,-0.09206165825009309,-0.08631111419755891,-0.07699317876968012,0.06025133721579441,-0.13503559196832732,-0.11057118308690728
27.650000000000002,-0.14498833080179171,-0.059808104013562145,-0.2730820058395064,-0.23523504218902222,-0.08053024825507794,-0.06530002234143105,-0.15290805353664552,-0.1695106062076052,-0.11838630786990666,0.003710078317379161,-0.2100976475586812,-0.11675583961548332
27.700000000000003,-0.24250861133637097,-0.17349595378222454,-0.24543983568973637,-0.2750991491752436,-0.11014110658693815,-0.11033819810153737,-0.19064838217376678,-0.23376285549590797,-0.1667353994684206,-0.03398900390532647,-0.25065453938459126,-0.18385003608348766
27.75,-0.2577796211833453,-0.17927179275848662,-0.3378574668206915,-0.3023765436434632,-0.15604896028566312,-0.15235659777949953,-0.25270946722012333,-0.31840319844705195,-0.2316922166994415,-0.05772160218652198,-0.2624697144668363,-0.22619798486530263
27.8,-0.29765867364492155,-0.18695393449624345,-0.3956597328386252,-0.3204145790583651,-0.2411829040053026,-0.24837048969473158,-0.29294920694382487,-0.3657673517264353,-0.24995677434800365,-0.1366552681820953,-0.2985397863475787,-0.251616664123496
27.85,-0.33708100494862553,-0.22916859116842825,-0.4249040609995541,-0.3883830635528926,-0.26633378359804843,-0.33524488452804857,-0.30770148050606394,-0.4385450426637534,-0.2760605313314601,-0.19637896124112383,-0.33529934730599775,-0.296699404426647
27.900000000000002,-0.40162077069018004,-0.31835263543537423,-0.488513534932936,-0.4216380430139887,-0.3164711285306562,-0.3574324509246305,-0.333310273348569,-0.4451340647142316,-0.31769487207919317,-0.2602192686369295,-0.3391866923780084,-0.3482008212294096
27.950000000000003,-0.47788880193901073,-0.39183919887383967,-0.5098039434396859,-0.43293596441453297,-0.3715214219871882,-0.34569758993288285,-0.4089025048873253,-0.47571909263202405,-0.41125697555453755,-0.2739088214733298,-0.412388718985607,-0.39663032690923505
28.0,-0.508661975397667,-0.40428327600599173,-0.5577261689605364,-0.4933029478199335,-0.45434331851179494,-0.41677482160202217,-0.44128349604151557,-0.4900116269302865,-0.4254046129587977,-0.3665370559667084,-0.44293499314164453,-0.47890879155024324
28.05,-0.5581318870805531,-0.4583678740893547,-0.5853905759895576,-0.5497697854306908,-0.4914791685115054,-0.45285478264053863,-0.5027192684131857,-0.5257041285466347,-0.4555086415391087,-0.4320949402565668,-0.49027517817862315,-0.5331466534041435
28.1,-0.5855759492812613,-0.47672857093249427,-0.6533632518944867,-0.6202824026823123,-0.547590596960891,-0.48890810882416297,-0.5395104876247928,-0.5925900650279698,-0.49645527818905466,-0.4668022406824035,-0.5763629712632294,-0.5735179328993466
28.150000000000002,-0.6571565730745035,-0.49397287330226897,-0.6928292693260302,-0.693495745356887,-0.5835073760956258,-0.5282085186500288,-0.5586462612064864,-0.6482008237655664,-0.528461700938533,-0.5140078739275374,-0.5924325431639549,-0.6444647189994769
28.200000000000003,-0.7099389323695297,-0.5429208806555382,-0.7011720869818262,-0.7485583446690601,-0.6113194207523387,-0.5496209132738724,-0.5678286972432035,-0.6678082292237131,-0.5468395179288704,-0.548675146734371,-0.6493593845807508,-0.6728030800903624
28.25,-0.7437674068155825,-0.5747106345963509,-0.7325514831036862,-0.8023765537727201,-0.6392073465046821,-0.602079147496883,-0.5833533867572447,-0.7263078168178825,-0.5864806984096659,-0.6159034240095286,-0.6849655965177832,-0.7178155898131366
28.3,-0.781097297657924,-0.6123246857276854,-0.7794246781736747,-0.8114843112353259,-0.6883983431232746,-0.6365432526566853,-0.639057490917155,-0.7462496888793659,-0.635517470063455,-0.6368404783793581,-0.7259079476205472,-0.7502126981125506
28.35,-0.7974582720220431,-0.6563522354821614,-0.8071439330299149,-0.8243308744899873,-0.7179257585989192,-0.6587108847128955,-0.7253531019860254,-0.7906771824989252,-0.6852990044662428,-0.7002085332477173,-0.7268127176161941,-0.7387746885149187
28.400000000000002,-0.8163690606703305,-0.6733560072936435,-0.8280183087662337,-0.8490386143331924,-0.7636724282732726,-0.6790869452854396,-0.7668627594367644,-0.8151018653873704,-0.7319306061275102,-0.7275495205868542,-0.7854629242206033,-0.7718207579983574
28.450000000000003,-0.863962653973582,-0.7023855060804209,-0.8611471898780503,-0.8689113773061576,-0.7857922565567769,-0.7313323651330245,-0.7940651778698498,-0.800258437122535,-0.7175417755859508,-0.7830368146168156,-0.8334242403566363,-0.8314533478700102
28.5,-0.8831510077074802,-0.7223417440281744,-0.8768426961876571,-0.8888075961905272,-0.7977142641439241,-0.7938372736622824,-0.8547779872967916,-0.8352308559397553,-0.7596145521198646,-0.7935912126454219,-0.8780918818216451,-0.8580687026547401
28.55,-0.8986109260730802,-0.7722869697371362,-0.8907519863123196,-0.9090625486346875,-0.8049039888915348,-0.8390758249091688,-0.876619982628111,-0.8751115924659432,-0.7953204376515649,-0.8228636137350047,-0.8848601823854776,-0.8906333922253019
28.6,-0.9075573122439472,-0.8021555853347239,-0.9108287952426275,-0.927216875085851,-0.8102575054159471,-0.8614740755816349,-0.9067250854113104,-0.8918968724717578,-0.8276841583880065,-0.8539571716360819,-0.9048802262435831,-0.8998270106360833
28.650000000000002,-0.925089941068755,-0.8498239766583373,-0.9186938690912128,-0.9390764877608814,-0.8220243518612838,-0.8956588706868851,-0.9236062097561667,-0.9027451208524937,-0.8608360570249589,-0.8648825518584758,-0.9139610839070411,-0.9049700833047979
28.700000000000003,-0.931594083113728,-0.8934070732538363,-0.9298592286875675,-0.9564139178243629,-0.8418552515564336,-0.9222082205502092,-0.9304290692046557,-0.9224088488743384,-0.8891571916589055,-0.9152945242971922,-0.9384072073601673,-0.9197828388455461
28.75,-0.9531656209083028,-0.9355980403387504,-0.9331868882381644,-0.9624942908493613,-0.8689577321450775,-0.9345631119799492,-0.9439863816741177,-0.9280943053809643,-0.9273422629286711,-0.9199375085285827,-0.9523971401450063,-0.9478169465234721
28.8,-0.96583722080651,-0.9429245206582443,-0.9401747510005399,-0.972440731900971,-0.8875308249695382,-0.9512440181772249,-0.9482043348008439,-0.9522093077631135,-0.9465402188591479,-0.9402795749465426,-0.9747182537419038,-0.9593967438825238
28.85,-0.972634279952975,-0.9538337432365082,-0.9564087479713486,-0.9816407565840383,-0.9042085755642459,-0.9493530293564882,-0.9593538615774359,-0.9680961292940998,-0.9627175976208154,-0.9643858147713128,-0.9912987731880754,-0.9765715369684318
28.900000000000002,-0.9884607118757183,-0.9721969982201422,-0.9805028670716615,-0.9950558667004021,-0.9365570671385863,-0.9684040329898869,-0.9715927051535098,-0.9786388834935816,-0.9732402118566121,-0.9789355008380316,-0.9939512297964186,-0.9849573097543611
28.950000000000003,-0.9864140811440656,-0.9896015781551417,-0.9886144686081969,-0.9989938963104928,-0.9652796647633513,-0.9810324424232616,-0.9889282321932303,-0.9821570762555505,-0.9928876728887805,-0.9913254090227906,-0.998153443610317,-0.9961234418210391
29.0,-0.9901161635944478,-0.9944434500896365,-0.9981387025934837,-0.9988745938071925,-0.9808750642693811,-0.9913432931677436,-0.9988241778081676,-0.9846729096673971,-0.9995065662807588,-0.9949824898900608,-0.9996481901134441,-0.997488449421589
29.05,-0.9937249678807664,-0.9988264331375581,-0.9992326045317558,-0.9997976425147614,-0.9872005082489416,-0.9935650506319343,-0.9998754694787114,-0.9939448416715241,-0.9999860579084415,-0.9986373356385317,-0.9992929645882445,-0.9999760713887669
29.1,-0.9980617405561336,-0.999587682390193,-0.9998904871025774,-0.9968963152539555,-0.9897412288910054,-0.9964327236898548,-0.999909019628229,-0.9981756837112118,-0.9995248970168998,-0.9999227682738051,-0.9991005731502511,-0.9998873214100905
29.150000000000002,-0.9998932719126152,-0.9998995569587655,-0.9995929268804489,-0.9941603541750675,-0.9951683115567975,-0.9990957911287188,-0.9978864652265154,-0.9997212254590614,-0.9935990978657017,-0.997650902177171,-0.997543955921196,-0.9977184441156585
29.200000000000003,-0.9990264122916394,-0.9957772724681346,-0.9977801729611174,-0.985029725101193,-0.9991031766228842,-0.9989071898828618,-0.9896088255038252,-0.9993747098132276,-0.9890301260655597,-0.9923301674969282,-0.9933860684364566,-0.987401227986443
29.25,-0.9947915477179584,-0.9918628096117067,-0.9938783947615065,-0.9822666013791028,-0.9996315829988707,-0.9971451320650396,-0.976535919153506,-0.9983503587608565,-0.9808965350629648,-0.9808320393424826,-0.9936780252820518,-0.9674562236964317
29.3,-0.989308249955421,-0.9841742636620585,-0.9836995286295266,-0.9675215614490411,-0.9961906874184014,-0.9885281183946507,-0.9630335787502959,-0.9874936586292243,-0.9681420943707637,-0.9593501363182473,-0.9817807639043654,-0.968379359106273
29.35,-0.9642171609924717,-0.9776290445949751,-0.9629064593072447,-0.9539784846994138,-0.986025937626365,-0.9830947485505951,-0.9454701143446547,-0.9790617800434781,-0.9436460414901213,-0.9443487758862689,-0.9640136632576599,-0.969878779671621
29.400000000000002,-0.9502723659593625,-0.962983143370793,-0.945844276751837,-0.9293965950150221,-0.9780786361354719,-0.9718514500410314,-0.9191964581993582,-0.9795932071066568,-0.9232318453350351,-0.9337504193328524,-0.9556294460909869,-0.9526088940950517
29.450000000000003,-0.9218617688174446,-0.9398971404966411,-0.9293337486961244,-0.9017871971888826,-0.9600357665927306,-0.9589144076412105,-0.9095825453308413,-0.9699051274935195,-0.8974373948177525,-0.9187066889482297,-0.9468557050774884,-0.9491757304940855
29.5,-0.893267365467441,-0.9279751628651111,-0.9057271731001516,-0.8662903600892184,-0.9550956088656741,-0.9432247315925156,-0.892474005895517,-0.9506089565220477,-0.8637171066739867,-0.9151841565759496,-0.9216234117975071,-0.919839169671593
29.55,-0.8738859287554944,-0.9099904291955797,-0.8781218022707848,-0.8393748425509926,-0.9327226599628038,-0.9191036239947492,-0.8829693337503272,-0.9214632730755412,-0.8275853320071125,-0.8933458397417235,-0.9145797561153018,-0.8984699899953436
29.6,-0.8474298267864842,-0.9010172104467403,-0.8578715214993835,-0.835111300156343,-0.906428833953949,-0.8960036411631745,-0.8795676687781129,-0.8946000896986334,-0.8070373258643702,-0.8650018563896154,-0.8937757318678105,-0.8828811493164632
29.650000000000002,-0.8329000915330784,-0.8837419630094742,-0.8309410161641622,-0.8065509966142698,-0.8866912954937504,-0.8780118959770412,-0.8583303094512503,-0.8369225875177013,-0.7960632659457869,-0.8490954093369497,-0.8223577788243629,-0.8502218380540949
29.700000000000003,-0.8248399206567213,-0.8464469177582867,-0.8152781821647878,-0.7634952850291498,-0.8649101319191567,-0.8580636796434167,-0.8068592906369776,-0.8018125320148034,-0.7546712106587374,-0.8169662377382033,-0.8000160079968732,-0.8117363755767684
29.75,-0.7750226501839675,-0.8159800030902497,-0.7546471010387441,-0.7187903442008645,-0.8350788622478119,-0.8263247968582412,-0.7747126249675508,-0.7926252641573464,-0.7292305942267846,-0.7856035220633679,-0.7750160945954235,-0.77462611876935
29.8,-0.7419282838174744,-0.7729188634893298,-0.7100974369809642,-0.6841990088115952,-0.8254948437784201,-0.7677829079744691,-0.7448351636045492,-0.7620682915971478,-0.7059095696227883,-0.763390755107633,-0.7142591191939021,-0.7169145416910329
29.85,-0.6989113608851169,-0.7418316301092791,-0.6639128582143665,-0.6490834742707396,-0.7958717531115782,-0.7300907862587429,-0.717796690137724,-0.7233696834785587,-0.6699501966791155,-0.7200618787149607,-0.6902371958277231,-0.668666296325424
29.900000000000002,-0.6790317360337652,-0.71681335534222,-0.6382035081272392,-0.6344356699015771,-0.7442398529544966,-0.7135619488520661,-0.6932958304325574,-0.6640376661522189,-0.6469423994061945,-0.6890230664402556,-0.671279181336659,-0.6160713487902482
29.950000000000003,-0.6238822818654253,-0.6663360825456415,-0.5897800954755335,-0.5949692851126127,-0.717833652215303,-0.6925318372249615,-0.6295547942758943,-0.6131302156857072,-0.624814352270676,-0.6524656985137053,-0.6370099356717207,-0.6025844745156101
30.0,-0.5809043088734255,-0.6365986948548098,-0.5709638856647931,-0.5858127920715805,-0.7080425868736431,-0.661018054255297,-0.5921045955004387,-0.5942473457964036,-0.5731724590308537,-0.6162520143810003,-0.5832980734769776,-0.5668588155361555
30.05,-0.5575991668705272,-0.5952418528190975,-0.5569013249845142,-0.5322225256603683,-0.6849422703184308,-0.603120398250784,-0.559207872516658,-0.5333681655363672,-0.5585545572946264,-0.5916604396993855,-0.5334218230354341,-0.501401664820385
30.1,-0.47932816781520027,-0.5541780414970391,-0.4733334596457206,-0.49601718615049867,-0.6209239789898988,-0.5825574040201321,-0.508552110111208,-0.5451370533071225,-0.5412445961207808,-0.5413055285919065,-0.5193548075867082,-0.4522834049869588
30.150000000000002,-0.41824469652027757,-0.5234024825868353,-0.45331069296339693,-0.4623953168615809,-0.5975353263921422,-0.5421062867308443,-0.4640734722137482,-0.5083943230165241,-0.4603939409627358,-0.5155875227164648,-0.44276909135459275,-0.4356779092495921
30.200000000000003,-0.3765502976550317,-0.45387885855132837,-0.38287180884303024,-0.4260588717937969,-0.5405893994459775,-0.48914549202126995,-0.43323543716676427,-0.44987506837649893,-0.37543119810614506,-0.4617058464720638,-0.3856358049039914,-0.3769969186595918
30.25,-0.3683250765624898,-0.39962919735236185,-0.36205408618400264,-0.3908493666973669,-0.445994001962178,-0.44932155518639033,-0.40384533066227196,-0.37728992414457846,-0.3565504196128647,-0.42682665931634484,-0.31077164361993365,-0.33174713281354307
30.3,-0.3587200667828459,-0.34304242876462604,-0.3239689114880507,-0.3038507420663792,-0.4156137207998077,-0.3782795823074577,-0.3134596157095518,-0.3525644828187282,-0.3170342337356739,-0.3710842785609714,-0.28776763963995755,-0.2802486653099836
30.35,-0.3136458773531488,-0.3049091057095846,-0.27358693895336167,-0.25391756920032627,-0.3652461544295786,-0.3464134273922014,-0.2809017026387675,-0.3078452896090508,-0.27245357597051084,-0.33439504622541627,-0.23332923066246603,-0.27857913408290214
30.400000000000002,-0.28054390507738025,-0.26693071086640136,-0.245462271143433,-0.16597607929522804,-0.31839995806208415,-0.2949045854036515,-0.24548261499232676,-0.26044627251314534,-0.2560981349386993,-0.2904698595423976,-0.21045175201591693,-0.2358513731150166
30.450000000000003,-0.290363861711241,-0.24880676824707054,-0.15882166035518358,-0.10125747894033668,-0.2400098816428681,-0.2141691589162356,-0.18078038969185556,-0.22371464814620765,-0.23282813065225547,-0.21422104506232045,-0.16089469281112745,-0.1243994783854039
30.5,-0.24077524887132742,-0.15065679844584917,-0.11429026665683904,-0.024174051229729442,-0.15301136329479872,-0.19388827359335492,-0.14478428051589243,-0.1989018769531249,-0.21079680100398399,-0.15055035127138178,-0.11664504498189072,-0.0778153068615177
30.55,-0.1678372837050696,-0.15100681352759743,-0.032785526353808325,0.008446958908974385,-0.09747553307864835,-0.129826859242495,-0.060828324769787584,-0.14844257248006956,-0.20768372800460064,-0.10269775394941258,-0.061522319380861015,-0.057682373436283414
30.6,-0.10679254745206906,-0.1095180550569722,-0.020173644266383288,0.06802751940133152,-0.06982072660514668,-0.09252971543461774,-0.025934546783594883,-0.06455095756663613,-0.14897340793813735,-0.05411322531333872,-0.023006576233850985,0.00263567985680055
30.650000000000002,-0.016739224646183777,-0.04211105697277728,0.04662099801980804,0.12453132561430015,-0.06054958063089111,-0.06585115164865404,0.01666294930590382,-0.03292763174328452,-0.11640681755038623,-0.05429961216610692,-0.006232002190917016,0.043684135582004915
30.700000000000003,0.03304449433597743,-0.013268933556342542,0.09545245497485003,0.15338273905472466,0.013555097206381473,-0.019935363258238567,0.08146669381234659,0.022803294401684035,-0.09139922285305568,-0.0059472181026429234,0.015652816022978064,0.0882692434399309
30.75,0.06540523038068176,0.04653536966469768,0.10840022399221186,0.1946411297241474,0.07175650245467384,0.05261722332646077,0.10772653306378027,0.07275310759981174,-0.02477427030609314,0.08292558132566019,0.03367853141533239,0.112768827876139
30.8,0.1868522498302895,0.08851049294803144,0.1109761512886516,0.22141531463652375,0.04531555670565338,0.10571169688020741,0.17472279087752948,0.09903733040769166,0.023553786831037687,0.1515341108699465,0.0477747253878326,0.1291452616515347
30.85,0.22435334615355904,0.11809783568762497,0.15667443597820074,0.2325804691585207,0.09975117669219778,0.14742165111030126,0.2317733440133295,0.15399043200751167,0.08774215608090179,0.15826061650870343,0.1201219253166079,0.17212034357447836
30.900000000000002,0.26351233853019207,0.19329633390520465,0.19136171634151591,0.30958645723210904,0.18312693083878276,0.21111709928499248,0.24979149424333938,0.14861294631973912,0.17105679114150166,0.206847464546697,0.15852527627306162,0.25135380006590485
30.950000000000003,0.28692979759608356,0.22957336983619148,0.25780784686973646,0.3245820281567099,0.22460870919250905,0.2809676593831545,0.299672723508473,0.23332412220035895,0.25158316605614495,0.25285874005017134,0.1590262178394834,0.27200891048735915
31.0,0.3505364561314017,0.23913637410093078,0.3007051937364817,0.3761795060423193,0.3038574199890944,0.30759106538406417,0.3280742922487695,0.2814326674242133,0.30839873617372043,0.29429883912232907,0.2468010711120217,0.3021870068584894
31.05,0.3962175263375011,0.3004120046538732,0.34169512227744475,0.43740088358178947,0.3472343276658579,0.3678933543668642,0.37744855270474803,0.33888995904217367,0.3401883217883639,0.32451870316184894,0.33291685299609364,0.36731609199899384
31.1,0.41571551882314395,0.3535769757390379,0.33718989024769624,0.46469780465038996,0.40940816368317273,0.4051637158083631,0.4243307176490848,0.315433404121503,0.3792232931528061,0.3791895964727867,0.39588341163125307,0.43686146249027136
31.150000000000002,0.45489915927411045,0.39620848452086144,0.3613021894222689,0.5004051048714858,0.4175256052208369,0.4027098008934868,0.44235574458346416,0.4038246695171607,0.42020000962231224,0.42824423283590013,0.43266311942992985,0.4400796080005944
31.200000000000003,0.5172111353829333,0.391360289489819,0.40387698688085105,0.5379507534722706,0.4613689365528804,0.4291821182873472,0.4447513464954366,0.4320474568745565,0.448819793051131,0.452428257637777,0.5006948839039279,0.45895837962548797
31.25,0.560886154614451,0.4431867466076152,0.47823869015871784,0.5721547806371801,0.5150170467275648,0.46813516427616125,0.5000405650867654,0.44458664608158993,0.4352749428924059,0.5021063392814514,0.5511443174471393,0.515514723057742
31.3,0.5861728510357118,0.521502420600908,0.5163555519515982,0.6169247372389551,0.5615800828961836,0.5467859446632108,0.5364052339516988,0.47884574931700435,0.4529553529684845,0.5737949092968541,0.5985832878402324,0.5680980140487427
31.35,0.6821916348517919,0.5692778210806162,0.5368378416925057,0.6481485541630932,0.574841207170019,0.5757158829758375,0.571157807270882,0.5153026687695761,0.4759542815333237,0.6398790119948438,0.6415190488249418,0.60452408562852
31.400000000000002,0.7234112399701886,0.6174558493688003,0.5913401867222763,0.6949703515095302,0.6127519409985519,0.6260703605529577,0.628238410698251,0.5669708021985516,0.5257733453314296,0.6980029580432686,0.6678010576088705,0.6518184740956766
31.450000000000003,0.7567485877718604,0.6429859622524252,0.6218312134570679,0.7210572954386347,0.6383161460583937,0.6334701606367881,0.655180572152039,0.6184288166381298,0.6040793389979854,0.7343202903082975,0.6560013558627584,0.7011241862107235
31.5,0.7725223498164739,0.6879746218337409,0.6665614062273209,0.7491290012463704,0.6711004194341185,0.6703124870343001,0.7174123627226713,0.660343786167969,0.6696793663050958,0.7741060970697903,0.708331394907816,0.7037886301624958
31.55,0.8145728260393864,0.7142240672821898,0.7213939029882577,0.7642236014890708,0.6838189955249289,0.7403961387792027,0.7345232030171702,0.7207086407645804,0.711467281342272,0.790234974658576,0.7440537000674252,0.7184210376055414
31.6,0.8365213069773977,0.7297242351147734,0.7522912550981016,0.8092906449655147,0.7238777414239774,0.7454571022577574,0.781742069499823,0.7552821522409748,0.7392705821054983,0.8240576887218128,0.7756432457586082,0.7369393147712447
31.650000000000002,0.880526040672017,0.7638262026426035,0.7864510310866552,0.8304970915905142,0.7757127565103361,0.7684788146774342,0.7878432777994525,0.77703404482833,0.7953474154796645,0.8556483872346197,0.8038882709435191,0.7960921456742883
31.700000000000003,0.9054949873236711,0.7924008263081791,0.8172732518862215,0.8610252211420938,0.7917844957651454,0.7998118734732985,0.8237905284814947,0.7838081590275292,0.8226728666614607,0.8706104117425567,0.8483812274676308,0.8010231908019111
31.75,0.9162801905387276,0.8161183413760932,0.8601776737502912,0.8837739777036084,0.845261659494362,0.8377988724207914,0.8463714060099268,0.8209207000659162,0.8458666446642161,0.8985784543406624,0.8570269696735746,0.8227490469227945
31.8,0.9349816505051847,0.8615784821749035,0.8586968176948558,0.9193121774329129,0.8663009517901847,0.8383851511654702,0.8340437479474401,0.8304498261126402,0.872119114177139,0.9138013517891012,0.8905640581073946,0.847722973768348
31.85,0.9382221832971749,0.8803050348013581,0.8865101084706667,0.9376258487075683,0.8781118144954027,0.8765519332653465,0.8568717067545608,0.8496641664562341,0.8895694746061804,0.9381509365545656,0.9108743004686141,0.8687670054055572
31.900000000000002,0.9582820931922564,0.9242452021300035,0.9126867575973966,0.9607291141350692,0.9101303017495361,0.8922141332555357,0.8857940691406077,0.8630351985506916,0.9096194218644904,0.9449055943094149,0.9265414028318888,0.8878184663235317
31.950000000000003,0.9669639151969678,0.9446078127807804,0.9323791128045281,0.9591488261624583,0.9203109731267489,0.8978609599919041,0.913606166023722,0.8976807006065586,0.9322453843444903,0.9510465251533448,0.9465592391072175,0.9089492674864662
32.0,0.9698829783826978,0.9628489464251181,0.9564260244944808,0.976440275179672,0.9317397425159321,0.9312588858577707,0.9302990725173608,0.9277288872347956,0.9450933150246614,0.9614296363832995,0.9429426477245996,0.9292716049510882
32.050000000000004,0.9800390161539855,0.970691329363425,0.9796746867264191,0.9794207608766782,0.9432290375102648,0.9408379181205136,0.9447982989632249,0.954753075498644,0.9701482982507571,0.9679365527278675,0.9546648009843832,0.939863856739524
32.1,0.9923369420724698,0.9852080787346478,0.9873790794343813,0.981686862386856,0.9483349926950051,0.9583183574548061,0.9653925507932755,0.954641604345413,0.9788155388425184,0.985732839418686,0.968512560998464,0.9686589855431841
32.15,0.9977871355965606,0.9874216836146807,0.9928125483077481,0.9895803858892,0.9568761999643942,0.9656749794073168,0.9852745704367722,0.9636751572469012,0.9914037620508973,0.9903480160555755,0.9808323471105512,0.9836105896481472
32.2,0.9991435222867101,0.9949377045798443,0.9923315220908034,0.9965508122997971,0.9545509528592463,0.976932472189449,0.994946051694648,0.9806834701073531,0.992996968698983,0.9921229399967106,0.9875426562872889,0.9924193018497437
32.25,0.9987064985217474,0.9982509796830978,0.9979003527792213,0.9991120242353356,0.9733842229492363,0.987638308198165,0.9977148065201665,0.9818255679082047,0.9977310563373579,0.9945605930127006,0.9931367453363786,0.9982083013934012
32.300000000000004,0.9995264289415932,0.999829888969157,0.9999987576113105,0.9995388180455854,0.9855947386845779,0.994121475158897,0.9999470803972726,0.989250329453745,0.9996396828407975,0.9995207402899677,0.9979273260070791,0.9992555063456808
32.35,0.9905242269970602,0.9999964148804014,0.998986870712478,0.9995458129449765,0.9940578759598793,0.9980438230768643,0.9987398725118782,0.995565411388699,0.9999749342595676,0.9977211556533331,0.9998890131163275,0.9995982376464234
32.4,0.986006638463505,0.9993829969583741,0.9965812503612458,0.999087667008346,0.9982326732609996,0.999776629556778,0.992126590807515,0.9978595292752686,0.9995589882050299,0.9963482121406505,0.9970570738868371,0.9983493348009026
32.45,0.9757413507777967,0.9943500740954252,0.9917627636098113,0.9980518375563752,0.999166786078267,0.998654309657993,0.9906743090173792,0.9999910404609224,0.9964606535674654,0.9905471933021521,0.9903521540031549,0.9962928813608909
32.5,0.9725507140754037,0.9857971614772585,0.9868773502091392,0.9987252966537518,0.9995222796284162,0.9971979128806796,0.9811410660109361,0.9953337602352664,0.990847182721446,0.9791328363431184,0.9816625230837338,0.9839111683059157
32.550000000000004,0.968805830079222,0.9776372485874051,0.9736270716459556,0.9940880274571422,0.9936054023265235,0.9933100412172037,0.9577569933194822,0.979439678006077,0.9813912539409277,0.9666529678628191,0.9636865954072014,0.980170972347303
32.6,0.9652993072355829,0.9587180860555977,0.958982802988982,0.9861918232949948,0.9864720549754732,0.9939924458695854,0.9464643155269156,0.972950415886872,0.9645212450122659,0.9476677411075812,0.9455133534474983,0.965636176063809
32.65,0.9619285497372556,0.9409518164616965,0.9384584665907888,0.9664300015031271,0.9641509188351481,0.9920292286572335,0.9352268085848866,0.9650326788722234,0.9492508511183785,0.93425042861369,0.9318184206417255,0.9425293178278247
32.7,0.9543651614351032,0.9355076517130679,0.9304154005728631,0.952621655337408,0.9600435500873219,0.9824538808940194,0.9200651541136284,0.9558611037575979,0.9248374792781188,0.9195942542752392,0.9026880977172901,0.9266844669939766
32.75,0.9365682406343427,0.9244100150508167,0.9109962472966543,0.9270793800428024,0.9486953067260507,0.9661227915291682,0.9101927655956888,0.9320957546847894,0.9126153634831901,0.893455815352633,0.8823503522743877,0.8904506715876678
32.800000000000004,0.9269690602713965,0.9206629789956114,0.896007277130264,0.9191507140799536,0.9437333675651509,0.9443775344251879,0.8894470302392098,0.9170330487027111,0.8964009451358499,0.8819485947327494,0.8388216324015487,0.8776460251356066
32.85,0.917975447556992,0.8914506566977712,0.8750227298739421,0.8714125095062489,0.9301563112655379,0.9166822879942882,0.8533698705527821,0.9010977263170383,0.8831473282182469,0.8522736707514315,0.8082111363279284,0.8720827745313643
32.9,0.9052292858578614,0.8984851122060523,0.8410885151985905,0.8485786783914804,0.910920893356617,0.9125582518770888,0.8443475943641127,0.8826815649315718,0.8671248557852201,0.8288120961102063,0.7752189935271805,0.814513250840209
32.95,0.8782953895453456,0.8599731088312738,0.8256374410700922,0.8437869700815319,0.8920488155560643,0.9061071673073571,0.8181327685196351,0.8666307954137566,0.8662377783557211,0.7792727251290229,0.7594063015896539,0.8126726237315469
33.0,0.837153885814522,0.8440172559443732,0.7799467086929923,0.8243726294485377,0.8741551243067751,0.8761915883699971,0.7818528802855447,0.8284228552584031,0.8392133830986416,0.7479326749531471,0.7205240551466415,0.7810561807533082
33.050000000000004,0.8077235575862424,0.8358255841536195,0.7394053368895682,0.7909981881694863,0.8524187318297435,0.8302223362277231,0.7758745418614043,0.7732151146531521,0.8087108772044306,0.7180072145392228,0.7000221907627211,0.7772803927396825
33.1,0.776439461641778,0.7997971245621567,0.6957743770029813,0.7596973861166373,0.8529810832781305,0.8225011306273065,0.7088990081055804,0.7607974346832009,0.7530103549706678,0.7089599744192298,0.6737871725673075,0.7331996420044354
33.15,0.7546687511638313,0.7408935994872339,0.6619138609801187,0.7152886607829118,0.8248177490168425,0.7794376805374644,0.64794950467853,0.7300480663377191,0.6888790135625277,0.6915627792429974,0.6275952570139054,0.6897321519844506
33.2,0.7344216472561012,0.7028881959038334,0.626830670865592,0.6922219898641923,0.7842891349290425,0.7417331790694588,0.6173141599739442,0.6955620544887985,0.6563078192503411,0.6665277732465712,0.5917262704225016,0.6651123114604902
33.25,0.6441568822628835,0.6933348452181467,0.6024132116297377,0.6610313944326685,0.7128006147798124,0.728089682350206,0.5751590000811345,0.6537596025661767,0.614096285117999,0.6085921577355975,0.5321227749166266,0.6351759520527104
33.300000000000004,0.5998472574961788,0.6887272761792771,0.5611923106589841,0.6330738257683155,0.6787720863270701,0.7179343788035131,0.5314451124937908,0.6475931381568805,0.5736189862012415,0.5990946892661163,0.5159321730680596,0.5703084558591963
33.35,0.5470821094193187,0.6249394644822683,0.4882136141358114,0.6038720662724768,0.6112705960742001,0.7022138798024544,0.4801996935205954,0.6158073727336609,0.555488768424549,0.5496917361961711,0.4586716436877206,0.5107002447142879
33.4,0.5006535910585175,0.5797387403112572,0.4374714124674768,0.5498147164331979,0.5614666841746129,0.6525036660084976,0.4251491233045837,0.6043947074545012,0.5170195512547074,0.5411147791290396,0.4153289976987471,0.43332363902586996
33.45,0.4681931811259037,0.5331176241647665,0.3804147830065254,0.5451560603114578,0.5329822184364977,0.5977797602099489,0.4544616286495339,0.5765901886745893,0.4495623722962872,0.47734877336108567,0.3683444738215063,0.3735582774658378
33.5,0.4188371677511423,0.4764391513645109,0.3488003748606343,0.4903930173793616,0.5053559330018321,0.5232147750376818,0.37674038594552933,0.4970299114890091,0.41700683066453653,0.45766963773769415,0.2995585697217838,0.3221713642103996
33.550000000000004,0.3652169602716292,0.4451265115204292,0.29679461655932915,0.46092658452838714,0.44677833209806067,0.4445783705736248,0.2961825791447231,0.4314454548716611,0.40419920573215096,0.4083812503831038,0.20949910480556241,0.3032643255571532
33.6,0.3197133318802086,0.3641591636757463,0.23908392089808678,0.3467512343183021,0.41841177660043105,0.41987663749718673,0.22618630657944952,0.40900395201443074,0.35991916024379284,0.3638232203080477,0.14852819681508564,0.24497428623150272
33.65,0.2600962059086411,0.3264830235917806,0.16597115593225215,0.1959060012639519,0.3541365608870498,0.3668670729822714,0.21833549031096416,0.3703272815565405,0.31425680241050663,0.32859160226560186,0.1135295926653676,0.15736946524846604
33.7,0.18028019593522493,0.28052908215370664,0.1534677761360525,0.1168261638934623,0.30671088402791424,0.3554281492646572,0.15597637824010432,0.28976131045576803,0.3195988618923851,0.29766940278768705,0.07829842607722533,0.0973897407569626
33.75,0.14648751651256356,0.2504305275224645,0.08954865899848924,0.08537552397335099,0.24457953430417614,0.32627633703002745,0.14591101681616486,0.21746861771498274,0.2559339209191769,0.22275518216680817,0.05241550323334344,0.07660887550206258
33.800000000000004,0.06479461637794433,0.2356187850314628,0.01414299476871717,0.007883310583207612,0.17556968333576023,0.2853981446181698,0.11917000312634161,0.17076400327059688,0.2310806393112673,0.1961432814106162,-0.004745550117812479,0.017389129837573136
33.85,0.046032606307487636,0.16337587901883005,-0.03899313517291601,-0.07173276293728083,0.11489130814560043,0.2007101584080776,0.05774156356467405,0.09380405673817438,0.20346381647515374,0.14635717317005212,-0.044195870146605434,-0.018734458355715623
33.9,-0.013739397921276097,0.09306404821816289,-0.09071367082701216,-0.10671854584976867,0.08688326552886584,0.11662623972328695,-0.00012070934791847043,0.06837879807263449,0.14603268908525657,0.13595299302346167,-0.08701413564544984,-0.057889710184086
33.95,-0.04678940833716562,0.0008906340573587739,-0.10330745741566483,-0.16455834056064145,-0.016106410352292978,0.035956423576924454,-0.04739097740373427,0.043644336813596606,0.11825588380144891,0.08882382407607123,-0.11215356202374147,-0.08476042812311853
34.0,-0.0874868524116192,-0.04486272249234662,-0.160023196270794,-0.17321685031712197,-0.042025214959843106,-0.01081185543425972,-0.0905799501385556,-0.05769737052241968,0.04861372719203081,0.071395884293958,-0.16678531956250217,-0.14504364584486754
34.050000000000004,-0.1337155314765626,-0.06302739080021814,-0.24625822924116164,-0.18977466105903257,-0.10353617242119183,-0.06663407562820735,-0.15374190271446447,-0.14997328431443324,-0.027317249434605756,0.024597672476672588,-0.23693109366726914,-0.1746469066995145
34.1,-0.18764602583755904,-0.08290465843729279,-0.2608702180342029,-0.23737266153504671,-0.1568394645764608,-0.0749029658103471,-0.21297684244789494,-0.17557869916659002,-0.11893245298271919,-0.02828765147265883,-0.25081348525093744,-0.22385244998401313
34.15,-0.21343653727277942,-0.16830885166980114,-0.3026487926233867,-0.27882844227604636,-0.2139458748749104,-0.10380089805320532,-0.22636027719013133,-0.23252615629467793,-0.14607815411698022,-0.06131102731429065,-0.3141130267878073,-0.282432951260981
34.2,-0.23272760262166436,-0.20256335156181673,-0.3227177300762519,-0.3652846549106224,-0.2766667737354707,-0.14867667728576614,-0.2877262185084002,-0.24495120405465165,-0.18538088748826995,-0.12541332180794468,-0.36522116076653605,-0.32387741966886185
34.25,-0.2906025732750473,-0.25457417794380965,-0.3622972112278914,-0.3977069293164908,-0.30495350308275276,-0.20933110033264568,-0.3424388192886235,-0.29787401233042066,-0.21266698457516683,-0.16006210147408767,-0.4133097710545942,-0.40119917846684444
34.300000000000004,-0.3441996854234953,-0.2937864930156731,-0.41075756606203206,-0.41186368726544514,-0.3753844115749246,-0.26692304341129475,-0.37030877445602023,-0.3408042886143008,-0.2576350339183772,-0.25218962072693246,-0.44663121621424334,-0.44357495695549976
34.35,-0.40573957723021387,-0.32560213756816025,-0.4571624504141479,-0.4606021239739986,-0.37617206078037363,-0.32426315224836083,-0.41392376238817474,-0.3902991314044812,-0.31577964923906576,-0.31309397483891427,-0.5138561119329784,-0.4558007978288968
34.4,-0.44350174767516815,-0.39106471594880693,-0.5082862471035016,-0.5114764776418153,-0.4785039861422899,-0.3877158250173296,-0.4826685130753597,-0.42841927726665113,-0.34764037921803254,-0.358000127859437,-0.5629233971135684,-0.5055958676491026
34.45,-0.49836954849081716,-0.4340066973051238,-0.5399861687976941,-0.5474962301066311,-0.5279961886524784,-0.4537681150468228,-0.5016996150642115,-0.49089991424925217,-0.3894416962544425,-0.42108894645784606,-0.5921979290671071,-0.5779458326813097
34.5,-0.53336309710361,-0.48519121811540483,-0.5922254997849492,-0.5692733779331922,-0.5590651984994494,-0.49189191154492995,-0.5336682185568103,-0.5242286062118497,-0.470585890297491,-0.4573664583664584,-0.6368398093728262,-0.619307330871519
34.550000000000004,-0.5477920339661179,-0.5411804652695974,-0.6013854908330942,-0.6222772418364303,-0.5814983851931242,-0.5353618874765884,-0.5496185238281293,-0.5692015017718165,-0.5406040781923128,-0.4890690419528967,-0.6570223364990567,-0.6614145644054787
34.6,-0.6022451636924154,-0.5320251135310676,-0.6783113274960021,-0.6689771260866821,-0.628396598101024,-0.5736802055653376,-0.555692381971944,-0.62250561677883,-0.57384328022724,-0.5492164908672343,-0.6850112733160764,-0.6967776153772616
34.65,-0.628647465555858,-0.5960652267431417,-0.689306797515435,-0.7418110419215662,-0.7004185032037149,-0.6455779130985654,-0.6279706156202227,-0.6576262315056488,-0.6407284966495368,-0.5921556740116719,-0.6890420078725787,-0.7518335225049494
34.7,-0.6918153187552326,-0.6384624697934735,-0.7029954094604378,-0.760501367621932,-0.6945592824661303,-0.6981109070457795,-0.639775328092365,-0.6993890263358152,-0.6649869772537872,-0.6083541078953058,-0.7286685680102251,-0.7728510763953751
34.75,-0.742209554731292,-0.6548355307560928,-0.7258714686197789,-0.7502051233000049,-0.6854358697602582,-0.7590259870282194,-0.7201048847534587,-0.7343653879019121,-0.6893887314725081,-0.6474657940000226,-0.7749880400927832,-0.7906567407688606
34.800000000000004,-0.7776333780448443,-0.6954589337204843,-0.751844266539183,-0.7740120633932939,-0.7244248191694558,-0.7688355478040225,-0.7619792216950331,-0.7579788910674892,-0.7302501373869565,-0.7145479634086985,-0.8006409758228742,-0.8292917324562025
34.85,-0.7797799027789548,-0.7258669715428582,-0.786764313687927,-0.8330370532093374,-0.7232205304617549,-0.7942622918500609,-0.8150088366793373,-0.7766845229082431,-0.7627214637729012,-0.7561006144724352,-0.8303643376404974,-0.8715931402169185
34.9,-0.8182584474737069,-0.7840253152329438,-0.8134505193254304,-0.8481361572870916,-0.7546917178356244,-0.8033468247354573,-0.8474409793205218,-0.8019753250286606,-0.7863950691669862,-0.7966333153169177,-0.8402791489548086,-0.8984067069088679
34.95,-0.8401523883322948,-0.831376628359133,-0.838215167075687,-0.880327498209477,-0.7907766721793942,-0.8407972075724633,-0.8719014147103744,-0.8078206625331064,-0.8334717140417581,-0.8247091798814761,-0.8757800767751001,-0.9210425079016403
35.0,-0.8577932252021389,-0.8455823481264987,-0.8749116217492007,-0.8985115221045877,-0.8347652497587068,-0.8626480736695081,-0.9046439354979284,-0.8452142947286021,-0.865035343830687,-0.8474777742480265,-0.9005172943222017,-0.9451251649736656
35.050000000000004,-0.8840185685525792,-0.8784758892242365,-0.8999085898261432,-0.9200831598335839,-0.882363334503454,-0.8991980002844516,-0.9233349598097973,-0.875765532000432,-0.8818403611073771,-0.8718724925053201,-0.923382927935885,-0.9623044877819131
35.1,-0.916151167314885,-0.8893726738068771,-0.9311335080424376,-0.9375423977525214,-0.8924580624456877,-0.9308816865511371,-0.9516599478935496,-0.9036042196485197,-0.9135371318506572,-0.9049857988795822,-0.95209852447873,-0.9756640071008484
35.15,-0.9243275873321098,-0.9324517984384604,-0.9568965802014044,-0.9501437415749293,-0.9033981458933884,-0.950010210488968,-0.9622176149596975,-0.928733775028862,-0.9404435589005258,-0.9204923654763241,-0.9575505941393762,-0.9848216664049113
35.2,-0.9400975667776222,-0.950305590036077,-0.9612893694659214,-0.9634228919616101,-0.9315289976328518,-0.9665940498936364,-0.968728728668625,-0.9374065543725945,-0.9567361389463693,-0.9447082093572111,-0.9730037168194008,-0.9887756198711709
35.25,-0.9601331243882893,-0.9735738786947081,-0.9754630669185368,-0.9663613009023387,-0.9502973239728356,-0.9862097191178907,-0.9722319393200043,-0.9554734230416767,-0.9688362225862343,-0.9608936038540088,-0.9838275587835317,-0.9966259643524658
35.300000000000004,-0.9747806563725248,-0.9883193485864891,-0.9850519006983289,-0.9775072277374559,-0.9602482639123608,-0.9849595126902779,-0.9840962283078886,-0.9814493893052464,-0.9825120272177178,-0.9775738479098546,-0.9898957459873474,-0.9987371106967022
35.35,-0.9895165468634645,-0.9982106261747792,-0.9964902516732494,-0.9908259714038713,-0.9737183945907572,-0.9922654364952069,-0.9891781568261733,-0.9839697522694675,-0.9864182788669094,-0.9870137527084716,-0.9950017614616573,-0.9988955159043974
35.4,-0.995650546047515,-0.9995764458344945,-0.9978953790902467,-0.995894304725818,-0.9827882662557591,-0.9954160634743847,-0.9974089834177061,-0.9850103229896471,-0.9870081641732866,-0.9937694187108923,-0.9988839933564028,-0.999969724922677
35.45,-0.9984581256940229,-0.9999206120191998,-0.9998891624155306,-0.9988399853754449,-0.9954348311043126,-0.9982698127850728,-0.9996893121616656,-0.9985022228229381,-0.9940112617679869,-0.9987829461124934,-0.9998407134698871,-0.997612105401899
35.5,-0.9999883591441694,-0.999362672507797,-0.9992601738672802,-0.9999708377275649,-0.9992258812143374,-0.9992430716103615,-0.9985043052615526,-0.9999941439795206,-0.9995233603018919,-0.9997310197144242,-0.998234366763056,-0.9908470108037826
35.550000000000004,-0.9954922543413707,-0.9981430819798102,-0.996976452549004,-0.994631432615077,-0.9999347519383397,-0.9918645727484089,-0.9942634050603354,-0.9981876601047046,-0.9998597994008818,-0.9986732878323538,-0.9897638472629068,-0.9885635949653756
35.6,-0.9907275730118371,-0.9913059832883312,-0.9917992432337867,-0.9897759859054209,-0.9962964144513423,-0.980921150736692,-0.9896341497019872,-0.9932071439817726,-0.9990683431038051,-0.9968849336091412,-0.9812595527601486,-0.9803553983070142
35.65,-0.9867434639859527,-0.9872258359775241,-0.988008342264211,-0.9786001297816,-0.9964920471845816,-0.978258733591999,-0.9892233181340931,-0.9842925725987476,-0.9983759223576649,-0.991335594430229,-0.9604077878663752,-0.959111407846736
35.7,-0.9855938425449614,-0.9770882468795841,-0.9829433138348285,-0.9742021689837927,-0.9913131438973259,-0.960864389627872,-0.9769945403425657,-0.9784965277856496,-0.9907691900547703,-0.9920454099798267,-0.9535431294856088,-0.9529451604542304
35.75,-0.9743407217081429,-0.9677386995136885,-0.9720869272972438,-0.9623776731644988,-0.9834200085263721,-0.9454450029661999,-0.9641507781883357,-0.9690340155202305,-0.9794178048686144,-0.9797248796962179,-0.9440934883130395,-0.9394571569842721
35.800000000000004,-0.9521645611836566,-0.962838878461614,-0.9436738058301275,-0.9571172137794409,-0.9750986908964752,-0.9408456646120329,-0.931275842781872,-0.9591884168349201,-0.9698241386684316,-0.9701808627266063,-0.9270749199840959,-0.9265449135869911
35.85,-0.9365045215816413,-0.9726062543988976,-0.9253567050531613,-0.9395084461037074,-0.9552534640468066,-0.913288316511896,-0.9161953790074921,-0.9365912001194636,-0.962448199068952,-0.9501836061866509,-0.9147383237406052,-0.9204776324339193
35.9,-0.9193850223866699,-0.9469435076692845,-0.9035851862310826,-0.9042929699293233,-0.9463732207829243,-0.8852237665572638,-0.9045117502670836,-0.9163823792513326,-0.9434160698317925,-0.9273040987138752,-0.8918390202943263,-0.9084457871245623
35.95,-0.8879454251701285,-0.9112627721386384,-0.8880421632053528,-0.9023039012253666,-0.9243006124795855,-0.8713615191054978,-0.8848600205739598,-0.889675953077937,-0.9273324727790233,-0.9106231236632191,-0.8706147801884675,-0.8683964924964956
36.0,-0.8637081116997822,-0.9034469611083916,-0.8779850639068565,-0.8754254124451764,-0.9161278396085477,-0.8710879440239814,-0.853232681353527,-0.858380027841652,-0.9081173380569982,-0.8854057847901813,-0.8433880314711005,-0.8357865207919073
36.050000000000004,-0.8297320497929245,-0.9090216751035706,-0.8542619347373701,-0.841265072489594,-0.8988843510753484,-0.8482221410818912,-0.8176380331725287,-0.8331476734353523,-0.8643816026926022,-0.8471057697376752,-0.8187792516939527,-0.8128770093315167
36.1,-0.8426991367649377,-0.8869479607908168,-0.8436405036353268,-0.8086428589365371,-0.872840338036844,-0.8137931729792036,-0.769211256950289,-0.8073774436627705,-0.8040461877611926,-0.8183556269854364,-0.8099453772368322,-0.7935203495134812
36.15,-0.8174645023166242,-0.8509926494093824,-0.8255358022981515,-0.7821938209248483,-0.8487367763164627,-0.7948939472380302,-0.7283153662749521,-0.7693292709914865,-0.7567967974242492,-0.7963372239081778,-0.7597362949471088,-0.7850223640649098
36.2,-0.8055419597369622,-0.837351303207427,-0.7911035422218655,-0.7286380146157514,-0.8287762689251987,-0.774466274554988,-0.7039351159276092,-0.7302875970540968,-0.7354616519378068,-0.7755823629214035,-0.7503006338375566,-0.7613762951499244
36.25,-0.7514066256992625,-0.8034175954012481,-0.7673852913626429,-0.6727482298663984,-0.8073201167020425,-0.7207588883503433,-0.6481061823911006,-0.6994437797324757,-0.730553627772577,-0.7053744092182573,-0.7091982674337469,-0.7323553995313545
36.300000000000004,-0.6975638370001724,-0.7567316523572787,-0.7057296116010857,-0.6509445950193431,-0.7691245065468856,-0.7111925065372744,-0.6046279851953282,-0.6675533990446374,-0.690510946997386,-0.6769802579635643,-0.6773893739912143,-0.7104423346712345
36.35,-0.6446590405986301,-0.6933862201462557,-0.6763443518581284,-0.6028707007760643,-0.7267145919132325,-0.6771243317343273,-0.604181055395391,-0.6581713611866145,-0.6686039870986558,-0.6837819041311651,-0.6113994740638289,-0.6635676704121262
36.4,-0.6068798786273002,-0.6965404439885499,-0.6692425929670304,-0.5652594908708439,-0.6539713706273889,-0.6550301188035571,-0.5512192954738179,-0.6302635573233693,-0.6286890632685098,-0.623155521104319,-0.5804218885474727,-0.6359536998098534
36.45,-0.5378038199043101,-0.6549710797073653,-0.6029448185265154,-0.5409889463411601,-0.5905749893636358,-0.612138790020976,-0.506933573537017,-0.5885518802866577,-0.5989364454273411,-0.5863419603420295,-0.5500685686784204,-0.5735307028760177
36.5,-0.502667368432964,-0.6412394533168382,-0.5917600463251383,-0.5359518897077227,-0.5419326578977494,-0.5961303334620958,-0.46374030882011996,-0.5446537840737509,-0.5575465840139782,-0.538048035964158,-0.5042441555913971,-0.5860248892879985
36.550000000000004,-0.46996535558487745,-0.5878939792956689,-0.5092349381889991,-0.4542437030471575,-0.5360246696940357,-0.5622854637941759,-0.46264615818794813,-0.4706467049288096,-0.49289167725867544,-0.4919525391372104,-0.4585410820985836,-0.509229383076812
36.6,-0.3998007383141451,-0.516986572388602,-0.4519304824602488,-0.4185157945542613,-0.4796543211947504,-0.5009832071293819,-0.4255847294780459,-0.4381527488188662,-0.4242035793925349,-0.4143112153029099,-0.43172767937550954,-0.46781282067196023
36.65,-0.3490932855390199,-0.4595034913553927,-0.4155303377759001,-0.32802176832911406,-0.4294851783962017,-0.4445090997906003,-0.34063684555316204,-0.4051214505392703,-0.38294509071330773,-0.4037768270716307,-0.38848684001890965,-0.4517087058747542
36.7,-0.2880651808038732,-0.4027784864933427,-0.3716506168673206,-0.2866293558167264,-0.3704450736697567,-0.42536087116049215,-0.29398603176067317,-0.34324036120069906,-0.37971895228309976,-0.34435606652454864,-0.378901497899737,-0.40120845276039513
36.75,-0.27386201111812747,-0.3221994580931668,-0.34778346953184913,-0.2818129612426121,-0.3264841641023139,-0.38717085285226055,-0.28807522599070834,-0.2859677608402128,-0.37738520463085296,-0.3262032144244991,-0.3402511910793429,-0.32873406089102375
36.800000000000004,-0.1977429188891879,-0.2520884441713452,-0.29887944681916295,-0.2926830626094161,-0.2766988846987065,-0.3043538297070162,-0.21299160822450983,-0.23158127115618826,-0.3532909365741896,-0.2941840504667354,-0.24120249496409277,-0.3115034247988268
36.85,-0.18317481788374487,-0.1864541578127983,-0.2556796817639904,-0.2674217147072429,-0.19820936516583082,-0.2470399203518603,-0.1788324759293157,-0.21612138500578637,-0.24884047399288534,-0.24776383745291714,-0.15773203430127225,-0.23503497372649712
36.9,-0.14908080328871728,-0.15716761952797653,-0.1648282718739605,-0.1744718866579018,-0.20488654300739698,-0.18706442037422175,-0.1359572344909566,-0.19396144516534108,-0.1907294980683416,-0.23238914038476507,-0.12242671204547975,-0.20104592159722173
36.95,-0.11342204234173513,-0.11544527476274684,-0.13868149581465794,-0.08236485398827241,-0.14835483034069094,-0.09726445580829367,-0.09380871195276402,-0.15772076712869856,-0.09639000865898975,-0.19540183227513308,-0.07903073075427682,-0.1284339659672846
37.0,-0.093973842694174,-0.052574821019300076,-0.06966496339030312,-0.0008028036096511779,-0.08156715038058561,-0.022471319618246464,-0.048868897576817824,-0.1271225691702443,0.0037092625717932816,-0.17969892281994831,-0.06538576223800313,-0.06072330110284118
37.050000000000004,0.00046569973652829633,-0.003431219117553947,0.008561954635568551,-0.003515142671738461,-0.050438002248815936,-0.028945062818540954,0.019350501936228535,-0.11112037768504081,0.014666926253869053,-0.10966416482145704,0.014500975813864088,-0.012219284913732573
37.1,0.06366771468478091,0.05398844219365618,0.05311653870122515,0.02104746238628003,0.008717569345744542,0.03187454572680114,0.08798588684921249,-0.04586693368699402,0.03173616685345779,-0.03724540743225844,0.06431045342423226,0.02785859889665459
37.15,0.104019884568685,0.08012545766882741,0.1257311327012526,0.04025453991820753,0.028211736447763595,0.06822359750862345,0.17230092635686137,0.036788711751503556,0.04048076979530195,0.049824793046669175,0.14764648297176305,0.05182614090389667
37.2,0.08974721111060752,0.12380171613514786,0.20104313443213256,0.13723832409716527,0.05368093247908232,0.15727804328547593,0.15791692959540524,0.08045350950715616,0.08373718074993737,0.1277983831825333,0.2253016966793283,0.13114432612370905
37.25,0.1112290574634962,0.19106024739499014,0.25809706115270065,0.148466134317399,0.051945595344462914,0.22409491096294207,0.20049628645477874,0.10203525935608179,0.13290783164321204,0.18311272154607816,0.26589200719710443,0.14529561706652866
37.300000000000004,0.21389361923775677,0.2579215376887451,0.29217217837629705,0.19611875953566202,0.11455546999972367,0.2346708347460248,0.25434022258554634,0.12402235793404383,0.18398169573084988,0.19868428401151284,0.2808888973587776,0.24001579025672393
37.35,0.2652864884878575,0.30278646701860207,0.28727768569756207,0.23604234849837769,0.17786635762083852,0.2808103202822429,0.24732171482207577,0.18649435189477423,0.24490538772238535,0.27682798251123003,0.3100053674994633,0.2347933620908859
37.4,0.2894728579738534,0.3155136529379776,0.35170588724413787,0.22410896587749737,0.2159189008632574,0.3544612615325533,0.29679932864293385,0.26257451073966953,0.25446208128110603,0.2808764311842243,0.3883682456570829,0.29042373462739146
37.45,0.34098362807971033,0.3303196050800785,0.39754660747614357,0.2555124996230239,0.29319949290981734,0.4519577116960907,0.3557066624695961,0.2972691145917431,0.2454668814052048,0.28649382289146896,0.4628861974452132,0.3168798777679249
37.5,0.3797221156683641,0.38903087131997194,0.47275808947443815,0.31044385306762096,0.3280702581914173,0.4821350772872295,0.3862004517682218,0.333869331868879,0.31245024927787957,0.34016509941703565,0.5433232323379301,0.378940298185639
37.550000000000004,0.4533564651321138,0.4065421364428155,0.5221207771195352,0.35202389024501773,0.38284880298232793,0.5267922724922599,0.4337061887950349,0.4396851207246157,0.40005672450879937,0.4153888596757022,0.5889065858956053,0.4679452923972017
37.6,0.46663791129769294,0.48257895868438394,0.5391014531546912,0.39868125465948473,0.44081744470885315,0.582428000129367,0.4547788003568107,0.4727040030830257,0.45243086911587466,0.4565963287907395,0.6353288425746163,0.5842845615119823
37.65,0.5234096706980956,0.5080441590033205,0.5524163032135648,0.45008755799823497,0.46332483571167654,0.6196453976862152,0.5132149379648069,0.5076785875319665,0.5432463476049957,0.4856921356364432,0.6612422946284877,0.6310919935817704
37.7,0.5861568326948771,0.576483607258186,0.603180750570939,0.5288055302164468,0.4935170962845636,0.6640931819115468,0.5771083894761746,0.5833233490127172,0.5497978404429912,0.5118650251417285,0.7043142648154078,0.6119935887108463
37.75,0.6362054329754983,0.6347487513505449,0.6316714077727178,0.5702682998795836,0.516007667403495,0.6800444363326944,0.6085514736229399,0.6088185042199474,0.5792127219273331,0.5528430500278443,0.7258236374994284,0.6853389562177372
37.800000000000004,0.6660943112195069,0.6745397772251978,0.6600591492834537,0.6068788862241977,0.5264844213249871,0.6783792632946061,0.6257712878531679,0.6513892652974655,0.6440527741622113,0.5613871083504777,0.7432147165167283,0.6929061181979818
37.85,0.6967892451694276,0.7237907717921649,0.6895522192251886,0.6516078372716497,0.603374820363211,0.71559714533982,0.6520142117383949,0.689943139972955,0.6663310540883283,0.6160632323404818,0.7775640015869699,0.701957130055777
37.9,0.7343215652189153,0.748974182698477,0.735665706505129,0.7093057967374418,0.6535691270509382,0.7380648520331904,0.7091514723463752,0.7085383231617526,0.6805474783930435,0.5966199198157466,0.8008931065638561,0.723010723211884
37.95,0.772509352090181,0.7432053325128456,0.7579910830446278,0.7543032529355588,0.6719923044002241,0.7717719795126445,0.7348611498028143,0.7419729551377824,0.7296916286732217,0.6631927420053094,0.8255759782952053,0.7443177759732134
38.0,0.7945051157938025,0.783163279749015,0.7742878860335496,0.7847892979525933,0.7030143035419321,0.7953512596493998,0.7526659367602596,0.7438101286244927,0.7726090170352491,0.7223005162085284,0.823064717724909,0.784447827835646
38.050000000000004,0.8374678114912367,0.818307085558438,0.800165932615293,0.8017719057795322,0.7404983684421831,0.8229452959575106,0.7881210314397228,0.775217245944368,0.7867148602994415,0.7652993875156855,0.8538691762180295,0.8178791248491041
38.1,0.8626035494027607,0.86414914792879,0.8221769522970274,0.8500315622342984,0.7625634813837607,0.8600956930948945,0.8367582934850194,0.8032747150606248,0.8411433571424167,0.8050007230802242,0.8652588615398228,0.8407804529327528
38.15,0.8978369836363316,0.8943467618368678,0.8383123362027024,0.8741370534043252,0.7996471195420094,0.8737945124628401,0.8914746886114858,0.8376640314348601,0.865813582245905,0.85073848166905,0.884036445732495,0.880103294029856
38.2,0.8991342189889442,0.9068213221534754,0.8814286354979064,0.9148790721110595,0.8201941119152367,0.8838839428788609,0.9168575570955958,0.8581932041080351,0.8867254157356026,0.8861830117950441,0.9004508515501098,0.8807056324979471
38.25,0.906067467223303,0.9236126909693173,0.8850477162225366,0.9302982659820561,0.8316683731405287,0.9210126925964132,0.9514672168251175,0.8723678083670671,0.9114252658813187,0.8965444924081758,0.9182763821407954,0.9234599369305115
38.300000000000004,0.922273060914475,0.9363985745233545,0.9006333015792478,0.9556913857756113,0.8181996167857022,0.9324725826321602,0.9623327378295345,0.8912382031437764,0.938219423397283,0.928818307036947,0.9243852889378686,0.9576204223074019
38.35,0.928560990669671,0.9601178418000887,0.9261888480202857,0.9647180048847358,0.8481510004720129,0.9468808350544147,0.9734968842848425,0.9061561347517632,0.951524981461273,0.9383302612736404,0.9331124819877354,0.9640503815566595
38.400000000000006,0.9378016302181874,0.967806739517897,0.9495750813327378,0.9763915905162878,0.9022158547746524,0.9427933824619279,0.9838234093544806,0.9290611453546219,0.969943749483839,0.958817735044157,0.9503572998529188,0.9760390811082081
38.45,0.9504348823760403,0.9805684954116026,0.9521296483212114,0.9884089806687272,0.9251108783324555,0.9544579543610903,0.9892133716676501,0.9473379998297156,0.9858373439634784,0.98699924966181,0.9735685700552112,0.982366317779187
38.5,0.9709323252629392,0.9903400687465744,0.9627393274479382,0.990359726677427,0.9447075642618352,0.9732573721569623,0.9893413467780963,0.9591569388453719,0.9937951350250567,0.9926033774261841,0.9898579776871056,0.9846386280463993
38.550000000000004,0.9919402551835337,0.9905869018826203,0.9654219853703428,0.995744342191327,0.95340819718553,0.9830605210735648,0.9947652698248687,0.9727853897467985,0.9958683533008301,0.9974357103655749,0.9947805809032708,0.9953211841194104
38.6,0.9965827233850704,0.9931720276498432,0.9709373714058133,0.9988168401652262,0.9609115383348311,0.9855971689475835,0.9990547388775141,0.9756223245421165,0.9999321288968726,0.9995817397688537,0.9985084353938479,0.9971960184643331
38.650000000000006,0.9998792955578595,0.997486293090795,0.9813952954834898,0.9999936981832569,0.9653711333019794,0.9871470562629695,0.9996066703152341,0.9882920783699765,0.9996088677505816,0.9993745063423448,0.9995479015897192,0.9999353352831253
38.7,0.9996284799812265,0.9988134718259486,0.9929892571253428,0.9988390528028221,0.9762389620500574,0.9944065880038881,0.9998890884118248,0.9949879687577762,0.9983361434140556,0.9992509112690373,0.9997755836115073,0.9998770412553278
38.75,0.9988858523899347,0.9999748732354152,0.999263546109123,0.9951280551441275,0.9854317274525498,0.9977011692198199,0.9970546172807118,0.9945534874031281,0.9929544863630158,0.9995024521454162,0.9994165435353374,0.9986830278414258
38.800000000000004,0.9889845435065829,0.9966415162755639,0.9993268620999818,0.9884420038299689,0.9875853937478152,0.9999307367534559,0.9943349397598717,0.9978799101947213,0.9870108958344218,0.9979654655526723,0.994324144804969,0.9986734774532713
38.85,0.9815314582154817,0.994670423440655,0.9966880056217674,0.979257274712632,0.9925285177261957,0.9990363687482563,0.9892583514976254,0.999782816985806,0.9821771688855667,0.9944104421965393,0.990777966445472,0.9944629639129425
38.900000000000006,0.9742839613873037,0.9911367212833623,0.984599235856954,0.9670153275587798,0.9976886422791887,0.9952363956022681,0.9861517876190437,0.9995881376711149,0.9754867354539015,0.9927675085522265,0.9809973775226395,0.9895135655181184
38.95,0.96610400534888,0.986299515453558,0.9555322952957015,0.960150957563287,0.998389045686815,0.9942976211848604,0.9728290438308526,0.9925552503962708,0.9696989371524265,0.9798575374767804,0.9658736268580899,0.9814303461466227
39.0,0.9556081328399257,0.9761509109198572,0.9345707210727313,0.9434153704325606,0.9999765237485346,0.9878749089316046,0.9461462395983914,0.9830826468977913,0.9513678295224856,0.966294846803543,0.9506333797459682,0.9691891834561789
39.050000000000004,0.9330335057934266,0.9593987444893706,0.9162254012488052,0.9338110210245005,0.9975196356057286,0.9783340337976911,0.9342113801636677,0.9533529994580766,0.9497006072077149,0.9460164434132963,0.9423699734789583,0.9536747673779442
39.1,0.888209294095055,0.9524011105856718,0.9061753369891519,0.9157992928228786,0.9934203509042561,0.9596074706266597,0.9225660466336516,0.9317014012124936,0.9447258629529658,0.9463131780984894,0.9266074269572402,0.9493677844097932
39.150000000000006,0.8505955222862055,0.9488667886086682,0.8983150481945231,0.8911623450920394,0.9863649273901497,0.9558473918966262,0.8809989774247698,0.9237458887601001,0.9284991614690301,0.9314613569943014,0.8991213530775631,0.9260192044572884
39.2,0.8426888278208106,0.9336801588805789,0.8793569687212085,0.8598238403703554,0.9798665755588548,0.9198266803517904,0.8704531640096942,0.903985838296263,0.9199422659562995,0.9253618525526488,0.8874754341659913,0.9144122859327676
39.25,0.8275231014286444,0.9232203886950132,0.8469633514558673,0.8472532824523284,0.9704005935250851,0.904212030695005,0.8353361185356148,0.879875889108414,0.8989308946758975,0.9194420588663997,0.8778205960550596,0.9048871666682189
39.300000000000004,0.7852200892033229,0.8954742564995841,0.8346657926959774,0.8304001528748254,0.9588006167329435,0.8929082221208487,0.8061372185674276,0.860525025585659,0.8486633990251289,0.8828980435990987,0.8347685258799475,0.8713461760407387
39.35,0.7681752670078013,0.8633114830232103,0.8125203613377586,0.7778828616162023,0.9343801478947753,0.8654595480154343,0.7796331413461214,0.8101587688209659,0.8425516673721822,0.8334217454540533,0.8099389503493402,0.8614880066949638
39.400000000000006,0.7541661633864304,0.8580925381493093,0.7724762090655403,0.7661179487545117,0.9078762036482104,0.8230803445382261,0.7639330665072005,0.7872917879855573,0.8321279823115572,0.8124474604294584,0.7380872285724869,0.8193692928536906
39.45,0.7297782602614672,0.8368915863131752,0.7420959012166068,0.7326122909957224,0.8850253974003234,0.7869139330298939,0.7509074246439328,0.7737050863272472,0.7950934325980479,0.8015167377138382,0.6954878998590048,0.786563740454496
39.5,0.7311124325521441,0.8035286353902822,0.7385950548227538,0.6875556393521964,0.8580226727980163,0.7266651040400585,0.7007783130188378,0.7599835591896191,0.7938698699889669,0.7823650467085527,0.6877870065040991,0.7210094777948192
39.550000000000004,0.6975912153706719,0.7550850290614437,0.7082727000083375,0.6579088505840461,0.826062663691776,0.6777421063348185,0.6635490521545724,0.7444470408129844,0.731150484078395,0.7541788831329688,0.663484676877879,0.7361662687495277
39.6,0.6503817305067059,0.7188888706948984,0.6692407091355674,0.6310131078589644,0.80014085681976,0.6556143906536607,0.621947076457836,0.6971249790614371,0.6991445850905256,0.7025775593629642,0.6301112030600791,0.70646940625801
39.650000000000006,0.6102202955133977,0.7071023983621928,0.6259077521283727,0.6245807563174229,0.7793673746207014,0.6626969270284744,0.5917228396208098,0.6291986198565823,0.6631587719227133,0.6546294980047559,0.5450346654886519,0.6579508176549802
39.7,0.588396570377311,0.6795932136725783,0.5859991979557306,0.5969227806351683,0.7490895936892602,0.6075958233234502,0.5347035470546919,0.6251889778386842,0.6392553505869578,0.6270902562481965,0.4974827070095112,0.5932377467911093
39.75,0.4910434887809753,0.6474444687404104,0.5536825281940717,0.5422473997792258,0.7194046262945902,0.5747971021129905,0.5085155535209586,0.6369582351753309,0.5948449616104181,0.592296691532403,0.43418859448467073,0.5515400380901632
39.800000000000004,0.48210741122833656,0.6095341120516704,0.5550076456274443,0.5254960223090643,0.6637104682995492,0.542590718817013,0.4506611833549433,0.6311031838121115,0.5567847652952964,0.5620234348952907,0.3780415877755015,0.4941457306397111
39.85,0.42816671276649393,0.5333980338872095,0.5165017763194466,0.45095928006373126,0.6398046441912938,0.5272969976519754,0.39712636025535514,0.6136284581603294,0.5005493612979613,0.5184654037701402,0.3197270320679016,0.4533635582770533
39.900000000000006,0.3868544708842764,0.47895793417783905,0.48269166656754237,0.422849132213298,0.5831533623785146,0.4859928790172314,0.3698126168822873,0.564394921321173,0.42021345060418586,0.4853078506591896,0.29803760014833786,0.4481517025734502
39.95,0.34704058082148276,0.42084880400952007,0.4137510086371888,0.374223028855504,0.5154032260235325,0.4266656517040796,0.3047308758628845,0.4913002055521394,0.34123184569519427,0.4446860448954903,0.2945660143201545,0.38539155054888635
40.0,0.2851112230653521,0.33985190079453464,0.33328321510537706,0.27990646235950034,0.4534309390963687,0.37752267004474754,0.29901575363188854,0.43202081490161887,0.3128235643708875,0.3928983864292102,0.25231291589523236,0.3259917699229162
40.050000000000004,0.24373160888945045,0.2741156952913775,0.34823083479119665,0.2295349077950944,0.3766244603699344,0.287558251510793,0.23699978202068814,0.3391756051820381,0.2638269720725909,0.3443632174460372,0.19629694329780079,0.27695369215657933
40.1,0.21710458795230494,0.24339735263394985,0.3182254310284771,0.16955760931196942,0.3278333946621146,0.25287424008030157,0.20642466047046526,0.27540576195417765,0.1984400161804969,0.32122057302837154,0.1843339320690346,0.20308708185716012
40.150000000000006,0.2032913706373294,0.18527709769934603,0.22083195911143869,0.08358385989483004,0.2615148945786102,0.1909949657731441,0.10472014973715002,0.2814855545273671,0.16529491550942274,0.2485066743743817,0.14583510088129598,0.12422454567775906
40.2,0.1520279328782831,0.13675958203638167,0.172018203775267,0.05315652345791377,0.22626499874840184,0.13953666030505502,0.08176328263950386,0.20149309735745924,0.10161301160658534,0.16974666887059736,0.12469763377556912,0.11976852527477592
40.25,0.10012913810172686,0.019211219905947104,0.0848874192460277,0.021991964686161224,0.1659113146738167,0.07698914915183429,0.07134921272134975,0.11343677943921934,0.059873778656694736,0.12293884147704527,0.0723956651659386,0.04036526506650213
40.300000000000004,0.06580976475762024,0.02204219030257814,0.023340673019026814,0.02504027854263362,0.12297918186927563,0.002822808655246903,0.007206729022328736,0.03544280776057905,-0.0035973983580897726,0.012011479167603874,0.03432149755984773,-0.018801712079257744
40.35,0.02174799248508879,-0.04716279567485376,-0.027710068533452217,-0.07139357374017044,0.08469641870487425,-0.07462072896114284,-0.0560851458138414,-0.01327682492102349,-0.06394974619073342,-0.03955899040877846,-0.02877606598464662,-0.062085976113154924
40.400000000000006,-0.017250937244293368,-0.0829865895192361,-0.03901018216090503,-0.1418002499511136,0.061844329500332265,-0.10951166441163375,-0.12008276026414126,-0.08472092314047248,-0.06627067132133353,-0.0829643329177997,-0.09392932603653135,-0.11323991765799435
40.45,-0.10756102340222928,-0.10729625428668448,-0.044306878421517246,-0.20799045667935134,0.019553229747404713,-0.10682094664963866,-0.16161371153343643,-0.16254948685035508,-0.08536684565530565,-0.18608489810699322,-0.12434509436042346,-0.16411525371811875
40.5,-0.12940588368373784,-0.15504186936531084,-0.10139032011201722,-0.215457718730322,-0.1070045130679201,-0.140302590992366,-0.19503296375245438,-0.22988151381346866,-0.1832041426703754,-0.2525005334476834,-0.14719222635911183,-0.21713913790015424
40.550000000000004,-0.13791719002708094,-0.22395506687846625,-0.12060876452349506,-0.24403121828670554,-0.15534756662331092,-0.19865924043453298,-0.23579855247710094,-0.3077905653078295,-0.24858851819433758,-0.30491503778058077,-0.17225921644071662,-0.3050434582774658
40.6,-0.17705436790546591,-0.30973931013287276,-0.23253784913138145,-0.3058282553995925,-0.2286731056666982,-0.16924147312741963,-0.27849967511007984,-0.3711606363344471,-0.31599784676369624,-0.31204401319211933,-0.22245169302220896,-0.2869797211773828
40.650000000000006,-0.24627939432274432,-0.3044172180232492,-0.31419348937906233,-0.38037284979442587,-0.26200991545169994,-0.23573453259505972,-0.3204719376504937,-0.4115831549501906,-0.33136824039806756,-0.36618218453383117,-0.23916554235316742,-0.2921414092181895
40.7,-0.2989036995778506,-0.3432595505119556,-0.3698890753502161,-0.40790394910642597,-0.35167034669880887,-0.2901620218437452,-0.37219556048330005,-0.45013001841984623,-0.39899523824587046,-0.41673250000450973,-0.3082359847317029,-0.36139110509297356
40.75,-0.31086006826988233,-0.3464949521419137,-0.41634480741527624,-0.4477874639407367,-0.405410899789138,-0.3405949055061526,-0.43101271366837,-0.45748114404104445,-0.4406909551226594,-0.42345385661319723,-0.3732425929748603,-0.36744162920867823
40.800000000000004,-0.3757806890871889,-0.36012636381870056,-0.4535499381832947,-0.5097158625972725,-0.4479005822260266,-0.34972919437048466,-0.4578800749750682,-0.46151928939768755,-0.44318799421770055,-0.46524492381457233,-0.43732504876511025,-0.42919538617662534
40.85,-0.44196219628579453,-0.4094801236156558,-0.4922191994193568,-0.5253475801946905,-0.4741227769569339,-0.36914123630174855,-0.4813826342694973,-0.503371480349983,-0.48382753079053264,-0.5675512674320727,-0.45469551719946827,-0.47417074372029594
40.900000000000006,-0.45910834540554885,-0.4485920769270983,-0.5285292924598343,-0.5827218330641636,-0.501118322938428,-0.4165130844615361,-0.5151037837938618,-0.5122709190515693,-0.5120058771739695,-0.5888377589499495,-0.5051472807549502,-0.5320926941904912
40.95,-0.5038674603500046,-0.4895958189935912,-0.5350795265111301,-0.6292464312550275,-0.5232282452337613,-0.48250825678945974,-0.5841850080927954,-0.5492932229211841,-0.532501588154046,-0.6180767873416769,-0.55824417737889,-0.5676323665169928
41.0,-0.5400008961410571,-0.546721272620184,-0.590475253033022,-0.6561669992438736,-0.5264993116955804,-0.5374526191291307,-0.6058953293642904,-0.5936017804606685,-0.5787326830028195,-0.6108379717944382,-0.6025197989895388,-0.618874854867296
41.050000000000004,-0.5995779316339872,-0.5906037079377643,-0.5927715082555102,-0.7119751965829472,-0.5760827255163011,-0.5545409262577382,-0.6280635361911114,-0.6357125536297524,-0.6325359890853457,-0.6351784567286566,-0.6583220539411954,-0.6220173327215904
41.1,-0.6215976489707086,-0.5889847061672293,-0.6198553081051651,-0.7653199578914508,-0.6541942706252628,-0.6024898202081528,-0.6538476699057099,-0.667007923949664,-0.6780158345599856,-0.6395265303465014,-0.6837526866698229,-0.689007923379724
41.150000000000006,-0.6445170558338491,-0.6174777288595655,-0.6643667803436287,-0.793744078999898,-0.674286656729434,-0.6444279220363844,-0.7023723941139125,-0.7356081862966387,-0.7096205100600689,-0.6755187205283651,-0.7452691320226691,-0.7139491343194151
41.2,-0.6633500092144597,-0.6652873213545022,-0.7247849413032079,-0.8220306979411578,-0.7051305216941747,-0.6561104552296748,-0.7357355684160056,-0.7835340520473719,-0.7215188207217988,-0.7066900798606457,-0.7691711613451677,-0.7366681166199419
41.25,-0.7113338131341718,-0.7126259152047,-0.7673668685087408,-0.8300311569721147,-0.7079823232230799,-0.7008949198338775,-0.7599241861167157,-0.8339785348590618,-0.7856155633411274,-0.7732358079738233,-0.783996139953384,-0.7795324461361036
41.300000000000004,-0.7657259948624281,-0.7615054666296045,-0.7945968403653133,-0.869398787562849,-0.742704677728598,-0.7405533048673985,-0.7681130553481088,-0.8621546433747992,-0.8097351718361095,-0.8079673800881578,-0.8176522180482463,-0.812900851253155
41.35,-0.8000663243082918,-0.8057550308127452,-0.8231457641366526,-0.8715855505940365,-0.7846743615242128,-0.7626683171662952,-0.7821342119211455,-0.8680098659196299,-0.8407913511067027,-0.8322731438443711,-0.8158455238329292,-0.8360929345880935
41.400000000000006,-0.8474863397976775,-0.8271014390393295,-0.8495991669419345,-0.9038034500858276,-0.8249686952761414,-0.8117340241789615,-0.7742830945369923,-0.9062320204050319,-0.8727666495191433,-0.8862230323799305,-0.8353956247574486,-0.8394458661194719
41.45,-0.8739066776386877,-0.8506165905512166,-0.8841730632461988,-0.931341773293064,-0.8493790581228428,-0.8375751186688188,-0.8204556211013706,-0.9187549112700801,-0.8902432116683608,-0.9145649914127996,-0.880372526474727,-0.8812578474757541
41.5,-0.8963282949819478,-0.8496458587429495,-0.9057269178247,-0.9393357763156923,-0.8722603883235895,-0.8568226905898025,-0.8539203503679146,-0.9241306231885107,-0.8972738956295986,-0.9403691100220977,-0.8938244337382493,-0.9049785832202503
41.550000000000004,-0.9270900841845222,-0.8883126610122757,-0.9334367326885917,-0.9554605259792537,-0.9024064532641896,-0.8985583495806003,-0.8882152919621543,-0.92265897355262,-0.9128192521508585,-0.9570368524173216,-0.9104112624946059,-0.9401365661226504
41.6,-0.9440558058675528,-0.9125197557876963,-0.9585238068918615,-0.9663089834375382,-0.923284015436276,-0.9280876963378903,-0.8978865990744829,-0.9377840952132858,-0.9401058726040156,-0.9673029273420798,-0.9448729309384584,-0.9430269236411406
41.650000000000006,-0.9466083267082832,-0.9397349971694814,-0.97585201877158,-0.9758805498190084,-0.9436246240537085,-0.9508791300402777,-0.9151600976629594,-0.9483408874547371,-0.9573398665848983,-0.9807920022859242,-0.9521471011971477,-0.9577128736160402
41.7,-0.9609695566046533,-0.9588810214676413,-0.9846612392777464,-0.9823937830402765,-0.966329507768506,-0.9605156880405662,-0.935814724397064,-0.9518444825154863,-0.9659434754977382,-0.9891927699566745,-0.9694020879577162,-0.9748922328609253
41.75,-0.9775034730607922,-0.9827175735703707,-0.9889592335967649,-0.9836523082499193,-0.970498841724032,-0.968470147036028,-0.9481859349754249,-0.9677640256334612,-0.9839268935882074,-0.9973698253259032,-0.9834275272587202,-0.9927270017232943
41.800000000000004,-0.9858210996898198,-0.9834516013178417,-0.9972514843386274,-0.9847616157060435,-0.976872827031489,-0.9822933314744792,-0.9656831013468222,-0.9790947562089857,-0.9870988171031903,-0.9992568571815906,-0.9944813902948922,-0.9972173217656695
41.85,-0.9906713418923525,-0.9864619038685865,-0.9987812049589883,-0.9940465297694702,-0.9874513066722306,-0.9871847615811381,-0.967237158755738,-0.9901392915085032,-0.9912140946910825,-0.9999055563506437,-0.997159535017524,-0.9985348315949941
41.900000000000006,-0.9968132473256988,-0.9984679318899029,-0.9998808320721533,-0.9985981040011461,-0.994654554108442,-0.9879948122140689,-0.9757863716658901,-0.9884083446313632,-0.9992748540980876,-0.9963608297951503,-0.999865968885809,-0.999991642656697
41.95,-0.9978278808534741,-0.9998729296053682,-0.9944649084714092,-0.9999957568323671,-0.9974442911834336,-0.9894659260626265,-0.9928052027682024,-0.9953281045897557,-0.9993969690741794,-0.9955933204103314,-0.9999999262236042,-0.9992126795067258
42.0,-0.9999848266663891,-0.9998663946221071,-0.9864721280729951,-0.9984438713919388,-0.9999983575472368,-0.9952488645103457,-0.9998718495886233,-0.9984877469862883,-0.9999790168923747,-0.9947055419395351,-0.9989408216048402,-0.999062949913693
42.050000000000004,-0.9984340711729995,-0.9998834172992774,-0.9785124453109161,-0.9973689925562066,-0.9993287647264789,-0.9996732319909313,-0.9922137185553355,-0.9996776883355718,-0.9990889392257531,-0.9923805868970774,-0.9971471223107479,-0.9970708748046062
42.1,-0.9917305253212009,-0.9985493484427179,-0.9545286569339879,-0.9907711271820262,-0.9984089373908476,-0.9998178803882177,-0.9888657119953287,-0.9986297387277132,-0.998548828585301,-0.9914642037334658,-0.9935962527069845,-0.9894204945275542
42.150000000000006,-0.9782288704175487,-0.9902168711810194,-0.9393602714710638,-0.9828922294380988,-0.9923224051618342,-0.9990103291089042,-0.9887696648020593,-0.9930545978670017,-0.9964370914225016,-0.9849327676188613,-0.9856538257656468,-0.97976156023371
42.2,-0.961313177463472,-0.9782648365473032,-0.9251698729095233,-0.9746425985889441,-0.9851210429828052,-0.996294277802179,-0.9806874160918837,-0.9721509429261147,-0.9892589293105389,-0.9735472407598026,-0.9791099369128468,-0.9620861977742935
42.25,-0.9415776815540241,-0.9623934698064098,-0.9085536838803847,-0.9538958270657176,-0.9685328039514237,-0.9885599196350713,-0.9696713517233454,-0.9535123835690075,-0.9835845521459722,-0.96684608423275,-0.966755856387713,-0.9609658191056323
42.300000000000004,-0.9177187483751836,-0.9562835409553809,-0.897552151381059,-0.9393049938708344,-0.9562318366420205,-0.9801039019825123,-0.9557937940596275,-0.9393180607039056,-0.9737972232982677,-0.9590810110447819,-0.9425302452167978,-0.9610001117431092
42.35,-0.90244719973747,-0.9451197942100938,-0.8746316077790991,-0.9344044815604345,-0.946502164802875,-0.9680075408704716,-0.929594777020662,-0.9195693830833924,-0.9667951608988674,-0.9478524836540294,-0.9155586872515614,-0.9532793717470842
42.400000000000006,-0.8841671212270534,-0.9282493467745537,-0.8603109227472858,-0.884716855832547,-0.9346400701930218,-0.9491666497261249,-0.918290405858075,-0.8954591669126153,-0.9426885604678468,-0.9359773951352746,-0.8957685137630751,-0.9417934384085005
42.45,-0.8769589119797234,-0.8978448955466862,-0.8462850006398576,-0.8910915260646222,-0.8983928867180329,-0.937962721439967,-0.8996240419478084,-0.854525546515657,-0.9234836184017806,-0.9181257598362509,-0.8876455769409126,-0.9351939428950548
42.5,-0.8558716247280493,-0.872458853071518,-0.8187036262711774,-0.8722542245936953,-0.8788952451914235,-0.9348968484418316,-0.87076635239916,-0.8311252587127499,-0.8780898895355904,-0.8965796521325525,-0.8746859134943827,-0.9118919184597474
42.550000000000004,-0.8351071545779144,-0.8438034012297486,-0.7933955005808787,-0.861592593234551,-0.8780329267255083,-0.9097708890669713,-0.8264888789438269,-0.8070377384235855,-0.8421489861771454,-0.8602396645995776,-0.8441465039846925,-0.8944544221195705
42.6,-0.8047438952308416,-0.8014619106903735,-0.7580386405452461,-0.8214515497785387,-0.8602708674422569,-0.886922497523045,-0.8015368354934067,-0.7830707222924072,-0.7979295283998766,-0.8654849445430548,-0.8146047206304188,-0.8660521274150689
42.650000000000006,-0.7965487015934748,-0.7649109228529538,-0.7420483350671478,-0.7953009841877956,-0.807918064701596,-0.8459682000439852,-0.7635394457088887,-0.7500506434639139,-0.7722814517320277,-0.8085854995620386,-0.7707719499802432,-0.8441429515628487
42.7,-0.7859424252834758,-0.7276021632308796,-0.7116971521888743,-0.7836631926037358,-0.7737053234319469,-0.8194954007143527,-0.7236930768151437,-0.7135542112133337,-0.7515948812310037,-0.7683063322714402,-0.7459745412941512,-0.8152912519122192
42.75,-0.7594127981144362,-0.678509680662265,-0.684000720120256,-0.723554580656115,-0.714521862872647,-0.7984407456899781,-0.7428014756335094,-0.6644489183466279,-0.7246741105187984,-0.7513850554830224,-0.7211854706908469,-0.784389379503159
42.800000000000004,-0.6992773111558993,-0.6466307201753176,-0.6246312013652076,-0.6770758018211278,-0.6916233148097577,-0.7701607078098718,-0.6967302163662136,-0.6183673128595829,-0.6717051721712854,-0.722185034674147,-0.68084651291453,-0.7350281340615082
42.85,-0.6677010160342045,-0.6374238715134896,-0.6052740143108549,-0.6422655648709532,-0.6475740029277005,-0.7108838338799135,-0.6837752400106347,-0.5987609209025094,-0.6424207678059526,-0.6710326844018017,-0.6514509291344569,-0.7008382590623135
42.900000000000006,-0.6545446834528683,-0.5936609036714625,-0.5709106957710972,-0.614526458749911,-0.6207827844344955,-0.6520005475241458,-0.6621917090052999,-0.5822911324381571,-0.5795202369741368,-0.6327145321522567,-0.5970164417569384,-0.6497553501188731
42.95,-0.6119385603388091,-0.5658981215737696,-0.513854307272884,-0.5475245791240188,-0.5647114327368726,-0.6370502972652098,-0.5930620624832987,-0.5532120429803595,-0.557922481669068,-0.5978468372283423,-0.5380467336720149,-0.5944126436014954
43.0,-0.5719643881775875,-0.5104053959638944,-0.47085791255994264,-0.5167842183956639,-0.5452170434585777,-0.587232600790502,-0.551359913907904,-0.5432578245693568,-0.4991759254168113,-0.5672986026440917,-0.46093596465811265,-0.5777066315967571
43.050000000000004,-0.5292016347605057,-0.4882572191848653,-0.451950759480278,-0.4825218601444428,-0.469628380580563,-0.5420319167218823,-0.5237294738441136,-0.5398075080451802,-0.4967269650824982,-0.5363225731156784,-0.43478098168544155,-0.5338676904992264
43.1,-0.5313286694256021,-0.4512976174105925,-0.3857667181569981,-0.4000111347656122,-0.4775200513470093,-0.5171371912655149,-0.4965619673742703,-0.49122923542152797,-0.48038009204436993,-0.45601502493337825,-0.3920710405002664,-0.48774825676599204
43.150000000000006,-0.4452429023948272,-0.4116546265793732,-0.33510389877384456,-0.3743361938864434,-0.4692387786487225,-0.48638266787992146,-0.3993455533967097,-0.4312765996245128,-0.42819858772326097,-0.4370301763126843,-0.3283801629534797,-0.46860018336366027
43.2,-0.4317588087697925,-0.3831015564604206,-0.24627360679420607,-0.283338098065359,-0.43664004310381205,-0.45503448255653955,-0.39254382594494946,-0.3837108598299442,-0.3778246314157049,-0.3745577196160609,-0.26479717141724557,-0.4204569264704974
43.25,-0.36607779447018496,-0.35564779507154665,-0.19429864502502284,-0.2527472801139697,-0.38121243744142363,-0.3977317256849519,-0.34188510154878277,-0.3182913692666776,-0.36731581869845153,-0.35569270004998865,-0.2303792272572756,-0.40010530318545684
43.300000000000004,-0.3240413945034762,-0.3188375384472897,-0.12357158640972284,-0.20487632032027742,-0.3124817213859445,-0.3424778094124527,-0.3056654423323567,-0.26979205377749116,-0.2994108635539927,-0.28077113171311713,-0.19150129456052334,-0.38230876856555185
43.35,-0.3118656930898595,-0.27904763062179316,-0.14474303646546274,-0.11519738968565672,-0.2545014068475277,-0.30899632148003714,-0.2813766709725459,-0.1985090206027537,-0.2763546608404433,-0.2603875863786886,-0.1666537518125931,-0.3198467872052084
43.400000000000006,-0.24094669309044206,-0.20209002942991083,-0.07610462508142385,-0.07460680270096885,-0.18739515475636997,-0.27572667167752424,-0.2728392561704225,-0.17164639003785434,-0.24434908016455506,-0.22886761045639953,-0.14523335786015956,-0.2725779696242572
43.45,-0.17156620789169993,-0.11429122428420636,-0.07866848643882972,-0.06564843076015851,-0.1665857247137135,-0.2061345737300323,-0.22161103999507945,-0.14422630222973656,-0.17356165927151693,-0.1568031594926005,-0.09807137654433862,-0.23372175691859545
43.5,-0.11230565100132855,-0.07833113079607332,-0.0392098437653571,-0.033482971190346156,-0.10047995229100747,-0.15059641352276937,-0.13961257340498787,-0.06340982872004354,-0.11070780370425697,-0.12281034056597646,-0.0242065795670631,-0.1622005089944874
43.550000000000004,0.0055105311790531195,-0.026474685391459436,0.025649973026636883,0.02138917299718873,-0.06033220694312148,-0.10703795084385281,-0.07762546229604655,-0.0048408554645050506,-0.03054798483287078,-0.06595713215361228,0.010668339950308851,-0.11097336053507119
43.6,0.019599921931123865,0.059996012772086216,0.05902667296288249,0.09356278267053786,-0.008734539956204452,-0.047639813876950696,-0.025870417637932967,0.021176140331248934,-0.00528682474462336,0.026878543179049343,0.062424961518528145,-0.022362323606833146
43.650000000000006,0.1052289672715464,0.09141602680669343,0.11841180065260826,0.14070357599315045,0.0073430315631444545,-0.0008069670069950352,0.04383514329118139,0.057229639501772935,0.038982852841572026,0.06833612393109555,0.16373083681306716,-0.010930835954036112
43.7,0.16477094091224134,0.1284218253801417,0.15012428222527174,0.1797822003709924,0.07229091106170735,0.06898529080042501,0.10132582231938274,0.13405971511957157,0.12330551244397718,0.13501195022432874,0.19356398481699189,0.06245130452204336
43.75,0.22343646350836271,0.15340327125009115,0.1613465687497818,0.17760375472693532,0.12141540460559948,0.12669104262503428,0.12465151890060569,0.20705800769424315,0.17672523717154331,0.21322051630446837,0.2481485711078133,0.09520345490094005
43.800000000000004,0.2787541261614334,0.21648102405971575,0.20079272728575775,0.19417262091763818,0.17041190056096894,0.15052641338461137,0.20651659431294123,0.24088541054795323,0.26668167273777577,0.20247089042171726,0.29514158850170424,0.19048039922340526
43.85,0.30047696585765565,0.25729520384868837,0.24434973178040437,0.23236896426951043,0.22252377462052458,0.16953624737668183,0.2541054121988851,0.29796684816989155,0.30457320543322725,0.22510231990988427,0.3624600166294867,0.26270579760154716
43.900000000000006,0.3205599576888381,0.2707177955313357,0.27425738935901856,0.3002007695359429,0.2739455587456613,0.24187024427784748,0.29555734795966243,0.3187211412131243,0.36897330164277176,0.26050111063716674,0.40637366320894747,0.2764113262544656
43.95,0.3534351640653349,0.34136773584679336,0.31048493618384027,0.3700972240872174,0.26117252779278816,0.2775425952200158,0.3399257382024361,0.40302414643920087,0.38149268207791037,0.32510215599165904,0.46814228053344725,0.31238148736081994
44.0,0.3915554950800267,0.38779403138830393,0.3291591931942356,0.40676885823106534,0.34027348226871734,0.3393951366882695,0.38394808102069355,0.4441592775186571,0.43681497671100683,0.388704072490747,0.49119478323069016,0.401106279993624
44.050000000000004,0.4678735742734043,0.4456057260615929,0.3657623087059944,0.43131327098220135,0.37757299591990895,0.38814018818680207,0.390915341790705,0.4933965330366985,0.5052250428369716,0.44481511164638815,0.5136479850689545,0.4307922515085447
44.1,0.5161199611015114,0.4821205873508682,0.43177863097152597,0.49301909164943747,0.44693328700350166,0.4083338423807451,0.44654872730506834,0.5222197329275878,0.5392639222522018,0.5042121097479126,0.5718472015229613,0.5092419153922805
44.150000000000006,0.5655940966932366,0.5201798799622266,0.47915381058610446,0.5017335535463708,0.5174671433199189,0.44975465854843144,0.5063708100884132,0.5740385592208135,0.550217355125869,0.5229735571193258,0.6375459567701403,0.5583998066039556
44.2,0.5923235470864595,0.5573780877527594,0.5530789217846157,0.569867983909932,0.5237358345657764,0.5325838700750704,0.5718207960957135,0.6063080186558503,0.5652162225769317,0.5846337914005701,0.6771280177554178,0.5696432051690258
44.25,0.6267245697218794,0.6574815290005327,0.5989893113930386,0.5990390761647965,0.5433793759374511,0.6099112931003584,0.6295187624476722,0.6680406045230521,0.6116459249542139,0.645213680823512,0.6912417080016549,0.6162854901663102
44.300000000000004,0.6710162047424627,0.712956829316442,0.6492194501320602,0.6317163448079929,0.5878152339135803,0.6137542667241863,0.6232585950628671,0.7142259643151657,0.6445712122594146,0.6734033572126714,0.7371021545567166,0.6839951431456799
44.35,0.716721832249494,0.7712997695553663,0.6989686524196289,0.6810420564502468,0.6335871122196938,0.628677670398966,0.6834652831214398,0.7004790027156579,0.672938872041596,0.7065227259351796,0.7527246782857141,0.7119082380042785
44.400000000000006,0.7793297919303168,0.8096047633814928,0.7240264846964488,0.7128069830331912,0.6480462656756644,0.6827076492316034,0.7164641338606297,0.6998891431763741,0.7131702257918789,0.7452343523530327,0.7966882897439742,0.7456286807182909
44.45,0.8006615518568718,0.8557105751363947,0.7604864914372919,0.7631192831503174,0.6782713535192959,0.731535610092909,0.7278643209345388,0.7291832906151942,0.7287995688330432,0.7646538063783337,0.8396686218597703,0.7690643697702416
44.5,0.8370162633763889,0.8890035894833992,0.7937922951307912,0.8116506006516191,0.7265746853530086,0.7664223787736655,0.7770624358791377,0.7938919854080002,0.7551913762374786,0.7790281990976328,0.847999211261628,0.8161203929954771
44.550000000000004,0.8748379514341528,0.896223778464663,0.7943375871531847,0.8317064255381161,0.7712653876885258,0.7968319480967213,0.812831107957417,0.8158016028859943,0.8067380709372413,0.8145545752654246,0.878250039774546,0.8464564347270129
44.6,0.9004919459733531,0.9149511126846961,0.8156529743106464,0.8649227309167696,0.8149479395572428,0.8422449029573942,0.8483988869065799,0.8311932571437276,0.8262059605901826,0.8362550205686079,0.9006270580706104,0.870579015989499
44.650000000000006,0.9065324537016057,0.917016164970291,0.8203449579522356,0.851743461702359,0.8410817786250245,0.8944095044975521,0.8957490279122561,0.8470552368150266,0.8582233255168366,0.843822770696274,0.9056309078245113,0.8805156376617477
44.7,0.922050906799016,0.9291258544544898,0.8579896090001982,0.8884486310571273,0.862078518552488,0.9120897375005479,0.9037826635707975,0.8576775850415141,0.8660856206736586,0.8786287338296351,0.9211075347901616,0.8828225111272506
44.75,0.9376337781831957,0.9311569209117604,0.9055997253533391,0.9060852328121058,0.8933426287304489,0.9375889073314415,0.9137439936216043,0.8858718201708333,0.8985406240738152,0.9023730681088203,0.9413047761532921,0.8928389242552408
44.800000000000004,0.9563872358189917,0.9413523013766726,0.9307123246760735,0.9364644614346505,0.920075399166376,0.9529113325148555,0.9386990913090733,0.9170322822333772,0.9346283774360891,0.9221340172375139,0.9570259019446838,0.9264093898498432
44.85,0.9654733616169532,0.9450558104581374,0.9531254772067882,0.9524362900023652,0.9264237902697373,0.9674844825525505,0.9647771864373266,0.9222472045625817,0.9589662834039279,0.917087782085641,0.9671530118360768,0.9599317888448515
44.900000000000006,0.9746880291455984,0.9602361060163286,0.9723074150570716,0.9555864269539637,0.9445014411588304,0.9769686529619707,0.984932953466708,0.9320608651440323,0.9690050046647083,0.9297613926493898,0.9725253953652314,0.9789304566036803
44.95,0.9842459121529787,0.9690573553125875,0.9802761353330697,0.9673422608519706,0.9560357222945296,0.9786423850138524,0.990346637822496,0.949029674052233,0.9758148926260842,0.9506055253075412,0.9840859159324604,0.9851464442029548
45.0,0.990884973325016,0.9891486022181081,0.9954135039023667,0.9745660922895818,0.9634161477417945,0.9818502079861194,0.9974825025750791,0.9630668933984229,0.9863860946371423,0.9779579691701601,0.991523779589509,0.9942470450674823
45.050000000000004,0.9972460509608504,0.9929956384936651,0.9997217954442178,0.9824224871616631,0.9828626385278955,0.9874664403518948,0.9991123400146563,0.9711616129481772,0.9903952706884539,0.9855398469282534,0.9900222782914919,0.9978128195141807
45.1,0.9991526111305099,0.9985484424892551,0.9995651413396415,0.9893851119418525,0.9889145976839324,0.9932078528214194,0.9993203846785887,0.9797816013445345,0.9944087946574716,0.9891019283729636,0.9923621312836381,0.9999323987975286
45.150000000000006,0.9999431627054941,0.9997830563752677,0.9952946528706543,0.9996576043630195,0.9947622622624954,0.9971680851877196,0.9990900854120113,0.9923486477626166,0.9987040870817845,0.9969021417702932,0.9955034479520005,0.9990810712463949
45.2,0.9980076076269624,0.997871478247522,0.9927481176141412,0.9983688187601946,0.9999988086144345,0.9985667096924995,0.9945841887274489,0.9905657761386188,0.9998380012509088,0.9972737315464714,0.9988565571178114,0.9984282063454922
45.25,0.9945879291238306,0.9919491111104631,0.9932224098493849,0.9952388742831719,0.9995682134628362,0.9992961727670799,0.9877831529936266,0.994689928152557,0.998445176543788,0.9997918890582452,0.9995580435589456,0.9966353255421201
45.300000000000004,0.9895761915330376,0.9871404922599701,0.988667314428415,0.9944761000426043,0.998319651526603,0.9928603064458161,0.9823566747233033,0.9991814367179378,0.9939646693325311,0.9919873321230954,0.9962375361126264,0.9871319524084369
45.35,0.9842434551026135,0.9809941995059999,0.9799934338694873,0.9901502324349335,0.9949346353035755,0.9827469831921996,0.9777684520625636,0.9997202578349624,0.984199440453213,0.9885596267457623,0.9855142955292696,0.9778424822927867
45.400000000000006,0.9751735517533621,0.9824524948651487,0.9712855027471741,0.9789193635715581,0.9814976014542716,0.9707076555645825,0.9596540099605441,0.9984349065651039,0.9751967219000384,0.9737587171099009,0.979883011956784,0.9601426913150917
45.45,0.9576876577862327,0.9706262535209629,0.9603868512908934,0.9723626550545362,0.9606685808635368,0.9552216198076917,0.9437540775906088,0.9939446099410634,0.9629198671897651,0.9613958822690387,0.9648921213200647,0.9401030914009607
45.5,0.9487712558115176,0.9676846741651179,0.9439670453899616,0.9691032792790567,0.9509729694850758,0.9462097228015305,0.9236958544597222,0.9749355209647715,0.9626312468996172,0.9281447097261023,0.9511229954062336,0.9202917602961075
45.550000000000004,0.9438174250580535,0.9454584608130427,0.925524630215213,0.9528993982354961,0.9528288539202118,0.9305816628627822,0.897308793716175,0.9620564536496597,0.9366971972005221,0.9005302306088725,0.9388007314222835,0.8840162470281492
45.6,0.9240107181475585,0.9277023643153891,0.9039351249081875,0.932436443372089,0.9579990615579523,0.9153718613975651,0.8939200705976109,0.9305170872350847,0.9011312488228198,0.8729241376759089,0.9206932763304796,0.876321657005112
45.650000000000006,0.9091716213063465,0.8868390922110638,0.8892772430106407,0.93261584062218,0.9318654031531739,0.8790916849958593,0.8515221383783741,0.8987997769969216,0.8652390036680787,0.8534534796667768,0.9194697037810695,0.8536693788527625
45.7,0.8773837650372693,0.8668862503847493,0.8662632682123194,0.9175138479676987,0.9216929659668206,0.8337010421295894,0.8013610613650611,0.875575152891232,0.8382405551987852,0.8458719520620712,0.8868406001379466,0.8037282385314076
45.75,0.869706426193672,0.8364854240636601,0.8308725118553778,0.8833478533310669,0.8801744827831987,0.7806667031790191,0.7809121282103006,0.8407401300554104,0.811569530647028,0.8309575102337453,0.8549148866452749,0.7672068301306293
45.800000000000004,0.8365129687469924,0.8227924343579099,0.8072954283547832,0.8576579038706644,0.8653597776321735,0.7525064374218483,0.7472266106341213,0.7979740139466401,0.7968180601713515,0.8128067496240878,0.8009251162988518,0.7421980616735445
45.85,0.8036584781012407,0.79668887211683,0.7564371168786858,0.8064837953719541,0.8219786368894437,0.7275654783969108,0.7340958691586733,0.7367435556141709,0.7526265575662532,0.7910150239245759,0.7449209049073777,0.7218884750263581
45.900000000000006,0.7453489558078691,0.7408166177542032,0.7376298704905853,0.7601387720218159,0.7796584913807679,0.6522664629978081,0.7155384574517385,0.6804067166566415,0.7200850425190116,0.7790374473231104,0.7126777579399358,0.6890256954178533
45.95,0.72677953471057,0.7023027541131649,0.6824176110993885,0.7165736906070138,0.7562028316236887,0.6286469552313083,0.6806624478084461,0.6447643391300647,0.6648283278733124,0.7391862818598155,0.7010975714228583,0.6642405865625453
46.0,0.684190429212523,0.6468280188548368,0.6187129704250023,0.6422731573889837,0.7193734294330556,0.5847159403782337,0.6715084098818758,0.6033881580374466,0.6503728909522599,0.703463681826183,0.6024561325931929,0.6207652036614134
46.050000000000004,0.6585130749251771,0.603077037925906,0.5896487503063892,0.6196380707671251,0.6428231191409735,0.5319549635549075,0.6239487401830994,0.5764113361587447,0.6173872548211949,0.6345404720714913,0.5572214698085408,0.6419292736965219
46.1,0.5651952816102613,0.5626967710574345,0.5408243870129127,0.5530072271453643,0.5971788411583768,0.48535901407519616,0.5907071417945857,0.5649279764952809,0.5707196375584614,0.5660796202942789,0.5312227189552705,0.6114167641710595
46.150000000000006,0.4956132575104505,0.5338549421908548,0.5065831593000722,0.5163812388724486,0.5605885464934951,0.4884471754588852,0.5575227235160194,0.5188449681141403,0.5233798936918798,0.5018295768223195,0.4477208483866704,0.5318905683517554
46.2,0.43204758168835194,0.4959073902827694,0.4748836109988837,0.4691346638756069,0.5080498083064096,0.4332523868823239,0.49717285953626467,0.4789041283997273,0.4620360682059549,0.4342385442106386,0.3861198129879791,0.4852078371230091
46.25,0.407663912520394,0.4713126856793535,0.44176276199636244,0.4145746450145541,0.45522647057170496,0.4277859370978412,0.46051940389067,0.4285017754294734,0.43766866673118776,0.38482623583226655,0.35144610867060083,0.4520850664641735
46.300000000000004,0.3612317387973339,0.41713705422090464,0.4116402116822219,0.3720941226129306,0.4038421114484863,0.40440933099205795,0.4492201027483378,0.41910940329082064,0.4008616998280319,0.37659663032825874,0.3170321150167638,0.36319333162489637
46.35,0.34863306354195117,0.37901363328041787,0.31053828120173915,0.3140063963138065,0.3722006732876836,0.36540758708322185,0.3878568416363279,0.3319123709975735,0.3660771213991228,0.3523662236764671,0.3065028650036635,0.3136854398363483
46.400000000000006,0.3332397396124249,0.343768596943565,0.2851943806580161,0.2398046277249287,0.3420239182690082,0.3119675814542859,0.3740594486349756,0.2838308069608139,0.34549996358207613,0.31784458705802315,0.2054051158330583,0.24358468338513736
46.45,0.2845150126912748,0.21897932202290127,0.25795377697744093,0.16502423183988843,0.33445882800256915,0.2740342667986601,0.35132430866152947,0.2324334192489295,0.29256699058997565,0.27919542405618064,0.13566141571896198,0.2116362656133227
46.5,0.22399603637535237,0.15731895967336595,0.24210858907860136,0.13931291948494276,0.28504935203210136,0.21328065801804916,0.25971617090892146,0.19222015340148185,0.24823022500995048,0.2527666775681969,0.08619124804184514,0.17103135246287224
46.550000000000004,0.17876639074966688,0.11916690613307322,0.17319715125974816,0.10667820686643004,0.2552036653107159,0.15796684090487007,0.27863727362424645,0.1605147837267989,0.22349807268840957,0.17322294407104805,0.05587169539398973,0.13594267327808085
46.6,0.12833720202442708,0.09333682521607306,0.13029547237361483,0.056891304109745355,0.21585748986351092,0.1253092855575525,0.24338974727131743,0.1416551790177266,0.16756626587433326,0.11909001567570873,0.049365947913700386,0.06749490536051221
46.650000000000006,0.058348174563331606,0.02678698410254038,0.06992295247156188,-0.005599073086222284,0.11166295866882782,0.08858406711432665,0.20829245575542385,0.1300477532262281,0.07052730928581676,0.029501115879143298,0.026898545762162995,0.038718296173988136
46.7,0.016552553228417338,-0.04519707293683295,0.04927388738337204,-0.002524272836623665,0.011461412470835881,0.03435697836142675,0.13376907725672135,0.0808237033195838,0.009080916423599681,0.02494310955936632,-0.0011600969883166891,-0.01375890601322631
46.75,0.02293145634032464,-0.07642358723093114,0.002952387134405174,-0.04597080566786489,-0.015621138674524792,0.013516867382688494,0.1180334273711025,0.02295653084603289,-0.0317701329636816,0.012727933831401693,-0.05361926510036,-0.05561401620050475
46.800000000000004,-0.019764388010640548,-0.06145823319586711,-0.0680766042024911,-0.06500099123162073,-0.05852155940769351,-0.013132649789197672,0.06497109881006326,-0.05756033790413513,-0.0924092106135255,-0.0640536138184298,-0.11055547291991469,-0.11357231046636268
46.85,-0.029971962737587815,-0.09859097198921617,-0.11395030745331759,-0.14785452952514302,-0.08762894918931607,-0.06867414484531656,-0.0030998873796284714,-0.1346018104018237,-0.13496950439093272,-0.1301028374719104,-0.1158493301737054,-0.12041503894096725
46.900000000000006,-0.031003451031264555,-0.16353427576272106,-0.1815177663748425,-0.21789235083093617,-0.11388663845268347,-0.10228175997857049,-0.060121462224908474,-0.21456674225487368,-0.2221638619474437,-0.19255778914055816,-0.17528964509059447,-0.20360753301370735
46.95,-0.088306038506058,-0.1983378659068428,-0.22778972006505716,-0.24037146865327033,-0.15564536365021345,-0.1244827560880257,-0.14547525452825202,-0.2693465870544516,-0.29845042904814634,-0.19475132711573906,-0.2719249491231841,-0.21246464082555963
47.0,-0.12090441238281438,-0.22838978725955264,-0.3078531147896887,-0.29388900946577806,-0.1958760555349644,-0.15703405868066775,-0.16711366519118803,-0.33624018619834617,-0.35517880850874595,-0.2736733921323764,-0.3256704734372656,-0.1988228046616132
47.050000000000004,-0.15350795573944062,-0.2858023344928302,-0.34330254545204797,-0.327142468812173,-0.2153391291438309,-0.2331976974937568,-0.23575958796848873,-0.3847551211344776,-0.37644167852655835,-0.31978202346897944,-0.3369377975043443,-0.2522414953051968
47.1,-0.15537527278314997,-0.29251585135148295,-0.37992057426874304,-0.42816635827410005,-0.22003174683651935,-0.25212288208983646,-0.2950188627813875,-0.45984701717711646,-0.4184534836284597,-0.3769124972273783,-0.3744001642829818,-0.29474876305364334
47.150000000000006,-0.2252270429956663,-0.32423965205371663,-0.43995253032079623,-0.4309631998537969,-0.29332703975044194,-0.30390401505024256,-0.34132517984770694,-0.4542065123425812,-0.43292374003759015,-0.4422132130371143,-0.41448059611499233,-0.3550799882214057
47.2,-0.2684280585618695,-0.3713492397071208,-0.45011651505121214,-0.47544038413223955,-0.3499712156888027,-0.3605581605751448,-0.37053358528386865,-0.48182264225391763,-0.48339200899829715,-0.47218529681887045,-0.4521398845260419,-0.44893244926483983
47.25,-0.30970250569117863,-0.44234233743599627,-0.46824969854874293,-0.5303632491660801,-0.4119731793118278,-0.3958099508311685,-0.39368954992462674,-0.4749587153525378,-0.506923091233627,-0.5186849258072064,-0.4722064238050668,-0.4947225314735289
47.300000000000004,-0.3378012358629763,-0.4788595233761998,-0.4880768177894163,-0.5662494862051508,-0.44286414404185287,-0.41527519065810037,-0.4306155067729576,-0.49496078876103883,-0.5163046583201781,-0.5740464044858319,-0.5090739561651012,-0.48888354321251715
47.35,-0.385452462159902,-0.5380892919381516,-0.5166280783226205,-0.6311567948633215,-0.46507615563714333,-0.47310714192324566,-0.503037048141885,-0.544712664433178,-0.5260089198979138,-0.5838097626395781,-0.5757470618747965,-0.5165085120159496
47.400000000000006,-0.46768207798422906,-0.5658524868906784,-0.5647915902372208,-0.6357259454579698,-0.49457320605215205,-0.4981392153588164,-0.5526754996636174,-0.5847250357665666,-0.5769898705074643,-0.6055438656102663,-0.5951684442007812,-0.5656296910442455
47.45,-0.4993617207351973,-0.6237588862941563,-0.6049658921180954,-0.6632197251098251,-0.546986697271969,-0.5409709714420221,-0.5609173455840999,-0.6001689111165752,-0.6360235797266194,-0.6392493834422812,-0.6009067946962401,-0.615021135721742
47.5,-0.540916970292899,-0.63956305121518,-0.6232485993988952,-0.7139646157155184,-0.5460879981437462,-0.5663142528024014,-0.6077370872242364,-0.6678328837843691,-0.6801358377436749,-0.6543902248409207,-0.6710924887243634,-0.6281443628315019
47.550000000000004,-0.5974334856877276,-0.6821443122218642,-0.6477975634064452,-0.7545702287453386,-0.578870093479752,-0.6226188397652889,-0.6135266199598337,-0.7056950542138413,-0.7039331830013184,-0.7071740950820264,-0.7051701594965855,-0.6916042038292819
47.6,-0.6544449476250314,-0.71146893659033,-0.7034320946904605,-0.7934641657904314,-0.6310109474414457,-0.6175699653801748,-0.6393849323654317,-0.7589655007157338,-0.7136416969425278,-0.7505645754643177,-0.7505521991816906,-0.7142975177235781
47.650000000000006,-0.6606599616593984,-0.7327328937898919,-0.7741849652345589,-0.8048201492520322,-0.6557273733664747,-0.6420407170827419,-0.7057302199061121,-0.7811623785063979,-0.7364348162989943,-0.7981720461447728,-0.7896989874961837,-0.7341895308750193
47.7,-0.6838092318341091,-0.781930889497891,-0.8035263689637915,-0.8074370323485284,-0.6624288175188288,-0.6647205048164851,-0.7225505741468181,-0.7754025105311206,-0.751491750722765,-0.8065866652094212,-0.8099938014046074,-0.7957992754907126
47.75,-0.7230407483212419,-0.8049999541870142,-0.8369411123146911,-0.830335434306384,-0.7102068005714239,-0.7118716861940959,-0.7619517988525036,-0.8428474934202743,-0.7980338098857028,-0.8134898872727174,-0.8406965229779197,-0.8120549847124673
47.800000000000004,-0.771538046827681,-0.8105746490335087,-0.846511904872026,-0.8602094557503173,-0.763966311941941,-0.7590099558865109,-0.8093797462571741,-0.8684033810490037,-0.8290624435914477,-0.830875918185768,-0.874375188143112,-0.8537784302890232
47.85,-0.8074205780080904,-0.8363324190218638,-0.8904278240634912,-0.8830921759282061,-0.7977594315527367,-0.8013156259671785,-0.8381451888504842,-0.8781871619765678,-0.8604224155435057,-0.8548500532373791,-0.9145402208432581,-0.8869714740198054
47.900000000000006,-0.8332125669492968,-0.8715541246782074,-0.9135717695870519,-0.9181909986794994,-0.8209406501839677,-0.8353743684428862,-0.8650827006034545,-0.8991689479196875,-0.8738654446871599,-0.8850142623965813,-0.9341140366868489,-0.9206478949400756
47.95,-0.8652512285652196,-0.8895631411076297,-0.9383645867949378,-0.9281474028037919,-0.864588950603738,-0.8772376546855093,-0.9048552389435285,-0.9217486973061042,-0.8925083983483909,-0.9067515415572184,-0.9510458286400214,-0.9321229189264515
48.0,-0.9084049395749612,-0.9171759749899705,-0.9459972687090994,-0.9594840555040975,-0.8904569815004596,-0.8886265819268845,-0.917418154897275,-0.9505807708926748,-0.932758869442332,-0.9347809517128196,-0.9714694182672223,-0.957326811797956
48.050000000000004,-0.9359962522220943,-0.9388742050051834,-0.9645020241894339,-0.9755681200636321,-0.9055067969071338,-0.9201242318372929,-0.9498649437651117,-0.9618355312439265,-0.9471860423321572,-0.9538573418291617,-0.9770217991286678,-0.9609771032494
48.1,-0.9623720549831843,-0.951383716166887,-0.9762460788737904,-0.9815934932473657,-0.9387900704052174,-0.9468756392407514,-0.9629524008345317,-0.9659900192270602,-0.9599702203544234,-0.970143206056253,-0.9861893173841384,-0.9741748119617749
48.150000000000006,-0.976483796548498,-0.970591993358808,-0.9854619149364592,-0.9910288866212162,-0.9476003575131564,-0.9775734455303093,-0.9740155310853368,-0.9785074896096374,-0.9764293114899306,-0.9779708539703839,-0.9925502532150188,-0.9841811748185462
48.2,-0.9824255335056767,-0.9833816334366423,-0.986837038500107,-0.9990494842479042,-0.9686096394321151,-0.9886584335175359,-0.9760977265065799,-0.9840995598901879,-0.9913420527331307,-0.9982335902670046,-0.9988921461159918,-0.994821698095936
48.25,-0.9929339037220295,-0.9881709247393679,-0.9965895793460692,-0.9996280535074298,-0.9740044895899392,-0.9906266058601976,-0.9906858018371871,-0.9918551395741667,-0.9967728234920235,-0.9997673254728187,-0.9995114688881798,-0.997580409701259
48.300000000000004,-0.996682659267377,-0.990493388431117,-0.9990287257643646,-0.9999685907959632,-0.9873534166110511,-0.9973989038734608,-0.9934066779502835,-0.9964942777981202,-0.9999035856721218,-0.999972238243164,-0.9996635567492484,-0.9998556335087493
48.35,-0.9999998707471156,-0.9970591946829477,-0.9999949909230209,-0.9990931099540346,-0.9945127582241827,-0.999603870197618,-0.9958074056962437,-0.9999991651216028,-0.9965248487186806,-0.9999674332816486,-0.9979748304765247,-0.9996493703063921
48.400000000000006,-0.9997759969813548,-0.9975110336940773,-0.9994652012088674,-0.9965978153211472,-0.9960531471146629,-0.9997309832237488,-0.9999936404536914,-0.997692757141746,-0.9926687227013259,-0.9999743621825524,-0.9918150456742993,-0.9968074506967385
48.45,-0.9964558749751117,-0.9994209816013664,-0.9978779289414597,-0.9982300015113917,-0.9981496287161515,-0.9967084640926304,-0.9986840413323967,-0.9965705193358952,-0.9919643014510754,-0.9988719389482534,-0.9900801691510331,-0.990017490844877
48.5,-0.9923404096731054,-0.9976953849702903,-0.9950234529142474,-0.9926866788243832,-0.9999901678199318,-0.9915613770200472,-0.9941403565116401,-0.9917411434329675,-0.9894469905070805,-0.9969441376518783,-0.9842601276919823,-0.9715396169183563
48.550000000000004,-0.990109740492032,-0.9941450607318165,-0.9876887426842307,-0.9861064678075999,-0.9970523678741626,-0.9862734225832459,-0.9881777402804632,-0.98072720035103,-0.9718426721035727,-0.9865917171735995,-0.9755023804513001,-0.9613441604771986
48.6,-0.9807940181273764,-0.9865527727623916,-0.9819239492005859,-0.9702306289615171,-0.9910765143523448,-0.9779891202724496,-0.9848139734905618,-0.970254237371492,-0.9727614316487534,-0.9806910741423308,-0.9673317125930251,-0.9464891050445527
48.650000000000006,-0.9564125781044579,-0.9738163978492326,-0.9604894592828739,-0.9518749020262275,-0.9775959489179052,-0.9547883901606168,-0.9778833272071509,-0.9636835923806706,-0.9557351031003261,-0.9701149654284023,-0.9519782513318427,-0.9344305888674032
48.7,-0.9457846243169993,-0.9490665527744465,-0.9532084281434431,-0.9290155426367318,-0.9627135568453477,-0.9539191170141157,-0.9696152359613964,-0.9543745108821833,-0.9356818423276725,-0.9594454539429357,-0.9361766148704009,-0.9315326496242523
48.75,-0.9051266272080961,-0.932998658304996,-0.9309028615047489,-0.9157447754690253,-0.95401084795059,-0.9214782541961248,-0.9671450796873776,-0.9356674329309608,-0.9300547040465016,-0.9474311539620078,-0.92380642904226,-0.9228129870285489
48.800000000000004,-0.8851200327279449,-0.9394814662505382,-0.9137560640531914,-0.895908285525258,-0.9495717685839519,-0.887742559843623,-0.9542440763182352,-0.9194563381616716,-0.9169383248798182,-0.9307348967541108,-0.8885857302261305,-0.8739197532445568
48.85,-0.8540497618278473,-0.9092611360548667,-0.8707881853443528,-0.8698774452237603,-0.9171176261057868,-0.8593932017238657,-0.9327149709315298,-0.8948340391221934,-0.9149697544208455,-0.9079721701721288,-0.8844953699895755,-0.872306857527887
48.900000000000006,-0.8279614516482887,-0.8999033486150353,-0.8460142098457566,-0.8427655608705739,-0.8948627862562188,-0.8513975166387844,-0.8996250709593294,-0.87280689549491,-0.886217096481593,-0.8992625587512095,-0.8613810105171043,-0.8324603635070156
48.95,-0.7881315325226599,-0.8852553849808402,-0.8269101711644988,-0.8296325273512224,-0.8804827742226249,-0.8480542458393217,-0.8749436521973891,-0.8390923688051705,-0.8700214458168258,-0.875904307344891,-0.8368589407819702,-0.7901284712617336
49.0,-0.7720397912840836,-0.866385543289875,-0.8107262026313363,-0.8170593881784364,-0.8493756212782299,-0.8252685764338138,-0.8457326742509698,-0.793455760803903,-0.8234779728900781,-0.8704795456270339,-0.7978193038333952,-0.7592430810593054
49.050000000000004,-0.751542253781987,-0.8334810304894779,-0.805942460985624,-0.7621270309777283,-0.8160373364719944,-0.8114965407316053,-0.8234897487879365,-0.7925090511426488,-0.7985837370662527,-0.8480672553749343,-0.7877597788082722,-0.7170983318570515
49.1,-0.6993088569767048,-0.8039623961609793,-0.7773303170264959,-0.7225707358490654,-0.7892583583321545,-0.7995436571284019,-0.8009174919488783,-0.7671109611350753,-0.7633850284476509,-0.817196520185149,-0.7512129260052315,-0.7151617887818692
49.150000000000006,-0.6569378051277344,-0.7721824818312619,-0.697712063347257,-0.6963654510962283,-0.7552333398481356,-0.72153451934836,-0.7631906988293973,-0.7362381544974578,-0.7473527574033743,-0.7602839153529237,-0.736586594920468,-0.6750303344813643
49.2,-0.6343252265689707,-0.7409059078180862,-0.688223398095993,-0.6345373700162354,-0.7288450754407108,-0.7120883096828432,-0.7040346263822064,-0.7104124299585957,-0.7052935716806507,-0.7112178663722393,-0.6898709814622993,-0.6817576405058505
49.25,-0.586516637874892,-0.7065502882253095,-0.6558482996711643,-0.6008514539727297,-0.7242737664877915,-0.6747141492954531,-0.6914579912868442,-0.6790280830384183,-0.6651275009777504,-0.6560846118956589,-0.6661994022069213,-0.615241837747311
49.300000000000004,-0.5323570602679304,-0.6767081693822916,-0.6370887566052261,-0.5928941769580179,-0.6832762566793377,-0.6536423117405386,-0.6279299615633832,-0.6535572992751716,-0.6439935728544539,-0.6161551830284651,-0.6381165581303329,-0.5772124988668639
49.35,-0.4770602305254712,-0.6351253707219993,-0.5920450672646476,-0.5482408807245825,-0.6780737621070297,-0.6087951299927862,-0.5846644432612154,-0.5955656347922046,-0.5912724546960595,-0.5842048063419274,-0.574090993897052,-0.5446283847997758
49.400000000000006,-0.4373657575711012,-0.6002812572889612,-0.5381460554473698,-0.514496113259687,-0.6050546455475176,-0.5281432229509861,-0.5245661135787755,-0.5222208001133916,-0.5814148418084457,-0.575325409758339,-0.5374487463224044,-0.5027219683532673
49.45,-0.40602508357569794,-0.5905212081527975,-0.4676473121829157,-0.4221020847779839,-0.5376578736663304,-0.46695717687414634,-0.477515346230255,-0.5002186569584691,-0.5343088245534068,-0.4877305882717344,-0.4994436097596608,-0.4700366429958232
49.5,-0.34145730864867185,-0.5179952029203247,-0.44149316182827086,-0.38577582462323506,-0.5075686479285473,-0.42759460002124206,-0.4087120790064809,-0.4740983496929279,-0.4628989709452892,-0.4444104030850555,-0.3986974935640225,-0.41725206227000344
49.550000000000004,-0.30500059521421385,-0.4573578192043285,-0.4005448767161179,-0.38268451445825613,-0.46895749139446047,-0.39347607773683957,-0.4017048266460726,-0.4284637278634141,-0.46180945901255466,-0.40932844018056574,-0.34723372859638546,-0.36811986946065695
49.6,-0.2757820699195377,-0.41255926840455687,-0.36992873120932956,-0.33426674581236426,-0.42331359000460883,-0.37381130952093855,-0.3487794740776301,-0.37526053905040313,-0.4147779976053764,-0.30873764502167134,-0.3056099735318436,-0.3283762787072622
49.650000000000006,-0.24470915238300742,-0.387221376317349,-0.30251254707732955,-0.3017916386569269,-0.3911156445279778,-0.34280991702963926,-0.3251675655951177,-0.3687748662210371,-0.37372083766687036,-0.24787457103790886,-0.2546696934439066,-0.2429755420668549
49.7,-0.18357040428118215,-0.3250526150969336,-0.20714542008098402,-0.25389957864745194,-0.3429359502981233,-0.2979536181990032,-0.23876851823854942,-0.3176670338072742,-0.33644186744677096,-0.1950135410170058,-0.2287184163669577,-0.1854723758087969
49.75,-0.13048390760519415,-0.2793936051269612,-0.1463916126555295,-0.2384398705431834,-0.2908190560486946,-0.2622649274671835,-0.12090790287665508,-0.26153711768139815,-0.29562701042870315,-0.18963010046862494,-0.14727681592837893,-0.14924453438839458
49.800000000000004,-0.10724038907411323,-0.21994522791489401,-0.0840023083359504,-0.16742427549472347,-0.24163532336201057,-0.20964585649759696,-0.07380960243646094,-0.2007856684650734,-0.22867320688139128,-0.11861049583736058,-0.09906128656999406,-0.12294065009328208
49.85,-0.06474177488118744,-0.15005235462348784,-0.08294501295712502,-0.15720582156470952,-0.16940574554641283,-0.12270666213170374,-0.06324830724103703,-0.14589164246461636,-0.1823991611690951,-0.08253976700491186,-0.04382540737263618,-0.10564089323704093
49.900000000000006,-0.046204713704557754,-0.10849905248641582,-0.03681524133731816,-0.12757662543650375,-0.10255315064010366,-0.08770910462600869,-0.02844261851794341,-0.0873219992479215,-0.12947948206053866,-0.018299173605164195,-0.020717256308050998,-0.0884198397590208
49.95,-0.0054850888166227164,-0.057829709344398135,-0.01851626116782833,-0.1032496269942525,-0.053047600133372105,-0.060519876612687845,-0.018759797242186738,-0.01318493436831645,-0.08996996710514296,0.05148458912861302,0.028222627776790812,-0.026562605421905455
50.0,-0.03792312889722232,-0.07561059363229626,0.004852537696642904,-0.04553367248923134,0.0004813836051635684,-0.057488449553550265,0.029218329161599735,0.005748169774126751,-0.02835472102592069,0.08929209100324641,0.09431222942896264,0.05278326471225128
50.050000000000004,-0.10333179344518205,-0.0017777724587708802,0.048937304591887124,0.08274915844475338,0.012431204255251625,-0.02087362432919823,0.09993434500360662,0.07302274840999488,0.03637490029174777,0.14520114902650785,0.08818306967590674,0.14105215214807212
50.1,-0.1526332916786447,0.08028665644232336,0.052041930645913795,0.14067740677596993,0.0445080110200026,0.044952588939930434,0.1546067715252553,0.1295458726028323,0.061793902659115475,0.18274886443852953,0.134573181590802,0.19893147049658386
50.150000000000006,-0.23087906712719136,0.1318531761897213,0.07770092838415443,0.1935749014718461,0.15659122948657206,0.13569515300698584,0.12707278046791565,0.17742699211271604,0.1384278140444262,0.21771894662169955,0.17383036215453357,0.23673423547898065
50.2,-0.29986307927560724,0.1506284298376873,0.16609109178061712,0.24138782313807172,0.17491003299965818,0.208977951846982,0.14106693323868355,0.2096552708876093,0.17489548673308197,0.30909399468889065,0.20788321486474956,0.22914182300937141
50.25,-0.3433842914182769,0.2103056365617044,0.23927556322780533,0.3431026922175326,0.2518475739632945,0.2556638679796163,0.17314683358931438,0.29457971337975375,0.2162049066875873,0.3280864901341243,0.24847892440130234,0.2472051505003927
50.300000000000004,-0.3880628983158133,0.25225457528485623,0.3084115093068258,0.37637962606302755,0.26157462558801103,0.25945498881486145,0.23384584202818598,0.3385957960952822,0.2538009290769905,0.3542457567054902,0.30904057154277026,0.33124596797306666
50.35,-0.42501056804502957,0.30151041080368063,0.3790913395133725,0.4009586471391427,0.30397282077838167,0.30399532118803463,0.255672273217606,0.3839311570065574,0.305440055334502,0.40489503104387814,0.33000353451207154,0.3777002715587525
50.400000000000006,-0.5081584647697139,0.39565178322321315,0.4525951037230461,0.41757915953045727,0.3568005027094668,0.33735222154220296,0.3172635369924699,0.4067544892583055,0.3144496124866859,0.43349073598146703,0.3968787606345111,0.42919534615628846
50.45,-0.5701304009439246,0.4405154729919085,0.5018219858631751,0.47408786157676375,0.3910841610306504,0.38419230282730354,0.40965017439339774,0.45138920546769046,0.3674404228138494,0.4725733768922485,0.4387605654656407,0.4625866959408006
50.5,-0.626657641976915,0.4685848621208909,0.5376104091498753,0.49956895716214933,0.43456408566258375,0.4414378500827923,0.45149895691174396,0.4476656880234122,0.4312915299307615,0.5116618940636519,0.46300881089303125,0.5223555808970488
50.550000000000004,-0.6520038659602425,0.5300438213240936,0.5740982004749408,0.49355990924093535,0.4780010881375926,0.4735954274619911,0.48435743069683057,0.4753807849377407,0.47516201114943285,0.5366358005314502,0.46886159603416455,0.587813409380815
50.6,-0.6972301607693446,0.5501435808534411,0.5877225567062448,0.5556054150237347,0.4877222766155498,0.5169578211345377,0.5161162275979253,0.5077843587895852,0.496122594256147,0.5590323150901422,0.5175373638044924,0.6271569406626697
50.650000000000006,-0.7321688367138154,0.5837337091903603,0.6418167052460131,0.5629558265685217,0.5267963708608623,0.5352506543343947,0.5371681523213551,0.5557391516024308,0.5294343953140896,0.5693478740148898,0.5899752040438729,0.6767231230029277
50.7,-0.7469396038883872,0.588837476031205,0.6859492677457667,0.6004256992190045,0.5952431019191932,0.5868827412147741,0.5867860919523575,0.5749976524797162,0.5834128059110588,0.5803795101202913,0.6547526265052606,0.7133955852990954
50.75,-0.77741298739776,0.641756277229877,0.7549998474757905,0.6383583635320691,0.6396720285113645,0.6151763709328921,0.6296867048888661,0.5861367870714564,0.6245936859231173,0.6201624257349815,0.7218995620863305,0.7104240573209257
50.800000000000004,-0.813906996813522,0.6995402691805035,0.7766715712056915,0.6758633157017292,0.656060337770842,0.6341091155678202,0.6344073607567071,0.6171203182048622,0.6454262151487838,0.6599339829648977,0.7387230845885642,0.7334533031350835
50.85,-0.8463558795185772,0.7281111484168424,0.7930709253607346,0.694871655051041,0.6896652715267062,0.6902442660229932,0.6775489444762572,0.6471737924300665,0.6821520374705373,0.656918478150118,0.7660622413519413,0.756942846894365
50.900000000000006,-0.870904159552408,0.7436318977443962,0.8111713509144439,0.7490616638513721,0.738575514607773,0.7059608940404557,0.7059751236581462,0.6783273134802632,0.7326209298325782,0.6969045731879486,0.7954008127818777,0.7940517032718859
50.95,-0.8971735235673537,0.7934569271968314,0.8350424328766959,0.7684233008995226,0.7617967371174811,0.7591286116703757,0.7354192183065261,0.733699794254891,0.7551408813997081,0.7188746072121295,0.8310362572924908,0.8076666544305139
51.0,-0.9341235961551625,0.8229681560664255,0.8462628231276543,0.7999484416573299,0.7797562479838565,0.7928975737120678,0.7998395211210284,0.7620454179719256,0.7954293951701249,0.7541935332834289,0.8548417935839585,0.8320032296960872
51.050000000000004,-0.9521028918457196,0.8500039826841974,0.8656006864848956,0.8173515371778304,0.8209227685350168,0.8204727551561389,0.8250548697766747,0.8147067503068167,0.7973068125819547,0.8059976105152256,0.8659457661065266,0.8598240618926744
51.1,-0.9691205635928308,0.8591928724895699,0.9020948677381609,0.8708084035984561,0.8409559336530641,0.8493953831411116,0.8526228615505114,0.8646640063663152,0.7971992342651131,0.8386922794733865,0.8794579544073865,0.853408801130857
51.150000000000006,-0.9837610255916163,0.901340327500091,0.9130693785548112,0.9025108941475645,0.8777899785115055,0.8713814602466134,0.8784898761903894,0.8656914517139852,0.8198058733979904,0.8745505691628679,0.9015999665653155,0.8832947640152389
51.2,-0.9952065156306978,0.9381913065814562,0.9263240653918974,0.9367088908230541,0.8978882157736208,0.9104824602874214,0.886924025845159,0.8912679768893405,0.846062130594153,0.8971749679623687,0.9325287579999292,0.9097329379632763
51.25,-0.9999055903824203,0.944871249800936,0.9357749319301288,0.9515928435112406,0.9149881105821042,0.9251484851455707,0.8994556165477327,0.9243676550097727,0.8711824113399096,0.9302180346049318,0.9481209667986034,0.9352434284194222
51.300000000000004,-0.9934646569982084,0.9505327734891043,0.9543220607900406,0.9759619933925959,0.9332382675769204,0.9476940903072365,0.9279315200632545,0.9435338156398271,0.8999962033626784,0.9494003771006124,0.9665816364912556,0.9401701100624861
51.35,-0.9777969198246916,0.9612298398501533,0.9648300668751068,0.9893122374478617,0.9414047169193431,0.9495677068930526,0.9520989730560842,0.9468957583151965,0.9035969941048889,0.9677558125276358,0.9777665815148784,0.9597116289848383
51.400000000000006,-0.9567521905910176,0.9629653240518353,0.9692499685868622,0.9933544949538068,0.9450454588528645,0.9642997903802479,0.9626849101679218,0.9624734301851892,0.9286565957570139,0.9789960953483964,0.987882274893337,0.9702062935730372
51.45,-0.921617016550771,0.9750532970434073,0.9661375695816465,0.9981269465317528,0.9597684860099954,0.9775887617925832,0.9668547888270483,0.9721874420844295,0.9390569765533118,0.989010483344112,0.9887912119736427,0.9759457768254111
51.5,-0.8697673406619347,0.9804371725662197,0.9731077141781651,0.999996002585739,0.9763368403702939,0.9880645795834491,0.9823905645353718,0.98069987962956,0.9554149365433291,0.9917209153337336,0.9947213263212245,0.983008936951655
51.550000000000004,-0.8169979420002199,0.9901482565278606,0.9887564628901856,0.9991496559200768,0.9912439406458673,0.9909827484104848,0.9824837613925947,0.9911025991869553,0.9654463134047654,0.9951912846368238,0.9945131688447455,0.9874935391020513
51.6,-0.7709640262905093,0.9938983707676199,0.9938279418070435,0.9970458515389374,0.9978914166049906,0.9969422057387953,0.9841118138506253,0.9971753278954255,0.9789763483840135,0.9980412330784851,0.9982054540599905,0.9946389234896146
51.650000000000006,-0.7048325277153459,0.9973210979360759,0.9994726828322508,0.9956604625664502,0.9984116716379805,0.999130389862906,0.9881048669016611,0.997074711156949,0.9872378639515412,0.9999263658005649,0.9998773559659621,0.9987210067935876
51.7,-0.6565019512304692,0.9997863930551699,0.9998858338573123,0.9937460184138288,0.9998818901000661,0.9999999275255309,0.9918662361237391,0.9997252409919448,0.9970479988980491,0.9991406964273,0.9999756651447105,0.9999671557731514
51.75,-0.5430248323526388,0.9999417421734597,0.9972491305201153,0.9912927872355185,0.9996324277146222,0.9997133476155244,0.9961854429448459,0.9983009115190159,0.9980406066003227,0.9959944640097461,0.9953868668292352,0.9984460763877766
51.800000000000004,-0.46277089580082076,0.9999999704114467,0.995175369079239,0.9847858563258106,0.9976271089257002,0.9995144808787428,0.9984996895035846,0.9969601590599297,0.9998805994014671,0.9848509718650673,0.9934797066183502,0.9971206066818409
51.85,-0.3711230136301665,0.9981549393662805,0.9901493770026129,0.9820692867745827,0.9955078214576468,0.9986353084182606,0.9999774533338195,0.9827818595484367,0.9988286377412445,0.9796233490062732,0.9902157325212791,0.996164381113214
51.900000000000006,-0.22791940321440907,0.9927442936360276,0.9852788777912049,0.9665326955970821,0.991364715360123,0.9934961163213367,0.9978005732369973,0.9767264080246186,0.9973724130725429,0.9737179887025421,0.9791453949594314,0.9924914829699665
51.95,-0.08285026941262318,0.99094573992186,0.9724838017217959,0.9540951916644644,0.9904868856472833,0.9888850930907223,0.9901740440061011,0.975820347328717,0.995463632448238,0.9662981617974783,0.9555201031763586,0.9881509015317012
52.0,0.06857058796639397,0.9830698683627977,0.965953386934055,0.9413574069240267,0.9862532433280502,0.9836574614466456,0.9893558043027443,0.9668797337846154,0.9858405055909456,0.956963876836055,0.9349132900363032,0.9764970409622838
52.050000000000004,0.20701958020636632,0.9778714609926481,0.9576959331075204,0.9416910452216563,0.9801614618953558,0.9745435578247643,0.9715187728709306,0.9524168501727923,0.9811309573839375,0.9578184682776516,0.9243380449166003,0.9599383455959226
52.1,0.33871683737030167,0.9644782327573684,0.9459861740138724,0.9210558483093283,0.9800675641709222,0.9533060085181988,0.9672785413208809,0.9335948343670948,0.9721970013316608,0.947649339015121,0.9131692809431863,0.9447313315420629
52.150000000000006,0.4791038697487048,0.9442464088346443,0.9177309373519448,0.9022673889187107,0.9590695532607925,0.9406864927886643,0.9457738816288518,0.9160384446615507,0.9634293053354778,0.9335193889763376,0.8925469074326641,0.9301156053689783
52.2,0.6066889389029777,0.9219434185697892,0.9009307439337881,0.9169085501820482,0.9321451774288201,0.9296748479995107,0.9373172501863195,0.912700716310098,0.9512530790912805,0.9245009674645561,0.8844507131918427,0.9198407328083082
52.25,0.7208223223139424,0.8840862251532913,0.8729604274420978,0.8855615036811038,0.9219343918974631,0.9136883854847021,0.9159315267559387,0.9034876220782434,0.9384595409206171,0.8997580672443828,0.8525186023458754,0.9007307142982581
52.300000000000004,0.7908358120354593,0.8710215065583674,0.8712052915158335,0.8638959591141497,0.9032553331742244,0.8996837264739818,0.8937075891872432,0.8799656457571094,0.9169419703713905,0.8959605339660391,0.8364447837396238,0.8751784692283772
52.35,0.8849145907864875,0.8564080843444865,0.8419460431651337,0.8297338293603662,0.8881927245201588,0.8672785981888924,0.8575193280600726,0.8419164658478386,0.8908375862855776,0.8468155150842489,0.8242868477249956,0.8242174831021513
52.400000000000006,0.9442994727439851,0.8165277763522013,0.822021192329414,0.7925352518923564,0.8498606613518705,0.8606238974523421,0.8361585199349107,0.849321642288076,0.8690847164475778,0.8371129242422566,0.8034044821549544,0.7544077155457676
52.45,0.9859635703267444,0.8157942966530638,0.7868678774568388,0.7537106723891183,0.833122835782896,0.8349232184253926,0.8064069765381849,0.8428113797014644,0.8564316820496818,0.8111644991815563,0.7756389557814697,0.7430213905914181
52.5,0.9974976779283146,0.7925571371440688,0.7444776903238707,0.7284562666069623,0.7854770627227554,0.8202111324847398,0.7762904934561813,0.8205528162702628,0.8197286927746691,0.7982312228035289,0.7152345019175631,0.7463136402400975
52.550000000000004,0.9963301588628145,0.7645439901123463,0.7059104820988085,0.6757688619968394,0.7475643665920161,0.8040627418280324,0.7374184206402143,0.7615849005274629,0.8028897431670906,0.7361212602374361,0.6806980811544351,0.7247876460531704
52.6,0.9855945900985787,0.7390626515165143,0.7101309561653387,0.6539457530727972,0.7262941038678224,0.7904264674347136,0.6930199715853905,0.7342364234265575,0.7793457397114651,0.7136482060099528,0.6440872374254334,0.6912637943563986
52.650000000000006,0.9675730478726075,0.7063231946741001,0.6769976380286588,0.6448093974769203,0.7042549237776218,0.7486131448594985,0.6510296046013121,0.7060127452061982,0.7326891683615604,0.7017403444481048,0.6323330975086409,0.6629338425920589
52.7,0.9240294979545388,0.6715894836731862,0.6469266467985293,0.5799103824566064,0.6806294255884437,0.6751755213933143,0.6292742310964563,0.6906853497020058,0.6995194519235074,0.6743590711386632,0.6155138695065195,0.5764890294898586
52.75,0.8809087896175255,0.6286700606496298,0.6180628083323103,0.557905635290307,0.6291877360658006,0.6733740668828613,0.6171617080979757,0.6580582706261381,0.6351110124655055,0.6468425246441405,0.5706555112845432,0.5426548627911996
52.800000000000004,0.8177056001129218,0.6252685951839616,0.5630541475041855,0.5257847286768438,0.5785741659634094,0.6521852585309206,0.5788554759150495,0.6210724962349582,0.6165171661138531,0.635282035445142,0.5457958201669773,0.5051905990292721
52.85,0.780498202749772,0.5938299863572006,0.5628557818728999,0.4961539091441002,0.5251855853323983,0.5991904036413263,0.5418956950444469,0.5759295311996111,0.59246761349544,0.5628386038673685,0.4616030097603375,0.4660029193740707
52.900000000000006,0.6821485425035791,0.5676144409598414,0.5451085641706664,0.47182915884428317,0.4978306481435409,0.5105831631590765,0.5073579344499215,0.5524677002142317,0.5674828791764538,0.499599461801439,0.4017876744731029,0.4398395919329369
52.95,0.6642075135405139,0.5484984963212429,0.4598002265553173,0.4133677252435692,0.4618418545211541,0.4310776794613439,0.4208262019516255,0.5088883494479353,0.5214550258948927,0.47389063703592116,0.37143897214027555,0.4338905507608751
53.0,0.6364646537146854,0.5392687354505119,0.3891103880706243,0.4064491602138255,0.3810228133290442,0.41173263865456694,0.3398310344604757,0.47124338816386063,0.5078900317346674,0.4035925789232728,0.2990121661057157,0.4107128884849243
53.050000000000004,0.5837718185404757,0.5094408676251169,0.3473207425266985,0.35719507323518146,0.35545145633615904,0.41470304674583097,0.3155469869256966,0.4080876505727131,0.46162912043207216,0.37139001540693495,0.28398398832897165,0.37840087709140535
53.1,0.493439243005584,0.4838303248304327,0.2853797378863855,0.3098047512901778,0.31449985188055096,0.3890397605173108,0.2843932832651658,0.3624954754041669,0.4224752391777297,0.322887048068381,0.23316046403768376,0.27926896044895433
53.150000000000006,0.4278480096814005,0.4726726740577219,0.21244673120898983,0.26724210946596416,0.2290985229566979,0.3086810400353529,0.254517717531167,0.298189778150042,0.38317750407661244,0.28111703380447794,0.17610165335863792,0.20795363019029728
53.2,0.34694135328691716,0.4127531514179173,0.10722607440093453,0.2267350528369198,0.23370117313258312,0.2982940322686528,0.1732512825329307,0.2528217689909146,0.32399838172231626,0.2506270434969438,0.14640778503149643,0.18389375719851606
53.25,0.27725108660000747,0.3566430311905458,0.05767090075148466,0.16779102450445024,0.20428501966918267,0.28528857155208676,0.16899261021568054,0.13025909141567935,0.23294317354846014,0.17203724268313478,0.12023390471204597,0.13762830538067794
53.300000000000004,0.23914869301341427,0.3285341436458909,0.03300146434023539,0.08414967443854937,0.14092405750771167,0.2564311212614802,0.12926008439218034,0.06946797500389987,0.1941534453867099,0.1261314026041902,0.0642788617789668,0.08071120337320427
53.35,0.17359617258271126,0.2827151784408128,0.005071702019679238,0.06499032364206847,0.13830720464253418,0.20474360461856378,0.06036042123944466,0.06292546286929365,0.1333813802516463,0.06223079920371141,0.06486584714277181,0.04099179632128259
53.400000000000006,0.07544979833929706,0.20778433337772298,0.0091132473335747,-0.0008638912012932594,0.11198738276260292,0.1339873793580834,0.03191510503109344,0.02008326815045974,0.09461285032488714,0.020198987433190683,0.029904492403007455,0.00019355039123580234
53.45,0.05225515388332853,0.1360665144568389,-0.04304563123972449,-0.008006982807050452,0.04011854137148346,0.08661582584561153,-0.019696329005689676,-0.04363275916764812,0.03327673390080385,-0.051388602203249416,-0.013137908079009719,-0.07261394745543054
53.5,-0.006423285223465993,0.06513034949218513,-0.10087689036972836,-0.09105532540988573,-0.02329816414426625,0.045149471922349055,-0.05138202138205227,-0.08587062199231314,-0.00016266294577784482,-0.06571172775189722,-0.011336248794035301,-0.07892260268638818
53.550000000000004,-0.10978743546306402,0.02587967663460225,-0.1936925241239752,-0.14873971512058026,-0.0652525266860451,0.030008332820494917,-0.10010500031188342,-0.17588636726308995,-0.09226174344216859,-0.11575001617029927,-0.03836928717579261,-0.10348656476063625
53.6,-0.13757425513726407,-0.06349903158285657,-0.27478336018817506,-0.20076193057756045,-0.10229768672855108,-0.06548889534996567,-0.12506166883942785,-0.2165520180744985,-0.15315116805548476,-0.13808535697361699,-0.08115206397122735,-0.13723631419604818
53.650000000000006,-0.22315713698835848,-0.16432029613703242,-0.3152050108248151,-0.24080867452754504,-0.13322826357282885,-0.11772653751229464,-0.16307700369038014,-0.2541699499916862,-0.21124797479110935,-0.17443758965946093,-0.13566524328407842,-0.18550202455563672
53.7,-0.2622057880769028,-0.201447915868405,-0.37109769739604614,-0.24532785473577065,-0.21947613778571823,-0.17296087313261516,-0.23056601146532343,-0.3123271014378989,-0.24088344763823344,-0.19965123884350294,-0.16883709048506934,-0.23219412389001043
53.75,-0.32551717988855683,-0.2356332918624032,-0.42097365024525196,-0.23936944353026662,-0.253002060872592,-0.2517463434254204,-0.2760750480824019,-0.33158479028740356,-0.27302818803738105,-0.17495535685667912,-0.203536436321809,-0.30935968624314025
53.800000000000004,-0.35503001915628535,-0.2726779070597146,-0.40204143729578345,-0.255536792461501,-0.32406331359110285,-0.311840694856396,-0.2933112005847722,-0.356993506108434,-0.3202223586326279,-0.2014071888586485,-0.2140691685434327,-0.35235170617608635
53.85,-0.4107226639103086,-0.3337097079900887,-0.4603058196232722,-0.27493571542805284,-0.36321408019864604,-0.34716539463331786,-0.34035741812289383,-0.3922208443960175,-0.35025291692913946,-0.18361846073248986,-0.30291084805333424,-0.40455795049251075
53.900000000000006,-0.4174085348189859,-0.3888765308972878,-0.4863637892539527,-0.32353745239621373,-0.38302482416449435,-0.40121367500648303,-0.36963476600597994,-0.4073986345740855,-0.42215305490510907,-0.2413169659361347,-0.3544464425302972,-0.4625095658777053
53.95,-0.44576069469799606,-0.42010568002292004,-0.529300022991396,-0.34447626652839786,-0.4272406106892109,-0.42359804894817443,-0.43730767037996754,-0.4617831073074737,-0.4728278493978609,-0.2625099537728886,-0.4049905400556794,-0.4762651543321981
54.0,-0.48834881325554375,-0.4097993950842436,-0.5317006763387886,-0.42959016708657305,-0.47308523764317545,-0.45617274977205313,-0.4610787894170114,-0.4774198064195284,-0.5160833198847602,-0.3155119325084754,-0.4895045247223144,-0.5135726909460966
54.050000000000004,-0.5313241859373479,-0.42541130038774627,-0.5620374916952008,-0.4847760334614593,-0.5009378727659349,-0.48578666156599765,-0.5126482665439543,-0.5504025407819197,-0.5562863378681612,-0.4007000765924344,-0.5461206794137542,-0.576089430349022
54.1,-0.5595766627237433,-0.47049899482009483,-0.5962784910423735,-0.545224993991174,-0.5546695974935718,-0.5296573239180313,-0.5733731062863827,-0.5753003955650182,-0.6105433043053173,-0.47655201505253725,-0.6005311704677115,-0.6153087631936264
54.150000000000006,-0.6154469824068273,-0.5001220794484258,-0.6383510726161212,-0.5969368796680071,-0.5626103617720349,-0.5797650003845434,-0.5877398167776476,-0.6044918499272369,-0.6453074005526844,-0.509633569792379,-0.6401959430866938,-0.6523676050448267
54.2,-0.637431452273302,-0.5606279565659601,-0.6599951668200671,-0.681971811628805,-0.5980133332890004,-0.5938898123986699,-0.6092549473930156,-0.6634535014249232,-0.6704283099515584,-0.5290866450298435,-0.6917682205887571,-0.6788227140128019
54.25,-0.6875290092303259,-0.6235765457127469,-0.7012031488288376,-0.7562541511413358,-0.6007716195740285,-0.617144183397497,-0.645895491494084,-0.7356578037442241,-0.7343329653605227,-0.6043877721744014,-0.7101500457313418,-0.7005821984431055
54.300000000000004,-0.708460927148155,-0.6493596168419064,-0.760600572225888,-0.779625096550077,-0.6395545374326485,-0.6722567565217901,-0.6559351834381256,-0.7634183529004183,-0.7441685541105134,-0.6425481566980549,-0.7339669713228778,-0.7244913211377263
54.35,-0.747374287980973,-0.693307874475266,-0.7858109775075823,-0.811313808858793,-0.6621095712697268,-0.7201395989379171,-0.6946050340426115,-0.781497329292453,-0.7605103773474384,-0.6795988543770071,-0.7960151263038239,-0.7574901626603662
54.400000000000006,-0.7617482579954571,-0.7459463706822275,-0.8066941733112436,-0.8395026918391212,-0.6903513204033115,-0.7733513743009018,-0.7246379035182114,-0.8275681128907518,-0.7739801465971554,-0.7141648924067344,-0.8419398429260141,-0.7922825995968261
54.45,-0.8284438500139576,-0.7744047614233727,-0.8376929023522245,-0.885277653658265,-0.7025487042759059,-0.7761038738050634,-0.7505997520448179,-0.8600194382239595,-0.780331750963773,-0.7619243554175408,-0.8706095063587321,-0.8497355384736991
54.5,-0.8676504068295314,-0.8113777858571752,-0.8796561681214905,-0.9086839468735517,-0.7352402605577176,-0.7896036113094883,-0.7800156530491821,-0.8790933603907403,-0.8159426221578535,-0.7625295898378107,-0.8881440975542003,-0.8734252265503505
54.550000000000004,-0.895463276090626,-0.8611166133541158,-0.902025517274607,-0.9153512161626309,-0.7440608208823019,-0.8306003835071251,-0.8034480908309177,-0.9070135030846926,-0.8638644774145168,-0.7755001930222608,-0.9129738690815706,-0.908867469438939
54.6,-0.9245120899229499,-0.8581401618742284,-0.9120282868214629,-0.9196069927877147,-0.7923990646774655,-0.8632857751155225,-0.7999607324944406,-0.9200842229705449,-0.8970490931376989,-0.8153794480635412,-0.9310245128476937,-0.9227103900186524
54.650000000000006,-0.9302429176660124,-0.8830601218200748,-0.930659468668787,-0.9418365630441266,-0.8366757781022894,-0.8879972768631933,-0.8524910438531333,-0.9318099438508638,-0.9018689792694895,-0.854684177947617,-0.9466688724499768,-0.9430319561403406
54.7,-0.9351852453057197,-0.923948611701302,-0.9523841949695901,-0.9537399859327439,-0.8543777801563194,-0.9203435971654527,-0.8699684144036294,-0.9631048017803503,-0.9167424790991119,-0.9025109772828054,-0.9583049039748912,-0.9673933001422161
54.75,-0.945872754801177,-0.9412359179311901,-0.9705576172962338,-0.9708523607973832,-0.896141584914874,-0.9335430438988195,-0.9008270667115408,-0.9795074266921544,-0.9304601635214361,-0.9296246141947093,-0.9688415056730626,-0.9780956961407318
54.800000000000004,-0.9620894778317666,-0.9504734563925624,-0.9791613502271914,-0.9815289362614198,-0.9185581508296015,-0.9616167023462446,-0.935675797764408,-0.9874568610675717,-0.9431285620125386,-0.9408074283134776,-0.9880954828897719,-0.9814553913571196
54.85,-0.975586485010492,-0.9672930779796935,-0.986305807955352,-0.9853498494423245,-0.9322800870094379,-0.9699154412333668,-0.949641291691902,-0.9961670952439011,-0.9604486942821047,-0.9539590759105727,-0.9939969100828819,-0.9914805545202422
54.900000000000006,-0.9840440108413588,-0.983001710607372,-0.9887603968983881,-0.9956430775982348,-0.9512733896093468,-0.9800779672838773,-0.962179366649566,-0.9965658713432688,-0.9643206888693964,-0.9640669338547723,-0.9986172861338648,-0.9938855554339977
54.95,-0.9861474631539863,-0.987031071490947,-0.9939745316161458,-0.9983738087791261,-0.9660341921893928,-0.99188183785225,-0.9829773010067024,-0.9999810734081435,-0.9689055367760443,-0.9725122307730779,-0.9999845132405163,-0.9971174860414618
55.0,-0.9958864869270846,-0.9942188987665743,-0.9998032023611787,-0.9998867230547412,-0.983828203627073,-0.9956093685509397,-0.991336361891372,-0.9994469542792465,-0.9745049663885106,-0.9899823741003004,-0.9979668177332257,-0.9993036014630492
55.050000000000004,-0.99998502209056,-0.9972340816375123,-0.9998302697758908,-0.9963983363740547,-0.9873000012289677,-0.9986421185545519,-0.9975120396824751,-0.9967434487628124,-0.990178109403039,-0.9972589604224821,-0.993149145329713,-0.9999690031148971
55.1,-0.9987003870903396,-0.9981131823567677,-0.9973507104381192,-0.9957249714197753,-0.9936440202612155,-0.999286983377818,-0.9994245279310106,-0.9929144086491819,-0.9957468450434797,-0.9999828585272398,-0.9869018502140526,-0.9994947302327657
55.150000000000006,-0.9954508725180256,-0.9997436751092482,-0.9898053977435781,-0.9939323937915748,-0.997204747571855,-0.9997049870678234,-0.9995369977860185,-0.9913833214063523,-0.9999181591788977,-0.999512639351565,-0.9728205915470687,-0.9953374786000717
55.2,-0.9933104225115466,-0.9982065304638071,-0.9847412243135523,-0.9865997461783718,-0.9997266755241943,-0.9989910185521823,-0.9987524995285313,-0.9824468495845796,-0.9986240465831671,-0.9964540662845996,-0.9617027128181728,-0.9913643234423745
55.25,-0.985419843266833,-0.9848677141181621,-0.9687125479818826,-0.9790475385436145,-0.9998198786747658,-0.9996954457709278,-0.9911475142395525,-0.9693312164463457,-0.9955356978332416,-0.9952415529241868,-0.9594811916199768,-0.9813211187760048
55.300000000000004,-0.9761847391480338,-0.9723466799285364,-0.9562922339801785,-0.9615174083266051,-0.9964538997513758,-0.994653444516854,-0.9910463787570266,-0.9671045161165297,-0.9899792138880373,-0.9843408432861861,-0.9310556330470583,-0.9715613466715002
55.35,-0.9679385755387693,-0.9736015476675953,-0.9348830656787562,-0.9518169445256536,-0.9773893357869184,-0.9901433367011742,-0.9701862379960836,-0.9492009756266881,-0.9850938084991798,-0.972972671845673,-0.9088652119164646,-0.9599969298635251
55.400000000000006,-0.9469073445752266,-0.9553001475439492,-0.9126096510485608,-0.935711618648309,-0.9733935405065547,-0.9808712579441632,-0.9547838370107475,-0.95030237765916,-0.9721986802018727,-0.9609121640500261,-0.9068360661566658,-0.9470565982644883
55.45,-0.9326430258030559,-0.9228765417027529,-0.8921468993344217,-0.9067599161821628,-0.9614939506977249,-0.9789958878411013,-0.9322886236285426,-0.939945905450132,-0.9595642700638919,-0.9541966463109369,-0.8878791380883199,-0.9190922511011534
55.5,-0.9034929183530277,-0.8881560811247261,-0.8502713285286075,-0.9087268292300342,-0.9556077258338553,-0.9757980704129389,-0.9066163854852004,-0.9282602125183501,-0.94582284500196,-0.9390999217759891,-0.8630040098388916,-0.9144259384734836
55.550000000000004,-0.8964976822423021,-0.8696906367482605,-0.8124034271640765,-0.8864241552787226,-0.9453619122285087,-0.973690646153869,-0.8742227547883051,-0.9155644096638895,-0.9361085189630354,-0.9359055363091018,-0.8603432034526529,-0.9027377793854616
55.6,-0.8765261336296835,-0.8657683996422537,-0.7887843648738279,-0.8655345430485839,-0.9045815930364265,-0.9682481546294645,-0.850058252917201,-0.8918331220927133,-0.9243672012480875,-0.9144123561929679,-0.826443829051674,-0.8777718802999446
55.650000000000006,-0.8329054058531682,-0.8718836092480313,-0.7797455799763033,-0.8188324682627007,-0.8727580395633187,-0.944732160000093,-0.808467014522579,-0.8906937812949567,-0.8912589082364211,-0.8790808034298284,-0.8115464328802721,-0.8155398763252503
55.7,-0.8030093167754038,-0.87464186155096,-0.747823076156619,-0.8017446227667128,-0.8338284577074235,-0.9157717454616334,-0.7921661382518455,-0.8443194898052614,-0.8517373672996096,-0.8640400713913204,-0.7863801063054877,-0.7800808857154715
55.75,-0.7798579791330487,-0.8511977329857581,-0.7199773160860944,-0.7879827861119528,-0.8406629377295629,-0.8859557807293978,-0.7953433648292029,-0.8295711399465332,-0.8464111175094667,-0.8578348154352504,-0.7497605560994735,-0.7547008063203443
55.800000000000004,-0.7544511879442315,-0.8404577052693248,-0.7041969781896014,-0.7500825334943378,-0.8148000272268381,-0.8463192090478953,-0.7496743707914633,-0.8032247382215707,-0.8410870150569433,-0.8387084527764577,-0.72180474803296,-0.7382935279637649
55.85,-0.7412458533688365,-0.8082861877540343,-0.6286310107059626,-0.7258363570128706,-0.7867326746655342,-0.8341867838562577,-0.6973224931039236,-0.7573769984089256,-0.7954745693776183,-0.7866327652280688,-0.6985321073899443,-0.7120135394433894
55.900000000000006,-0.6759956188253683,-0.7645564221938344,-0.643457155265236,-0.6821740114456256,-0.7657272452268761,-0.786851680344798,-0.658325882387253,-0.7532529399444367,-0.7552543899563595,-0.7498434673902592,-0.6580497008211138,-0.6672101353777252
55.95,-0.6124462469288204,-0.7221181801810459,-0.609312098146485,-0.6232458376495126,-0.693560595520884,-0.7360435286273853,-0.6215667562486074,-0.708850420798731,-0.7130411640064301,-0.7143612738305675,-0.5797570172530379,-0.6462858637713027
56.0,-0.5531136921343509,-0.686367157236794,-0.6025021404116678,-0.5887422511382937,-0.6700207962370676,-0.6876667235570175,-0.5841486819784253,-0.6881157902990319,-0.6447768288407751,-0.6558402563895811,-0.5109964894485387,-0.6022923956861139
56.050000000000004,-0.5180499181430631,-0.6325765321839052,-0.5735542458180153,-0.5454839705153526,-0.6368986792869772,-0.6755052788018608,-0.5439827644848126,-0.653925516073472,-0.6085540948569855,-0.6095839498229234,-0.44819164297679764,-0.5788148536357982
56.1,-0.48819531671487926,-0.6071272956083329,-0.5482315876038318,-0.5167935573832236,-0.6027199116001741,-0.6216518541823627,-0.49849777236491793,-0.6303098511146121,-0.539026209445681,-0.5501453511313622,-0.4348824198612648,-0.5094764976107526
56.150000000000006,-0.4416786870696342,-0.5672444989687704,-0.49526017870009115,-0.4737360824069703,-0.5515971154871205,-0.574661011015955,-0.46660689698308067,-0.6237840450497748,-0.4856461439234991,-0.5183353280258931,-0.3799561602344639,-0.4562869874757952
56.2,-0.4096119949590839,-0.5006190415813289,-0.44489327083969343,-0.4251897741468351,-0.5141236101542934,-0.4942606197973209,-0.4413228401492175,-0.5798143440994191,-0.47084323297048974,-0.4604672683311213,-0.3565629887814606,-0.42405462307280223
56.25,-0.3796650354710484,-0.4550272361790167,-0.42696269667278663,-0.4308933318026013,-0.46202963655050705,-0.49797304500915657,-0.3777952381105029,-0.49422487239529916,-0.4289362472469616,-0.3889690453295708,-0.3174956054587849,-0.34190437433938237
56.300000000000004,-0.34641431127352124,-0.4631361418058438,-0.37934962020424884,-0.34059802142075396,-0.4075525087799542,-0.462073184654081,-0.32688607322168595,-0.42171773413995284,-0.3841348116595219,-0.28632074399045115,-0.28904927699649013,-0.27532516032488
56.35,-0.2817091497869174,-0.42824820571686867,-0.3384528373526949,-0.26774525464081983,-0.36111845915267154,-0.4046303928576272,-0.3217327080538448,-0.3561675669503314,-0.3289661676470138,-0.25108656141416297,-0.2365548271702955,-0.24313225002421215
56.400000000000006,-0.25035753652139997,-0.38113077107817417,-0.2972537548458885,-0.16732936174686983,-0.29552102857237184,-0.37725632231222656,-0.22393224020184135,-0.31675366266987853,-0.27970151284531214,-0.1906664733997015,-0.24071555850548956,-0.20482679322774092
56.45,-0.21640771747604487,-0.32241970369146494,-0.23446382991381576,-0.12637410725074075,-0.2553232680333321,-0.29939627996858287,-0.17162657454393077,-0.26441441239835345,-0.2267963545658003,-0.10721672042680203,-0.1871205063654355,-0.17181007524039277
56.5,-0.21292732917891216,-0.3024420972529595,-0.1922180612273756,-0.0846000009151199,-0.22389752427548404,-0.2395053445137801,-0.14020317688108827,-0.23451566910380026,-0.16169248218390248,-0.03754811487023371,-0.1645539923590973,-0.11765575557905188
56.550000000000004,-0.20578521502584005,-0.2815009095632317,-0.152935003032265,-0.011795037724289663,-0.1969568618073592,-0.20947628152478304,-0.09277882223553122,-0.18015226976981755,-0.13319579429505243,0.04477224341747423,-0.119339807430574,-0.06785056461981921
56.6,-0.15821712250151815,-0.21196312764992797,-0.06774860446657886,0.07127159546933765,-0.1680021046901444,-0.1307708555658547,-0.03282935591143257,-0.10324919253073783,-0.08597602767793808,0.06884711323266181,-0.04421659982739832,0.0024121266681586067
56.650000000000006,-0.05984550278638697,-0.14817705118272756,-0.01789251120216993,0.04934374914472374,-0.15661533192018864,-0.09020310918911344,-0.01375424887801276,-0.03121257521892429,-0.0674493610105584,0.08884503120543691,-0.005033714976635907,0.0781520813995201
56.7,-0.021012261071607138,-0.07980268874087873,0.038659710352700265,0.11740756775841467,-0.08119030590099505,-0.040472343146998914,-0.007394894726880883,0.011720477289021548,-0.01445229560924223,0.13037068009177902,0.027427893982738247,0.14842051091833883
56.75,0.03454729560158961,-0.04717783547648895,0.07819356716795876,0.20831265951118932,-0.01247135083547967,0.036458963530419566,0.019726719470684065,0.04396614968388971,0.02179749802411771,0.17000974899684407,0.0757049737821241,0.17601742763320954
56.800000000000004,0.07985431985804697,-0.009810983948964106,0.12535810146977586,0.27374069843030086,-0.00015506920519815315,0.09286381727207338,0.10926831089548797,0.09034096140955118,0.06300730257520477,0.22820269219300743,0.10366130867755761,0.21684017204314576
56.85,0.10845030260373997,0.0016901262807375384,0.17296049975689246,0.27958910934640774,0.05318237237957469,0.16707868048649618,0.20543958336500925,0.14349401875935483,0.1431520768689315,0.2718786442587001,0.14835800775935348,0.21166102851578208
56.900000000000006,0.2042221048978577,0.037018932375934246,0.25711412590895183,0.33187355955321135,0.08154682628365882,0.21791848259231705,0.30132309995968254,0.2306265230394652,0.18138936661281735,0.28850724355676655,0.20458965422359796,0.25412903692596356
56.95,0.28417359131553144,0.11904356259362134,0.26343116779779147,0.38166255780944564,0.13254528222274847,0.2621669068267713,0.3467306561765548,0.3050511595769025,0.25742637391377177,0.3080210359535129,0.25642569345868826,0.2907392937773402
57.0,0.2913555701606931,0.1766033156130234,0.3580466133586824,0.3807387233138424,0.18717944894869126,0.30435618099705625,0.3926843593088185,0.3248071589249054,0.27227837557003476,0.31558491768756913,0.34037321837628637,0.31569260771991225
57.050000000000004,0.32958997502681614,0.28521556224565564,0.38506838277284783,0.4304109399013209,0.2660160696907712,0.3705339776760995,0.3999970632058246,0.3519902675681005,0.33040349018967563,0.4030480787455696,0.3691878504145698,0.353120838961891
57.1,0.38983657275586564,0.35048687726612876,0.4459483138962597,0.4524781445587033,0.3028371295921967,0.41530091298458854,0.4696605209953098,0.3921491366147214,0.3791679053932678,0.41757575422049553,0.45901736561548073,0.4061610026467981
57.150000000000006,0.46223275423691207,0.3993430733282797,0.49087419164786,0.4624829100869288,0.3024226189488564,0.48247553907383556,0.5093551860974874,0.44260900916074225,0.39920703387880757,0.4382522460726576,0.5237337938757461,0.4925185028344182
57.2,0.492519817273351,0.46103844315989084,0.5365805439227692,0.5057910529249838,0.40019971849632724,0.5084923824538478,0.5723528970575008,0.49493230205264427,0.4492403685152933,0.5107062170809972,0.5677217751233464,0.5320567308630217
57.25,0.5662401229230308,0.5320846513472095,0.601636853977434,0.4676108025523305,0.45864378704188596,0.5504760184588614,0.6058592788710484,0.5502877629000693,0.5042444131046019,0.5635601310228457,0.59955801780973,0.6037889473614646
57.300000000000004,0.6216349104778591,0.583265444369439,0.6478372557171432,0.5471694908363237,0.526866641141154,0.5850987931593911,0.6589603126839525,0.5939125064225341,0.5906700230262282,0.6219598362537594,0.6248457323683677,0.6839801158624305
57.35,0.6192452335038939,0.6346864956738246,0.6707640002179779,0.6344099023830406,0.5755440919274608,0.6074199334186691,0.6865409209262554,0.6198654020435451,0.6259508796927155,0.650208106601321,0.6499721494460861,0.7195426338432579
57.400000000000006,0.6681345635931896,0.6514347154365517,0.6764746004143114,0.6814598784194423,0.6265486255809922,0.65958617612079,0.727759947630048,0.688532435268209,0.6840294013205293,0.7313896170735666,0.7429909730490072,0.7185533865984204
57.45,0.6674689268981683,0.6890394274707599,0.7244684790095157,0.7191878228903567,0.678089930944646,0.6905576410537855,0.7464460816214974,0.713631442755047,0.7165625079909876,0.7720093603825876,0.7650567999099508,0.7469278388034915
57.5,0.7198255648873315,0.7210922952512576,0.7774014756606552,0.7402962882251378,0.6923845621951517,0.7303280933666808,0.7829697653810442,0.7329707212376585,0.7725609359909041,0.8242586524550558,0.7847033154995336,0.8014720945108224
57.550000000000004,0.7179606621096101,0.7730212586224492,0.7950282936135628,0.7921589763142266,0.7120843503476928,0.7617513711468691,0.7990830157709796,0.7642070304510757,0.8284208394168555,0.8425234233482448,0.8437856155424073,0.8227770563539536
57.6,0.7834853554470143,0.7779708206082132,0.8214775673536691,0.8158932722261542,0.7737934235043988,0.7954981499969415,0.7971208979634442,0.7769513217188843,0.8383764141186465,0.8736898796918473,0.8765054459594428,0.8448455262806904
57.650000000000006,0.8094468084869868,0.8200549684724556,0.8348446034206799,0.8518652717307896,0.8095022667207278,0.8199092781955134,0.8339318537463257,0.812008442915401,0.8687795432396815,0.8748990140437088,0.9027469590561893,0.8819222709277207
57.7,0.8461579277856515,0.855665674345661,0.8623708595023737,0.8885839202444005,0.8378886579659917,0.8315147047842376,0.8719671956195909,0.8199436739602677,0.8935043293096299,0.8895314756311884,0.9153933257625728,0.9044039515857676
57.75,0.8658176507496396,0.8858099902744327,0.8892963510576383,0.9038167532843996,0.8796583791374791,0.8618884619449799,0.9022729467867409,0.8697747108203103,0.9264890531433497,0.9140755166844728,0.9292091292681914,0.9085567769463467
57.800000000000004,0.8954796255573727,0.9182523364446975,0.9164478449619609,0.8886649398584903,0.9097166032380472,0.897548366396695,0.9193886593583889,0.9059994411667159,0.9468036203093474,0.9239902129141976,0.9549197457109355,0.9161199492679825
57.85,0.9185679953274201,0.9339469624512605,0.928989048713736,0.9177720420245465,0.938892934892355,0.9301580783333562,0.9440100138412605,0.9097995794771845,0.949455810386864,0.9416160255450453,0.9665071686471396,0.9317591892832541
57.900000000000006,0.9544219858626489,0.9502788766877275,0.952071359360054,0.9475612484043046,0.9526707242479455,0.965092967823073,0.9517841549319587,0.9257317288003737,0.9561578100673654,0.9664904382394892,0.9808146481093222,0.9456815592554693
57.95,0.962895400477874,0.9725952459124764,0.9694438019349676,0.9727825028284424,0.9644543301431514,0.977816114142304,0.968237415856116,0.9407204950318303,0.9685971126433262,0.9697049962613572,0.9901050545604793,0.9674169050839463
58.0,0.9811159232579928,0.9850102785179771,0.9804731814024237,0.9898528584251078,0.9798948728006848,0.9908883397430287,0.9863640618125622,0.9580850335307298,0.9817777607651655,0.9836952756176504,0.9920001122542816,0.973638534623443
58.050000000000004,0.9847226900360722,0.991371255779143,0.9884618097237506,0.991688491302047,0.9882538384173082,0.9952258911532935,0.996191557746244,0.9836563625875852,0.9916514894485233,0.9884480215071695,0.9980288958156192,0.985185086042839
58.1,0.9920927425260747,0.9942223939446065,0.9940669093155665,0.9967751999009253,0.9960141282509775,0.9990348169594315,0.9999917895976191,0.993858985215437,0.9975950826602694,0.9937867421616777,0.999098845279234,0.9915901060833338
58.150000000000006,0.9961302242192054,0.9923904981641006,0.9968992265373088,0.9999148102964346,0.9992992334046179,0.9999202417320372,0.9984507297471431,0.9941345576538737,0.9999032485709649,0.9995402946124772,0.9999927188072826,0.9932256948633347
58.2,0.9990836226984651,0.9992867472569643,0.9998735165280355,0.9996725776243016,0.9980023574840798,0.9999971459580873,0.995943624615632,0.9968642787204768,0.9999751859056706,0.9999937976241651,0.9976622132690831,0.9997135945813483
58.25,0.9999939105846916,0.9999161636480469,0.998693880116456,0.9959562885552827,0.994431900766559,0.9987503268498762,0.9916558085449543,0.9998067967677428,0.9986380451558197,0.9970386121954906,0.9853711526642835,0.9993331043153257
58.300000000000004,0.9981826625229407,0.9989107564384132,0.9960713763499082,0.9872321130046654,0.9881090942963737,0.9963564475870207,0.9809431749118205,0.999292792622624,0.9968991541438117,0.9914611363415903,0.9759569417217187,0.9932676900258455
58.35,0.9905326788565765,0.9953424588755544,0.9912417897932293,0.9781900443922251,0.9797346426864958,0.9894799449483793,0.9700156935169308,0.9957944585962205,0.9876712444584161,0.9874053629713213,0.947733360719099,0.9823560076390513
58.400000000000006,0.9865218064059162,0.9880502228563499,0.9782563808014495,0.9687261530690048,0.9793197416217536,0.9861087160493588,0.9546128678119822,0.9945115924692877,0.9851466865085147,0.9758099615918061,0.9367004833362993,0.975362221344572
58.45,0.9784770463889738,0.9856849175782486,0.9626381006837937,0.9609550608139341,0.9729247088286548,0.9748576058629619,0.9436180864338245,0.9892894307714305,0.984450420700177,0.9623670429830954,0.9216070856414624,0.9660155709636004
58.5,0.9719965671254401,0.9751333052687652,0.9438534443546669,0.9449294551067873,0.9498851506935996,0.9583796702704226,0.9299940759495973,0.9750461014264902,0.9725322151414382,0.9491431171138338,0.8917355959835812,0.9580015254046526
58.550000000000004,0.9565926175513852,0.9532054873743679,0.9233030363760234,0.9304833987665222,0.9504464230447474,0.9613179615686313,0.8908215402406157,0.9587149615230085,0.9618290626293272,0.9308590658444128,0.8855801627000882,0.94373872672986
58.6,0.9464266009149443,0.9486369173974281,0.9248498741315979,0.9262828067822567,0.9259629446202742,0.9534784821686387,0.866120889280957,0.9333611976863814,0.9444838192124735,0.9168219860595465,0.8644973312044125,0.9282895728232653
58.650000000000006,0.9146744142398738,0.9125560157456382,0.8873399989761264,0.9262073324211183,0.9136462134100704,0.9361313704992178,0.8407704937800341,0.9305702396678581,0.9405688247407871,0.883365304089939,0.8512349525604951,0.9219550789400947
58.7,0.9040936593433673,0.8878214319676452,0.8741024081190908,0.8999519750656876,0.9056332411563941,0.9330505422672003,0.7993916476425055,0.9049851167406554,0.9222887209455793,0.8697874977309279,0.8075285702987614,0.8919070518066524
58.75,0.8651081377031168,0.872842082862518,0.8478206876523722,0.8688125280591296,0.8912379324514373,0.912392537171767,0.7873639484415478,0.8764437496987031,0.9121980362646728,0.8400135073312249,0.7792568338495108,0.8685546933146356
58.800000000000004,0.8318511214617966,0.8532818880934013,0.8296492886168748,0.8328451030025766,0.8610196861067497,0.8939966798957605,0.7733861958339743,0.8528880224465993,0.8919934619945108,0.7937247557106253,0.7490760621433135,0.8401928610248762
58.85,0.8164787752442109,0.8161488220770607,0.8086853015196322,0.8118755634771104,0.8254762088403741,0.8624801940120245,0.7875182344459828,0.8268923585777137,0.8611581624029122,0.7746046873291075,0.7197076774102501,0.835479870657755
58.900000000000006,0.8273506918803818,0.8033206454764924,0.7724705986391747,0.8274450573256783,0.8121906516448963,0.8596077909103144,0.7621959842332042,0.7666356237375109,0.8329253462165239,0.7503712266651332,0.6768855550732935,0.8025331342125845
58.95,0.7972608331718867,0.7592728924954937,0.7320134635628558,0.7881277103087757,0.7870560242621641,0.8341574838955624,0.7161034996274817,0.7429863041246803,0.7813819587153904,0.7412693069251965,0.6220096060768023,0.7611599318871288
59.0,0.7767024231822725,0.7196785971812442,0.7091676570210873,0.7501772611173525,0.7651871230799915,0.803095453720361,0.6670504650491557,0.7018507353798986,0.7651857333565498,0.7294369244585669,0.5888645053499374,0.7193234769527369
59.050000000000004,0.7496321379260625,0.6584380861783597,0.6575035513712704,0.7220406754811756,0.7456045982277367,0.7717281325481051,0.6414075485955992,0.645291773018042,0.711080190393766,0.6958820657126873,0.5458703380352988,0.6670325555254092
59.1,0.7073828350612545,0.6183297067991642,0.6080065268238989,0.6711843341852497,0.7244774358022922,0.7455032066306699,0.6123626371330414,0.625554814338795,0.6993611282669996,0.6479326079586215,0.5081372209713446,0.6542782178735668
59.150000000000006,0.6693469966868701,0.5891367676431876,0.5662137330317253,0.649406570322492,0.7119245299629753,0.696665280558346,0.6069715407443261,0.5944749342590259,0.6643184127520224,0.6148199601637008,0.4715201570974561,0.581128997199976
59.2,0.6561140886294612,0.5363372634827739,0.5796985576356571,0.5764678637365462,0.7095262402026759,0.6090652655904315,0.5754182987811742,0.5301810192757186,0.6002201111487451,0.5868251540182602,0.44762488810674506,0.5586625822705785
59.25,0.5934822254923224,0.5110082780910664,0.5531514677039518,0.5209051035309654,0.6834306226846188,0.5769461679625248,0.5318301230771467,0.5075883387673561,0.5678644627711855,0.5155128672398585,0.4180715995033908,0.5239769242048559
59.300000000000004,0.5500900371140128,0.4644036937322982,0.5293448672265885,0.46720054856373316,0.6336083022831162,0.5735848397643231,0.44999951657024306,0.43616211852605247,0.5405240159232186,0.5023902531169903,0.3767965464920291,0.5109961843539514
59.35,0.47220296487217145,0.4380173842990637,0.44518268549747375,0.4414503921017157,0.5900970207436728,0.5022689655245337,0.4173311396945145,0.3926390108319303,0.4702634110221547,0.47407081182887906,0.369535070144684,0.49595883060606005
59.400000000000006,0.4119612454271244,0.3896818993791187,0.3741607608826051,0.4007868750730528,0.5724750543752298,0.5102155626165096,0.3079449470845576,0.34197490095178523,0.4214810654931347,0.42482163879373314,0.36225464990989725,0.46320887307725794
59.45,0.3243115925575671,0.33432803407987693,0.34680040428613335,0.381097865159465,0.5331843284535158,0.4688435691476775,0.22102954801017197,0.30791148939407215,0.4025680072702246,0.38269453350804356,0.311159115990305,0.4397449439726595
59.5,0.27071399030998416,0.2656684336131813,0.29593696068111985,0.3487402373918314,0.49296024564604796,0.4565342136617035,0.19029758842464045,0.260302409124803,0.3742221735923495,0.2922105185118486,0.24700786114054488,0.4256673242932989
59.550000000000004,0.26982930010520423,0.25144359555801366,0.20991012652250307,0.27444906405835107,0.4029795621446255,0.40336062263304673,0.1596825740055232,0.2501684235401046,0.3145565864942882,0.2557465678849222,0.20882227276743767,0.32940387681817695
59.6,0.22411441861280573,0.1768985277890485,0.20377480837799913,0.15680186764299295,0.36041014695925466,0.3329930554031272,0.10013490259971736,0.21770446537635868,0.24332869729804468,0.19140264799605658,0.18082105569434612,0.29049731047636707
59.650000000000006,0.17278346711349848,0.13920552198204553,0.11914701767747211,0.09279569526736568,0.3089265109464736,0.2650114804459417,0.1131935453803925,0.1856539548973602,0.1855871920840777,0.12112783042422072,0.12734289494315065,0.19700719794120308
59.7,0.10021863847243807,0.10885296271365512,0.07491831721646357,0.036646558070042405,0.26554649506191425,0.17447304127460375,0.09615090244148156,0.12809083651835868,0.11643656370379639,0.08742261154771279,0.0917483421707577,0.14378510594710223
59.75,0.03073765369142384,0.07665737078688942,0.05309353524281647,-0.03763506262582406,0.20034542762806837,0.09960806925604701,0.029083099990922658,0.024282107603800257,0.039129615347733494,0.06216541814224468,0.02932261697978701,0.10242296245566199
59.800000000000004,-0.006279410825066617,0.0644129294830606,0.007879520544513728,-0.09523062318910605,0.14645878808211527,0.07833911942668656,0.01965902081920953,-0.07369159867788257,-0.016915773842825835,0.035914505965352755,-0.03274445275627199,-0.00956700822875913
59.85,-0.0713373191874671,0.08275471077896351,-0.1110013366234894,-0.09229054373273407,0.09615223307706798,0.05509992554311669,-0.013327362982294488,-0.12097019201805807,-0.012400239779795368,-0.0110085999003726,-0.11047307010155297,-0.03964695026161394
59.900000000000006,-0.08354684376841753,0.029344113063478536,-0.14705848373024596,-0.12466919836433399,0.07127749416173895,-0.011035134606852265,-0.0802093128643652,-0.1337814983567445,-0.040807998562082975,-0.06277374899512726,-0.1315824032613397,-0.09603582859846707
59.95,-0.16916329275761494,-0.024669400861448375,-0.16158719847990174,-0.18183532892893653,0.019746126657391647,-0.05769897373274515,-0.14096928368880546,-0.19236627382352484,-0.09418895826393765,-0.10816843996953346,-0.22863008070212476,-0.17555986577166305
60.0,-0.2355118755004841,-0.08387462385144792,-0.18554812672153576,-0.25633080538634223,-0.04062157079120762,-0.0948463865718376,-0.18338195295772036,-0.20993734729361313,-0.17306966912651847,-0.1730188283790412,-0.2748173146206467,-0.2217180354147486
60.050000000000004,-0.26297212844712803,-0.08593180223334967,-0.2021553478229479,-0.2825361704778811,-0.07420632118224958,-0.15477168419560225,-0.2519494336887134,-0.25108724515859077,-0.2567099254606852,-0.20007032412627834,-0.3132755683196608,-0.26767406217213524
60.1,-0.3334492407311693,-0.14723808312141526,-0.25850016688076305,-0.28800071114494114,-0.10817261109638987,-0.2318265912672834,-0.2472037798929902,-0.32657101586710086,-0.3126882128670803,-0.22905986099444187,-0.33486955629563825,-0.35819824380023635
60.150000000000006,-0.4071753126331776,-0.2012673980454726,-0.313191089425091,-0.3215859041599535,-0.1690452898028024,-0.26225362454917506,-0.2957310394470489,-0.4080224036460105,-0.3528759756264977,-0.25247809496093837,-0.3462497477259226,-0.4012684914482352
60.2,-0.42719593995923877,-0.2629229698673494,-0.3249232250025465,-0.3870268169616156,-0.19885270323726853,-0.3112147894252205,-0.33722410798559743,-0.4809370141906082,-0.39909848701028894,-0.349125217993888,-0.4054596330045405,-0.47249687707382143
60.25,-0.4622876268322915,-0.3251386198890918,-0.40646625047626783,-0.45409291681135494,-0.2694147752173537,-0.35104559640671645,-0.38332647728990155,-0.5363474207981777,-0.4709516054098872,-0.38021435536704595,-0.4331355390319637,-0.48886007418682786
60.300000000000004,-0.5203521425019766,-0.35542340529700805,-0.4732095408503655,-0.5093289984461623,-0.31146232014868885,-0.4344666695396312,-0.3993115674400871,-0.5992555685454235,-0.5158742303545585,-0.37882873808775785,-0.5135008706017381,-0.547959777721533
60.35,-0.5492604421039261,-0.3867149553640781,-0.4845187776262551,-0.6000259496378647,-0.3451655259806581,-0.44939109234902325,-0.4575664116510913,-0.5928826083401505,-0.5325786531683421,-0.4524221553070502,-0.5637178297841012,-0.5760075213593248
60.400000000000006,-0.5871550102372619,-0.4300574194313045,-0.5304923143410176,-0.6182227619312132,-0.38684940030337683,-0.48072167455110504,-0.4904261452010166,-0.6431280056635476,-0.5868697510351527,-0.4779243511789197,-0.577116033855261,-0.6085134378564502
60.45,-0.664337508306906,-0.45898999797234574,-0.5719838520513694,-0.6537738810217074,-0.4381239356173088,-0.5152721466270545,-0.5624741372297026,-0.6784120874109746,-0.6382836913690773,-0.5366321536679922,-0.6336430078192327,-0.6729778357028716
60.5,-0.7183265505702888,-0.5612459619686777,-0.639882615217372,-0.6752260322041251,-0.5091989853893395,-0.5749811788991058,-0.643475806901517,-0.6878826925903953,-0.6815262614744689,-0.5664678645236044,-0.67935242298955,-0.6997957475807178
60.550000000000004,-0.7537726628719105,-0.5778582153871851,-0.6939858948611588,-0.7141033474044809,-0.5613171477668079,-0.6549383759197195,-0.6738042538130533,-0.7238016505628313,-0.7149761178193795,-0.6152906768188512,-0.7516378721959991,-0.7322433594970197
60.6,-0.771177957371935,-0.6610431265243732,-0.724850600248418,-0.7205885503714486,-0.5932812603684284,-0.667984027450985,-0.6787885392236469,-0.7468035389855529,-0.7448558119637565,-0.6799761942757527,-0.7894939584089875,-0.7722527832604652
60.650000000000006,-0.7840540067809116,-0.7156453665829486,-0.7815514227502415,-0.7626761954233006,-0.647182568700156,-0.6824598728874842,-0.7365676620407245,-0.8027043300228959,-0.7795419453553906,-0.7063266827606253,-0.8123310628345397,-0.7934184226926634
60.7,-0.8066457170881636,-0.7610905539028993,-0.8149334397816009,-0.8103444118936092,-0.6961684112803864,-0.7063529743096558,-0.7632629709104033,-0.8183343882559122,-0.8046006070676635,-0.7723139419068336,-0.8628765404508333,-0.8327136743112227
60.75,-0.8359411884116958,-0.7715776114553364,-0.8451833974756787,-0.8278860244722384,-0.7623612274573929,-0.7184061026371525,-0.8032095000706851,-0.8308263889829562,-0.8317454818466337,-0.8125415685417534,-0.8943703573960531,-0.8563984372447181
60.800000000000004,-0.8708675757744434,-0.7945572762918179,-0.8729505444977255,-0.8686458808359978,-0.7995596417479853,-0.750388096208141,-0.8298111797592087,-0.8686692153575558,-0.8428237253229925,-0.8262799485582838,-0.9171302377826271,-0.8740279135204652
60.85,-0.8757411199823147,-0.8451309906319625,-0.8826255436133416,-0.8897508446559385,-0.819975590286645,-0.7844476721069855,-0.8468683669167074,-0.897759724581134,-0.8702697468429901,-0.866017137560289,-0.9260942139874813,-0.9185261117020647
60.900000000000006,-0.8770268288942166,-0.8511040199944393,-0.9230264459145,-0.9162055052832742,-0.8529859333364613,-0.8264933302839939,-0.8817684973223103,-0.9188678644385977,-0.8827673665370505,-0.8980267170223104,-0.9462376221899285,-0.9466051043266099
60.95,-0.9204261201997026,-0.8826720740872319,-0.929040763869913,-0.9495927175801766,-0.8661246520109959,-0.8623526537747265,-0.9030875595544019,-0.9312604942596052,-0.9142947374925552,-0.919820651707931,-0.962174471570552,-0.9527822120173829
61.0,-0.9376001024263408,-0.8985588448773844,-0.9448729710109348,-0.961966936087659,-0.9117147860646834,-0.8869439924702601,-0.9036068011201233,-0.9575088532938328,-0.9377485880571996,-0.9358687232207075,-0.9698446339475462,-0.9586069417399551
61.050000000000004,-0.9674487721935477,-0.9219567243627247,-0.9471495643905414,-0.9752544433611456,-0.9412129230869021,-0.9133500487639532,-0.9185605598453117,-0.9623646879029268,-0.946645148996431,-0.9623320284781933,-0.9789175479403014,-0.9597776119384184
61.1,-0.9799448787178794,-0.942830044033854,-0.960132981775418,-0.9793579857671307,-0.947417681643615,-0.9438510431978067,-0.9426686964003133,-0.9762939629804351,-0.9636484416293712,-0.9749712015091516,-0.984819270538671,-0.9714941743183378
61.150000000000006,-0.9920097269236409,-0.9686852128111878,-0.9666861549779223,-0.9870807384993162,-0.9673352245846619,-0.9719274004345781,-0.9719299394711842,-0.9812771345172631,-0.9823968841839888,-0.9838387815041768,-0.994631114916714,-0.9857719863671276
61.2,-0.9935198398419192,-0.9827637327771269,-0.9848101957371663,-0.9938178227718906,-0.9771188820297199,-0.9741308200638408,-0.9862796927595889,-0.9901926168435163,-0.986917978874283,-0.9897542131799799,-0.9984553809387439,-0.9912291202733868
61.25,-0.9977929298071836,-0.9837573339686618,-0.9963420177464447,-0.9981285181075605,-0.981351878672696,-0.9720226766996827,-0.9961087611572261,-0.9969055762238576,-0.9944120536979232,-0.997114026179603,-0.9999518988485661,-0.9970721503737018
61.300000000000004,-0.9996809431344511,-0.9905790906909145,-0.999716746872539,-0.9997285630432361,-0.9895323620113103,-0.9899229768732475,-0.9995528349570572,-0.9997380256310657,-0.9999896779092426,-0.999957764643929,-0.9955823838391703,-0.9989404427476248
61.35,-0.9968323160972113,-0.9965102675732765,-0.9997531198345171,-0.9998538914697537,-0.9964988800755288,-0.9935217470278346,-0.9995461623300649,-0.9999895262623032,-0.995462303702805,-0.9978890961379655,-0.981713012098332,-0.9998455537766473
61.400000000000006,-0.9867006665092412,-0.9973479375229295,-0.9968138061808584,-0.9984878409122867,-0.9990866299445339,-0.997616443283248,-0.9984095015963591,-0.9998910724104475,-0.9920320133827518,-0.9939956723394967,-0.9672115534304423,-0.9989279588099471
61.45,-0.9728819180207354,-0.998712709471878,-0.9927995517856872,-0.991938494269889,-0.9998331103227954,-0.9994570045880519,-0.9914768289836464,-0.998502022411101,-0.988734035899393,-0.9866659092689837,-0.9579532087368133,-0.9961536708138805
61.5,-0.9668417638072389,-0.9998729365168485,-0.9869137558539731,-0.9787747811081545,-0.9971532560153757,-0.9987623049762889,-0.9816651854867049,-0.995637310463408,-0.988054393657703,-0.9835999331437216,-0.952452206511576,-0.9923065646382712
61.550000000000004,-0.9482414802799458,-0.9975126960625066,-0.9640400749190554,-0.9724258387452596,-0.986426828231647,-0.9896173394367959,-0.9731497884738427,-0.9872950098651043,-0.972484532420599,-0.9751779411229903,-0.9414768738859998,-0.9865732834141877
61.6,-0.9540036091982768,-0.9912502719293915,-0.955707815007177,-0.9663631833246039,-0.975334150889429,-0.987280529639179,-0.9550179725052856,-0.9746148634228697,-0.9629860657882104,-0.9644793201802466,-0.9377707927147526,-0.9711283663232199
61.650000000000006,-0.9375475580003855,-0.9806935618984047,-0.9359793591400548,-0.9561786703254934,-0.9736975555272531,-0.9718744277721525,-0.93446312337935,-0.9653780335088471,-0.9456728187509582,-0.941420657383849,-0.9104032662520312,-0.960743327016737
61.7,-0.934303665340959,-0.975738025370442,-0.9211626062448702,-0.925489973927961,-0.965986280717291,-0.9625472185322819,-0.9235824563757726,-0.9542436747367292,-0.9292532797829187,-0.9376802021760443,-0.8798298228258893,-0.9449916522125819
61.75,-0.8888418676854241,-0.96895479102733,-0.8836161180168179,-0.8902435081384581,-0.9547382086484033,-0.9502613405853593,-0.9145685502262665,-0.9447311538790131,-0.9109430568260879,-0.9205707772839146,-0.8804196123408647,-0.9025732725286906
61.800000000000004,-0.8711169032570377,-0.9515991619978477,-0.8697506943891296,-0.8713166632172484,-0.9410094575756727,-0.9323602402115455,-0.8937994915355881,-0.9172688974410262,-0.8876834952093768,-0.8935957888755194,-0.8586655726395184,-0.8777442951646096
61.85,-0.8512564847409054,-0.922140463417275,-0.8414682802929646,-0.84901452352759,-0.9236304217136033,-0.9130189046192103,-0.8702711323289386,-0.8955177655505984,-0.871840568737709,-0.86286244902794,-0.8231850453588595,-0.8294681039216598
61.900000000000006,-0.8341548419564189,-0.8911943793142649,-0.8419591042995547,-0.8101482252826355,-0.9168737578194341,-0.9008026916903535,-0.8401502440692153,-0.8779923287699317,-0.8564120953961802,-0.8460565122759938,-0.7862419219254877,-0.8173065680733952
61.95,-0.8077961614714465,-0.870377813244009,-0.8014100656520686,-0.7690256669447877,-0.9128721813602657,-0.8628678863243648,-0.8219892142712875,-0.8479996621142107,-0.8421907970745446,-0.8158282342557414,-0.7168075206651701,-0.7877060643994841
62.0,-0.7855427732994412,-0.8454053937604931,-0.7939845114265551,-0.7149082775079355,-0.8830543332582816,-0.8496035735332551,-0.8077020439570695,-0.8185164399196218,-0.7985749924480333,-0.8062991749130943,-0.6703908449534159,-0.7594479757325824
62.050000000000004,-0.7692036528285557,-0.8219561651552308,-0.7319865974348757,-0.7103887090140739,-0.8637581971957993,-0.8060834103399739,-0.7724267696792262,-0.7994338103485327,-0.7517613779870765,-0.7607980904570397,-0.6377861001432324,-0.7384287716650476
62.1,-0.742914413445162,-0.78505314695632,-0.7216781173454426,-0.6528848359951847,-0.8082615625609216,-0.7784722150775178,-0.7327241560113147,-0.7464411144873544,-0.6846800456501319,-0.703216143385264,-0.6438360691929434,-0.7101864635841698
62.150000000000006,-0.6971671158631837,-0.7582004375307965,-0.6514728084729722,-0.5868824354059612,-0.7875592461875218,-0.7471723398166991,-0.710219722755284,-0.7146158324803442,-0.6563180561561995,-0.6540773520819114,-0.6285492368407813,-0.7205421387442614
62.2,-0.6889288552846432,-0.7387558289358293,-0.6278291606398891,-0.5503403227318361,-0.7693734385258223,-0.7323413349222213,-0.6891974347218762,-0.6978937911708896,-0.6327247079282866,-0.634074304893685,-0.579206926923813,-0.6979882845855121
62.25,-0.6559717210440446,-0.7101166415614388,-0.5739877370177578,-0.5211548029170825,-0.7141700147118493,-0.715519587790059,-0.6509268812154202,-0.6703003971530237,-0.6217601679750666,-0.6027477117880231,-0.5079460787290724,-0.6722779884607716
62.300000000000004,-0.6170428998527178,-0.693831894466985,-0.566910885876443,-0.5040485361354606,-0.6846228381674238,-0.6831880108437489,-0.6148141955515171,-0.6614296373419635,-0.5961340637485573,-0.5581680493037819,-0.5045942966384009,-0.6353178956227016
62.35,-0.5694169008194186,-0.6666772352305773,-0.5199293696436531,-0.5016392209646289,-0.6289237330253734,-0.635663260962947,-0.5727742647632753,-0.5967727671287568,-0.5637813227157011,-0.5376471219343717,-0.43853244621346615,-0.553291528885743
62.400000000000006,-0.5409878775311552,-0.62420654139223,-0.4557569857962976,-0.4630056621998833,-0.5772816126943829,-0.5777663489919818,-0.541922113053734,-0.5451735786548081,-0.522311182284499,-0.5269264921298122,-0.4259166715931683,-0.5236681248594924
62.45,-0.4756134371682949,-0.558453595976178,-0.3983931581234752,-0.411498653975152,-0.5286374871402444,-0.5297582154026649,-0.48851947542910074,-0.49163078727586385,-0.5102017395028237,-0.5040573400089846,-0.41120279064810145,-0.4536750827763543
62.5,-0.3928152370093821,-0.5578969203498224,-0.32102001114815665,-0.36711516675553196,-0.46528894238253327,-0.4752173817336028,-0.41049899040783955,-0.4428338351762394,-0.4935832567691741,-0.4632756173294356,-0.35707515709163795,-0.41345655172180595
62.550000000000004,-0.3336916295640631,-0.5082264742764928,-0.29601987278733805,-0.34876057956377404,-0.43293293819761963,-0.42627216588140343,-0.4111704348590221,-0.4152524938325225,-0.4874452556655071,-0.4322052902492347,-0.28567532875762885,-0.3937688449201548
62.6,-0.27479846337959307,-0.39293520981125074,-0.22026538161756512,-0.29982898667723024,-0.3712273179642633,-0.41395728680263905,-0.399708096380238,-0.36809331381705707,-0.4253932918406261,-0.3609744694210044,-0.25938702516903506,-0.3403740068853518
62.650000000000006,-0.22847649909788056,-0.3486104233437687,-0.18277934258797907,-0.27332230892279125,-0.32243971791437054,-0.36130185812102855,-0.3576725221853036,-0.30418082652960865,-0.34763634806348415,-0.2993899724675901,-0.24144087480807416,-0.28803090273641946
62.7,-0.2076181441317323,-0.2977790179106319,-0.16445035739390793,-0.19238659563269114,-0.26077904902425936,-0.28521042423760495,-0.278791686420004,-0.2631927987122354,-0.30543114710409364,-0.2120242756235313,-0.19885735941574714,-0.270423870076966
62.75,-0.13614360206359397,-0.24493803655599966,-0.08267053475205356,-0.1386936378247319,-0.21872245043601535,-0.20074427245193727,-0.2638290237829973,-0.22831944539249494,-0.27286239172996685,-0.22341732146240442,-0.12920941288846396,-0.22995380966710058
62.800000000000004,-0.06890001973540777,-0.18597599656635913,-0.02617037980029196,-0.10256770025435195,-0.19404176617024424,-0.15416554294535784,-0.18564580212357815,-0.1787918117677831,-0.23408658657532783,-0.20463558937063983,-0.07780813198789877,-0.18835397462972847
62.85,-0.027701345542817373,-0.14309925394054832,0.0032954633420708103,-0.046434504452959095,-0.13439264235190768,-0.060441524484180754,-0.1134548838332975,-0.08819306925840355,-0.1970094722754633,-0.19281286499836367,-0.03201135902070396,-0.11085197097594178
62.900000000000006,0.03426618957009584,-0.06263756705721689,-0.016968791821333696,0.033726704696147566,-0.08021943303132328,-0.05775891411913227,-0.043279292028732784,-0.036054722051562876,-0.12825529070006772,-0.1124155907080443,0.025914047684888145,-0.09310875592328904
62.95,0.07395955035283637,-0.05546705286246844,0.04945871702501813,0.1143586456015309,-0.06555541748786584,-0.02848640609994454,-0.014991732066878257,0.0004512591105851437,-0.059971963851953,-0.07031508504839004,0.08857466867931556,-0.008663514839790798
63.0,0.14508834605499663,-0.031874214756929746,0.1320005186222358,0.19259188886221348,0.02214575347867541,0.015392748300498832,0.018412843782279153,0.024727296107108252,-0.03143453308810395,-0.016280191078301035,0.15414110469638462,0.0780911999075836
63.050000000000004,0.17512848928510252,0.02201964641061648,0.17455280358692973,0.21653208145609934,0.08628224498654706,0.07351491143343074,0.07642076744831659,0.08571235988108541,0.0428507385591509,0.0528962739029212,0.17682371510955977,0.15117549616177497
63.1,0.22526272932994335,0.06587746426249866,0.22597202839498748,0.26674085336936376,0.15748797617791596,0.09586523753721492,0.16290538654121553,0.13727037436472406,0.08688852777404754,0.09181400611601238,0.19832007090855958,0.15669054769558038
63.150000000000006,0.28437197866175057,0.1695289251551163,0.23130071337914251,0.28474736731058037,0.21725764816226836,0.14521775458248393,0.232192381164532,0.18474224940467393,0.1290224644180512,0.13890995487464333,0.18821158857626252,0.18081582624668677
63.2,0.34713173053086926,0.2464307789934992,0.31293335488722557,0.33793473704927157,0.20155619631275098,0.1791398055665668,0.3094141319677533,0.27307119186427414,0.2186927591411069,0.18506729027357222,0.20973563686468713,0.23359486311574879
63.25,0.386161523808779,0.3286364634229446,0.36249968494345725,0.38041109906260206,0.24978511105190404,0.24027851632210462,0.366356584119892,0.30061407829994846,0.24517255603247165,0.2707239698037841,0.22645978698704153,0.3259650743794727
63.300000000000004,0.38162125982171674,0.3558815854374806,0.4281264548741289,0.4225546406032633,0.2645480046026097,0.3003641698970615,0.4087061612532015,0.34232319449400084,0.28451419562488367,0.31807510765009067,0.2723120994804721,0.429609446882494
63.35,0.42007850541599023,0.3893078704348442,0.45607152156671266,0.5027325326495895,0.27449139608150197,0.3562408693837883,0.44340110349171596,0.35555608292393753,0.31930552480723456,0.3725391803936945,0.3107747002159303,0.475202025936242
63.400000000000006,0.5010191029004145,0.4350888719102197,0.46448104348570823,0.5200255095472902,0.3196790656924966,0.3930371210108072,0.4863623919872073,0.41125746687887105,0.4130539036498002,0.41705157297079365,0.3421710840784986,0.5377871501125758
63.45,0.5650079926635523,0.4812665207367359,0.5028728131504726,0.5703090922085786,0.36629845940144273,0.3914879656996687,0.5371630749239985,0.4775011241071868,0.4921015822159528,0.44468005825344825,0.4066234439281774,0.5775428228618271
63.5,0.6008234848612273,0.523825787732805,0.5471040502390037,0.6099786057232018,0.4339715115093251,0.46886699676555443,0.5586232290042211,0.5168688539443722,0.5253776400346848,0.47758386517683965,0.42656818880904485,0.6120512952491289
63.550000000000004,0.6432733081955919,0.5593609290336867,0.5885349782361989,0.6519459673708233,0.5114606051298562,0.5046116390417453,0.5729780602782273,0.5570188118786428,0.6054370697680851,0.49784329452905446,0.4984349256971861,0.6671246723391351
63.6,0.6303625743750398,0.6062685962354742,0.640714760210889,0.6796390100616202,0.5398174654579176,0.5371454157057876,0.6071225002516997,0.5922962436435846,0.6318781410637361,0.5379099673240579,0.5760448792559035,0.6751251835815545
63.650000000000006,0.6337348898807836,0.6648470895408509,0.6736615501616872,0.704478136737854,0.5791173855781644,0.5854198398014403,0.6362721775116589,0.6418823817626077,0.6491867008810704,0.5771490358987669,0.5775232166207112,0.7273976702027404
63.7,0.6697333863611101,0.7078572450580302,0.7169823057539934,0.7448803689404855,0.6187572954936438,0.6339389781517206,0.6567259236706197,0.6563808594208687,0.6835174951655478,0.6072378478746739,0.6537676697562746,0.7610391752843135
63.75,0.6948246174243565,0.7320198775759572,0.7514552309312096,0.7725346111694953,0.6622492276753288,0.6734541618103074,0.6705631069948202,0.6546905874228696,0.7119804439742565,0.6611096632176084,0.6890341988292737,0.8057306219207022
63.800000000000004,0.7312206470681238,0.7818587604703459,0.7990815386583694,0.8153488847038335,0.6759352822189965,0.7095786988608818,0.7319953352866626,0.7008759962773489,0.7549548283606354,0.6747656408848902,0.7606603871867471,0.8165125187525446
63.85,0.7338443603556544,0.8013028394512747,0.7892264266595275,0.8244311623588177,0.7569524351664415,0.7377939053596249,0.7436046127125566,0.7398316900962244,0.772031442492692,0.7306341482527974,0.7793921084793917,0.8437623015006885
63.900000000000006,0.7528315867047907,0.860171072647027,0.8262668431366675,0.8471952358215789,0.7807701874977144,0.7617522205611262,0.7671185743195673,0.7622677987017697,0.8271266912945394,0.7567582173488558,0.7788726490112136,0.8500597501448984
63.95,0.8040841925893193,0.874424854261517,0.8507922151510319,0.8844332738536572,0.796626575986634,0.8031854411429804,0.791543430049402,0.8051155965352824,0.8464974311828192,0.7868332041529422,0.8250095251005198,0.8814667813520369
64.0,0.8337493343182243,0.8866142541939095,0.894272430824415,0.910030895494528,0.8191903478402631,0.8225526019466768,0.8394030838245453,0.8371022145226916,0.8685934078863905,0.820683521798907,0.8589570539488045,0.9004771283919798
64.05,0.8781514123593964,0.917488854730452,0.9191236030016123,0.9393068692230869,0.8467211389660112,0.859726722781646,0.879869327464583,0.8773812164577962,0.9015614037665947,0.8583781793101425,0.9068545012329831,0.9135113995190519
64.10000000000001,0.9012146457109012,0.9307603374385128,0.9333116228945632,0.9366996277388988,0.8892920036945695,0.8727604912462759,0.9057839401087235,0.8852201474424676,0.9272235349644697,0.8754033193944767,0.9159044813346635,0.9338670338000027
64.15,0.916166854727686,0.9400371827901819,0.95051481051273,0.9580033972696795,0.9011204205051172,0.886229010045417,0.9266514290863488,0.9147464089172574,0.9548489738579917,0.8883928543287831,0.9327457924058798,0.9584430001334857
64.2,0.9528191522264255,0.9460341361183977,0.9589383772336597,0.9722273562913868,0.9156525301125339,0.9023884769286435,0.9466805869596849,0.9477599297085951,0.9576543922316562,0.9275275767708068,0.9458475639534994,0.9721923356334993
64.25,0.9760709111237964,0.9622393015774224,0.9699269193992839,0.9849875545489108,0.9333738413497356,0.9302059395908321,0.960372245912939,0.9677738591761544,0.9609452621865161,0.93724767583635,0.9517582708289617,0.9813092517948961
64.3,0.9775931494521538,0.9695591152501216,0.9750699589106365,0.9956644025343595,0.9424915068183364,0.9381841797811917,0.9747274799568849,0.9862541622323325,0.9729480943106861,0.9545241865550353,0.9753013374119106,0.9919477206468174
64.35000000000001,0.9884827080712979,0.9771351151619898,0.9872467482291244,0.9962255887788524,0.9544290337059098,0.9662640122955228,0.9898495289045911,0.9936674361350066,0.973434532256989,0.9613302983263292,0.9826022839320272,0.9961022182569612
64.4,0.9908701739979037,0.985308106827656,0.99787704249683,0.9994598251927149,0.9704728180147001,0.9728424087957773,0.9905937546889281,0.9948271526742736,0.9762342880253463,0.9756459387553769,0.9923854455746676,0.9976242835598323
64.45,0.9966889683507071,0.9962598248806301,0.999587972324498,0.9995829894971198,0.9808387891817915,0.9869669483753758,0.9985509327125035,0.9942139668561777,0.9922903159464606,0.9837188535986122,0.9963388132715776,0.9994753003203846
64.5,0.9997399174769863,0.9976495280297428,0.9980160679273481,0.9964597908132559,0.9905443921872138,0.9950093586372839,0.9998903767771438,0.999217540376785,0.9990203650606251,0.9950106288327906,0.9997667204293409,0.9992523258102457
64.55,0.9987780051595321,0.9988483954867722,0.990608400810627,0.9922825774059976,0.9942240794530675,0.998502205156459,0.9996655118825902,0.999738153190347,0.9999454471463436,0.9998622584678803,0.9999931980356915,0.9990279983932164
64.60000000000001,0.9955380809255538,0.9975415396643845,0.9891861957350303,0.988482742594456,0.9974430665051922,0.9999978207380051,0.9981743237458339,0.9983179115451447,0.9990944937485483,0.9982509710828128,0.996031675095456,0.9951378663661086
64.65,0.9889842665646709,0.9938418819594588,0.9792265934797328,0.978668111836417,0.9998459322952108,0.9999972839231889,0.9944197038806453,0.9932708611779801,0.995563858921438,0.9965576510161415,0.9941848693839894,0.9858014036769349
64.7,0.9843061069408497,0.9935901357155745,0.9638782715208505,0.9656450377421931,0.9977929575119089,0.999374642351581,0.9881373018531073,0.9810518617878694,0.9944134432135988,0.9956258859914624,0.9893151103364038,0.9768296143346966
64.75,0.9772377905451447,0.9839954359042669,0.9433498970742908,0.9515157072364531,0.9913958733709379,0.9951368207182723,0.9790998643671222,0.9786142400210892,0.9909428703413413,0.993700918036358,0.980701004623786,0.9642094349552537
64.8,0.9742638514147307,0.9739247781951763,0.9374478170002771,0.9465375415656991,0.9864733712091823,0.9921338944673709,0.9637745211895442,0.9686692747848163,0.9777187413818007,0.9877764137523731,0.9712292937443296,0.9353799285526058
64.85000000000001,0.971430756481386,0.9528602100213445,0.9052726053500714,0.923800597246828,0.9787654712381031,0.9763950528781515,0.9523928117059527,0.9606902242999777,0.9676876462649897,0.980558933057272,0.9636091785407948,0.9087232810514738
64.9,0.9618597039113637,0.9386471337250156,0.9041266096785388,0.9057039580198145,0.9739792017587658,0.9711598673345925,0.9372378372476646,0.9366323785515815,0.9492647412809546,0.9646751195655043,0.9481695566845947,0.8952106662803989
64.95,0.9379223303551663,0.9277249394020695,0.8751307293392214,0.8714967674447165,0.966201643583623,0.9616275362101885,0.924416906312951,0.9330328506420777,0.9359072287880624,0.9383779390816662,0.9385919291518412,0.859823562622594
65.0,0.9218655574875754,0.8861921713730827,0.8631206844055564,0.8523638459073207,0.9574409977726396,0.9503486792937402,0.889336718512194,0.9087135558278152,0.9054362349977526,0.932305889625767,0.9107533674377147,0.8525299964013165
65.05,0.9131997078491774,0.8632073912084534,0.8369993356472475,0.8285666867099729,0.9332745006868567,0.9229277450369984,0.8480500728446227,0.9002996898364709,0.864895074186657,0.8913453356416383,0.8909784061135602,0.8523832865586464
65.10000000000001,0.9032012431530109,0.8473321600858466,0.7814748558551118,0.8030949881170439,0.9184705535209596,0.9079034781814685,0.8422351224830631,0.8652454806675542,0.8418071362047949,0.8409364995999454,0.8563420814330588,0.8148159023155125
65.15,0.8780689392773822,0.8380795372350461,0.7698214951787437,0.7968878186408448,0.8844826263809045,0.8874560714716624,0.8012716727642223,0.8368067147548802,0.8194294512363145,0.8328456363581991,0.8230425471374792,0.7907118517559665
65.2,0.8355414842326012,0.8218520619973556,0.731478376892272,0.7401822905778526,0.8552875791984722,0.8502539667163749,0.7642525444901136,0.7797868481950976,0.7854204169813731,0.7955703247290485,0.7929811895408715,0.7740602439092162
65.25,0.8198784306120722,0.7724398676960077,0.7191628437424151,0.6958173889299893,0.8208673633976207,0.8070312765913049,0.7427880353762325,0.7629782586969707,0.7483887973822688,0.7711603570389635,0.7791839859567284,0.7083175087772958
65.3,0.7959600252874369,0.7580553478803664,0.6905775697172916,0.6399235157897413,0.8223651393500836,0.7565972705997629,0.7261376297887201,0.7261358552500007,0.7276882032561314,0.7054999166167876,0.7408362899763159,0.6888367918050287
65.35000000000001,0.762522135615344,0.7232831574100216,0.6525301867363165,0.5991852161419845,0.7890397499644822,0.7474754582230956,0.69737905234588,0.6815179215519882,0.7051152269394098,0.6621765934365276,0.7024953894841379,0.6582788029759723
65.4,0.7011515518225397,0.719358293889765,0.6297665818214332,0.5406035790386405,0.7229147899874783,0.6709396565956492,0.6596514214930633,0.6382536381045905,0.6529901470793661,0.6055311222700778,0.6572991975761154,0.6035612096725467
65.45,0.6499969881621124,0.670358693906028,0.6083995821931604,0.5136190196255692,0.6954779013107915,0.6577507415603809,0.6518826990112316,0.6098099387121196,0.6194186551891215,0.5705077696666553,0.6044387113859118,0.5615822523541311
65.5,0.6121512599880513,0.6480507078569662,0.5484004056489346,0.4802365058264287,0.6650833762008831,0.6230773006966551,0.6238177600276678,0.5822645309376538,0.5908190591336657,0.5427727383203893,0.5488458958594679,0.514223048625693
65.55,0.535628266850394,0.5815588830807489,0.46418322026719117,0.43069658901180363,0.6141774813209414,0.5932102501095174,0.5624430025338001,0.5557440072982146,0.5793465183313923,0.4740043000420076,0.5335701757263792,0.46551076834215227
65.60000000000001,0.5105420111881657,0.5148969627503645,0.3950638742920771,0.3801803267975704,0.5465096708739166,0.5504332692100143,0.4684584728135794,0.4962270925301807,0.5522235020655772,0.4371245750971459,0.4909050083860632,0.43064979598019576
65.65,0.4992699177473987,0.4631988542771888,0.38705527919091715,0.39918056455182294,0.511650133756221,0.5218611746366172,0.4440554770045749,0.5196780808046756,0.521148373492113,0.40337767862948276,0.4568574566334969,0.37851073472001256
65.7,0.4188833486714411,0.4099991325582514,0.3209837223070107,0.329537449298005,0.4920511706999558,0.4672153538051839,0.37692559866696856,0.48097735841321143,0.4890396357697897,0.35375424228331803,0.4424209345435412,0.36272417057227396
65.75,0.3866655612758636,0.3575771123110246,0.2745743284337998,0.2620995092269197,0.46749038349325595,0.4436838447275134,0.3209919375689155,0.4487943558393397,0.4507820247652558,0.35956778034695724,0.3841192218412935,0.2811388130197413
65.8,0.3614505000494927,0.29142013330166716,0.23455583773744645,0.26382486676272965,0.4403788411066311,0.4176698280627964,0.2854500548138524,0.38727959531620654,0.3548471073870662,0.3505931747644476,0.3442381407950484,0.2606759702881432
65.85000000000001,0.340382113409983,0.24924176841436918,0.19278568809447064,0.2627216091246708,0.391089791651254,0.39600525622714966,0.2412976393356582,0.30643872848487097,0.29453223364884223,0.30063380514648996,0.30504281091358093,0.2148495065756618
65.9,0.27339347678492976,0.19756035313749168,0.15305221522843288,0.20813723808284523,0.37278540804597754,0.3613118723356819,0.17975247475904627,0.23783634378591148,0.24392688505014962,0.21908552257510183,0.24001918693231777,0.17626635643393093
65.95,0.24998102173563808,0.12101418050063874,0.09002633994375075,0.11387692152874743,0.2683400535628038,0.3375412709968431,0.1675951425045217,0.26009248473032354,0.17216832034381832,0.1592530308179724,0.1852582249079611,0.1604485066912035
66.0,0.19635137301201944,0.07783391365306662,0.027730262682953536,0.06127290805861478,0.2035232624699643,0.2835536852992686,0.09058608206955092,0.19034816835160745,0.1540612212881584,0.08173644528598552,0.10257646356485517,0.09932430831907739
66.05,0.13241343184675247,-0.004054201046238214,0.025889151083242412,-0.01648977079718778,0.16656108713227033,0.19850023267737257,0.041241397926814555,0.16708145594511553,0.11458998196339852,0.014644622446052321,0.057325992418562774,0.06505684615780905
66.10000000000001,0.09194546368076245,-0.05749270005688666,-0.0653827826107373,-0.007069161135422571,0.04646122505746724,0.13763094228914388,-0.019846979682147454,0.12104023897960507,0.06153501909384581,-0.03018487695641906,0.03237152954316197,0.0336647982485038
66.15,0.004930704470889734,-0.05592403106910961,-0.11978069568800788,-0.04797276564541884,0.026531187892196637,0.03308941792035274,-0.04163354117194948,0.09150413194372237,0.013043599855428611,-0.0516583222640265,-0.021656618448366947,-0.023810258932662816
66.2,-0.05423143894779825,-0.09457896735720969,-0.14464680753623338,-0.11440660221353344,-0.017128154205162484,-0.004219664125471315,-0.1262713744104917,0.035181614811265194,-0.06705157402220858,-0.12506261939993787,-0.10661303876978177,-0.0932999266037189
66.25,-0.1074451702469204,-0.13668209157059094,-0.1841191099869191,-0.11018505884593545,-0.08309532268402828,-0.06226482653814588,-0.191537361154081,-0.021720359802481593,-0.134159115374154,-0.13224353209848158,-0.12769666241808253,-0.0828266983768055
66.3,-0.15559963305098684,-0.16071702770524512,-0.20706702917518455,-0.1721223927257655,-0.11764071675053914,-0.07644329699554142,-0.29465038556445394,-0.07874193479651453,-0.15482642283554918,-0.1600094292592749,-0.17501356070917454,-0.13443470218463974
66.35000000000001,-0.2378985872895353,-0.20351652024091804,-0.29831678701545433,-0.21281747927281844,-0.173901100043257,-0.15438306983140213,-0.3573768721566056,-0.16747722874919407,-0.19754871507288693,-0.2054262763357013,-0.16492364539181936,-0.18432372074308429
66.4,-0.310962435973759,-0.2708074003043374,-0.33821653339450564,-0.30579328391079247,-0.20984593802070256,-0.18679172489866833,-0.37956042238754956,-0.1924180946761604,-0.2628547867553557,-0.25855573233865653,-0.23710809894168544,-0.22905879250649197
66.45,-0.3534419146544628,-0.26198156908821707,-0.3892645521334133,-0.35491403709579666,-0.2297598609041202,-0.23589891951306582,-0.40902946767029896,-0.2897556423185491,-0.285637758722949,-0.3118430234332621,-0.2653605149709954,-0.27062506160983124
66.5,-0.40255216128172655,-0.3051949769766922,-0.42933747928530785,-0.40745124664974236,-0.26625798029306386,-0.3071856901678976,-0.4378425800893822,-0.3352747954983912,-0.34355132209860545,-0.3604146503555041,-0.33571486935518546,-0.3322569059524095
66.55,-0.45484949037754424,-0.34590191708746865,-0.44579501816831785,-0.41882757203414117,-0.2757153109472484,-0.3951546616229174,-0.4254609743438703,-0.41018579300254737,-0.37223062231754045,-0.4299764281878765,-0.33627077738570293,-0.37873729793914035
66.60000000000001,-0.525051038767486,-0.4093559726149462,-0.47999172320797784,-0.42080988399217445,-0.29618168562614444,-0.46650914018978246,-0.45959803469048804,-0.4506929152138804,-0.42638725687531576,-0.43878948661447514,-0.4009499808468221,-0.41906388503036385
66.65,-0.5654133924356446,-0.44017724252785334,-0.4873956532310877,-0.4607308401309724,-0.3649684031125916,-0.5109543988630502,-0.5020063614581103,-0.5114039573175118,-0.4672041306358748,-0.48088213390521733,-0.44184444010182433,-0.48908055902753483
66.7,-0.6045201257435218,-0.4723083702751124,-0.5001347173059854,-0.5329664280629961,-0.3982114253961088,-0.5472265189945279,-0.5911134040490631,-0.5660428499409524,-0.5459357863951076,-0.5093352753848523,-0.5158126663733827,-0.5341433040394763
66.75,-0.644377457110771,-0.5601968763659321,-0.5421297626296282,-0.5775290297356468,-0.42929087988048065,-0.6001682119014292,-0.6141226445173957,-0.6220846919372498,-0.5513702489600555,-0.5620250956892842,-0.5486465814068655,-0.5924380131465395
66.8,-0.675712351504832,-0.5878889512870611,-0.580900467618809,-0.6031660362900922,-0.4996568703282502,-0.6121328696681123,-0.6440841651728112,-0.6612445668700451,-0.6262252776359235,-0.6006659083729327,-0.589912859196617,-0.6376646166123326
66.85000000000001,-0.6689953166026323,-0.6029429439534245,-0.6187698969034521,-0.632183664605161,-0.5130299749821233,-0.663007539974869,-0.6835165544921492,-0.6948408804478626,-0.6498078354897135,-0.6397590195404395,-0.6441748886870445,-0.6702344342988926
66.9,-0.7114183872129942,-0.6272354091222627,-0.6635063215496355,-0.6945957400911011,-0.5870004238105151,-0.717311556336381,-0.7205389238212686,-0.7246498365901172,-0.6779108370019572,-0.6409768344623208,-0.6589703460464547,-0.7029900152644174
66.95,-0.7415828032680245,-0.6931659539893283,-0.7265984400182299,-0.7189003811713925,-0.6455673276766012,-0.7361480638067222,-0.7619079691145652,-0.7662065378985049,-0.7351946220317044,-0.6705862103284154,-0.7179956612715023,-0.7050358767560798
67.0,-0.793025579102728,-0.7275483307330346,-0.7612114148021681,-0.7208794898010259,-0.6774474033179088,-0.7855309292173631,-0.7831596549813111,-0.8030868244367317,-0.7671619494393057,-0.727648396654684,-0.757436922841896,-0.7272362274943769
67.05,-0.8204467552551349,-0.7861142092663725,-0.801303660156188,-0.7583454173901881,-0.753766916098806,-0.8262087750377337,-0.8226526852443679,-0.8312014822070938,-0.8078661993176777,-0.7735435625773752,-0.7563753028742404,-0.7715038032608422
67.10000000000001,-0.8440530912855213,-0.8069740372374911,-0.8284084485838537,-0.7714839434671641,-0.7559387534142257,-0.8637636908542469,-0.853750628121359,-0.8210105712625676,-0.8269240087599162,-0.8169999133288887,-0.7895683280139042,-0.8242815252537802
67.15,-0.8808195435875835,-0.8150591347026532,-0.8541207763584274,-0.8024545869763681,-0.7672963361399779,-0.8637583387769028,-0.865930962418438,-0.8389636144713861,-0.8568207783213456,-0.8568174293830135,-0.8311915362323302,-0.8622590063229281
67.2,-0.8977390200209161,-0.8514059609428586,-0.8776679409601302,-0.8311500687906842,-0.8287827371562722,-0.8547951942020008,-0.8655268810025656,-0.8695775804740958,-0.8770486091878693,-0.8608984054291299,-0.8470859647671338,-0.8752516848851023
67.25,-0.9248402552921248,-0.8897829369726695,-0.917519361089876,-0.8420171512714144,-0.8366683549114099,-0.8601004919183295,-0.9036603550292903,-0.8965884322038407,-0.89948191790421,-0.8864347071477926,-0.8750080560420088,-0.885872730202275
67.3,-0.9443258581619186,-0.9074945807023864,-0.9236659711076216,-0.8809733011145973,-0.8585758663108733,-0.8872264318006354,-0.9214208801894235,-0.9248869853320472,-0.9211700841805003,-0.8974842775110073,-0.9041481166826705,-0.9129368152178243
67.35000000000001,-0.9608152403564575,-0.9353339595788346,-0.9360764662243003,-0.9145867383948281,-0.8635108358449222,-0.9077394448193467,-0.9363594353318264,-0.9525525863469518,-0.9369894356578286,-0.9239667589479588,-0.9085615287855995,-0.9297055072459343
67.4,-0.9661173010898567,-0.9673908952555033,-0.9474657109986218,-0.9367858641145604,-0.8920938917978528,-0.9118734849828728,-0.948025111964065,-0.966939728635949,-0.9530960802836788,-0.9200755673665962,-0.9260777151535837,-0.9555704065599022
67.45,-0.9794830673623396,-0.9823679963765438,-0.9557579863920947,-0.9638101815588467,-0.9151781766846308,-0.9460363949690805,-0.9624907389646048,-0.9641949478022309,-0.9714607603729419,-0.9356493016287365,-0.9434076045992547,-0.9592653727741774
67.5,-0.9928377960387127,-0.9863622342882863,-0.9790059196889745,-0.973935813458241,-0.9274170108016393,-0.9693613809068073,-0.9742254688145986,-0.975161348693864,-0.9744440479444969,-0.9497258666919727,-0.9640525208418906,-0.9648127278597983
67.55,-0.9955855946193269,-0.9905662367398546,-0.9881525122152475,-0.9903284658160559,-0.9446047810581404,-0.9759311534956461,-0.9939977891364533,-0.9825448476036349,-0.9833476912650201,-0.9629696533114239,-0.9760134912017788,-0.9783586854709484
67.60000000000001,-0.9995752132846192,-0.9962532063468239,-0.9969934715386725,-0.9979384849919064,-0.9631101908992062,-0.9868268441648438,-0.9992306963047464,-0.9862082705066358,-0.9974869102457253,-0.9734907293777048,-0.9853111736252484,-0.9831936465752106
67.65,-0.9998472650120886,-0.9997861018762257,-0.9996351982472018,-0.9995148792205117,-0.9785727919669551,-0.9940747286130951,-0.9996274926106835,-0.9982946289265416,-0.9999372466283715,-0.9838308447085675,-0.9949360687593133,-0.9940222221367071
67.7,-0.9995910702718608,-0.9999784697927707,-0.9987008429473433,-0.9988463508715795,-0.9928494917590361,-0.9978988560333524,-0.9971707946166559,-0.9998060119851554,-0.9999391157464752,-0.9911558322013762,-0.9999759207612327,-0.9990198621664028
67.75,-0.9988638154867143,-0.9991263297215628,-0.9923992592175486,-0.9994788383867368,-0.9980664546096834,-0.999713251437924,-0.9971025466998631,-0.9977257962842109,-0.9984661474611685,-0.9971948952625109,-0.9987503820535627,-0.9999109787952092
67.8,-0.9981750129720312,-0.9976297754915585,-0.9823399466353682,-0.9958338515377831,-0.9999171814611976,-0.999999994882988,-0.9936934500070607,-0.9914909420445799,-0.9933859097293412,-0.9995459107423421,-0.9993556755898038,-0.9996385121137807
67.85000000000001,-0.9949956288408734,-0.9957990216607353,-0.9761862246778968,-0.9867584670126103,-0.9993444785150115,-0.9971150318926885,-0.9927490790426678,-0.9863903605945893,-0.9937801119997547,-0.999882650975021,-0.9978074058975936,-0.9932925763385773
67.9,-0.9868734879223815,-0.9865164992277944,-0.9689664348944547,-0.9828306384076445,-0.9982512788422293,-0.9915007559668662,-0.977001493299751,-0.9762501550145484,-0.9885209220642516,-0.9978030698406507,-0.9924443491782426,-0.9761705154838839
67.95,-0.9703189742134178,-0.9766538750914416,-0.9562830727260822,-0.9702652664373932,-0.9923272373286652,-0.9859069295973943,-0.971570335805501,-0.9590127985375934,-0.9794288927078221,-0.9893391046187235,-0.9755525440548437,-0.9612719526399989
68.0,-0.9546644498474988,-0.9417646811997745,-0.9402094733522421,-0.964095158715713,-0.9857616065199412,-0.9671302119637053,-0.9675286980123455,-0.952101160347405,-0.960302416951573,-0.981323883827886,-0.9631188672038942,-0.9381649800400605
68.05,-0.9449644827586015,-0.9408152489004239,-0.9362273155284727,-0.9433608191522236,-0.9739709516051286,-0.9591435495832916,-0.961197209384606,-0.9394995550737839,-0.9358065581460592,-0.9741542561425188,-0.9523003303633729,-0.932511669522702
68.10000000000001,-0.9310237798639388,-0.9222015354192045,-0.8957791963903967,-0.9229416072108914,-0.9615511324845508,-0.9372678645195219,-0.9390213983258545,-0.9284648519280473,-0.8945849672905761,-0.960334908447351,-0.9322919948262864,-0.9085409701291828
68.15,-0.9073236470313444,-0.8873820765127397,-0.8820229591936296,-0.893010227417013,-0.9445791043239351,-0.9099376644407878,-0.9214962233689685,-0.912971702234185,-0.8662989165381786,-0.9401684469270537,-0.9195254761824485,-0.8715182510952699
68.2,-0.875792797994808,-0.8683665190522853,-0.8645414225066956,-0.86449289929955,-0.9197434082817058,-0.9075038928629832,-0.8949183212176773,-0.883757612917217,-0.874907132973151,-0.9179043000081086,-0.8878852373316192,-0.8405124576341418
68.25,-0.8401780850495835,-0.8508385331966966,-0.8528027485698564,-0.8621395803282192,-0.8865005945044407,-0.8770751140805693,-0.8553511622377868,-0.8690941490348854,-0.8399624392730694,-0.9111274612128729,-0.8724539247229555,-0.8137929318019759
68.3,-0.8039775211914449,-0.8027614801129656,-0.8283199780513224,-0.8454033864439648,-0.8749845232569821,-0.8619394681717282,-0.7964947261940749,-0.8328764672562765,-0.7978070451293476,-0.8888085166517021,-0.843956155469862,-0.7763653153499311
68.35000000000001,-0.7833692734323048,-0.7822355050278524,-0.807823948282812,-0.8204010759871432,-0.8487213579776502,-0.8463175671778013,-0.7641654979059422,-0.8004833633881869,-0.7732259941115625,-0.8711320649554993,-0.8111474451387194,-0.7562521624943297
68.4,-0.7523055925005567,-0.7372594671904702,-0.7947604546281724,-0.7523952587281459,-0.8224637946129054,-0.8116355086395752,-0.7479355973925433,-0.752522399014235,-0.7463771999450222,-0.8462738868561969,-0.7872008879271299,-0.7306489312221037
68.45,-0.7127126866007834,-0.7065237340242544,-0.7600533480669862,-0.7305870056292716,-0.804512634255311,-0.7880527296327902,-0.7082866427281328,-0.7103815718587599,-0.7012266813495097,-0.8135318817766328,-0.7454242042210142,-0.7011942102138021
68.5,-0.7102800105442161,-0.6810585498275461,-0.7290869779169747,-0.7124744008788654,-0.7814194212634339,-0.7527772937869941,-0.6959302898539153,-0.6915300737818616,-0.6398513227507091,-0.8029635539442502,-0.711521583979672,-0.6881532336878237
68.55,-0.6878675136494296,-0.6544448777675509,-0.708273823167323,-0.663640615290049,-0.7252336278304532,-0.7041987402552342,-0.6416752662148123,-0.6838785434219739,-0.6139443155039098,-0.7584211090485495,-0.6573273428570483,-0.6179738029496608
68.60000000000001,-0.6281599897686517,-0.6038178358259876,-0.6162308596383482,-0.6220599206226414,-0.6959335816082325,-0.6656634902394625,-0.6239633689521604,-0.6455711204009431,-0.6151646999589229,-0.7283632814137488,-0.6204665707966777,-0.562255150667419
68.65,-0.5656979777644098,-0.5897152922259904,-0.5325884183537297,-0.5775863991594912,-0.6545449477813312,-0.6595439525712232,-0.5975331443283648,-0.5856037738128506,-0.5738205534578874,-0.6846446922557556,-0.5746801458345057,-0.5558210679620432
68.7,-0.5280527876197523,-0.5231568616997794,-0.4699779210353944,-0.5375432109467513,-0.5850309936275015,-0.643347823909547,-0.5762438242611736,-0.5069989250021012,-0.5223675392034606,-0.646773820968565,-0.5335714210591928,-0.5323929833547996
68.75,-0.4802621021672737,-0.48217137311900443,-0.43066130916810563,-0.5179174852766113,-0.5413468401084665,-0.6098632236370229,-0.5524282164199359,-0.44083703443700656,-0.4339720193520359,-0.5616074240409604,-0.4751887764479033,-0.4944690872262919
68.8,-0.4386237007843347,-0.43452174498957774,-0.39939423192326584,-0.4402867997237512,-0.5448547717972123,-0.5692851214415006,-0.4872147947158602,-0.4222500631571746,-0.4011104879545,-0.5037710512095609,-0.3957215975129809,-0.4771516308323971
68.85000000000001,-0.42547332110993086,-0.41705986913220056,-0.3922124112793766,-0.42690349025003216,-0.5214903478735213,-0.49457863816673797,-0.4467700259849123,-0.38079078538393923,-0.38318221615354714,-0.4444814255540548,-0.30846903554833466,-0.44806524226973166
68.9,-0.33827110159725915,-0.367310032258123,-0.34588496811264674,-0.36820200665119945,-0.4668267216388061,-0.40620564842465223,-0.3868418239322945,-0.3270626027500699,-0.3507675268824755,-0.38097917209523713,-0.29213111038302825,-0.3951109763063435
68.95,-0.2231840442120542,-0.38303692978344045,-0.29250351952289994,-0.31136356964169803,-0.42456479287972687,-0.36590832710238624,-0.3358457162560811,-0.2909757462774758,-0.30017926549122476,-0.34776566996657987,-0.19918621377133916,-0.3490675159960094
69.0,-0.16876218840925042,-0.3496309939639649,-0.22146964355517826,-0.24290805534461318,-0.3658090409639239,-0.3434150008322206,-0.30415714670308935,-0.20584231548658585,-0.27254838781188956,-0.28553349533388783,-0.18199451285331522,-0.27164608680263486
69.05,-0.14517445157088218,-0.3211079695163359,-0.1917599941283905,-0.2065764227445329,-0.3069155739750837,-0.29185538106820835,-0.27846544241474613,-0.16495147334503193,-0.2515328677088226,-0.223209023824763,-0.11739240160174558,-0.22042716091371722
69.10000000000001,-0.0958440732470455,-0.22555236749006333,-0.14696351279889774,-0.17904430247932618,-0.2445100746507816,-0.26962303665402254,-0.22958457008759023,-0.13782830644681177,-0.2176085532136088,-0.1841101443755931,-0.05272014864351513,-0.1417024073244557
69.15,-0.02982672474432308,-0.1675657685739413,-0.10383338654327927,-0.18398142585128505,-0.18766340548016555,-0.27228251470644743,-0.22204357077872114,-0.09742290204387348,-0.15806189416691008,-0.1486260836528012,0.026651830472168906,-0.08104064044709612
69.2,0.004556538522679733,-0.08456937533675682,-0.015111055263658175,-0.1133625623275825,-0.1600514727415541,-0.22883112507450068,-0.19950114187700893,-0.053739398534288205,-0.1324237823299089,-0.10931865597465523,0.07045456383066748,-0.08301542221442922
69.25,0.014521702912276082,-0.05226025201781226,0.028865961497076015,-0.07003319635794396,-0.11823891833722652,-0.1888545081392289,-0.1748934581373292,-0.022258700690023694,-0.08409639001783098,-0.0689589733651753,0.11042357744497318,-0.020463942647584835
69.3,0.07588116259152027,-0.022457834464986424,0.03421420745301202,0.01705850102699281,-0.060227837685776824,-0.15493727314504124,-0.10604032729491134,0.04998471158980827,0.011969285766036486,-0.01466971830382871,0.17343499411696064,-0.0009418906238579122
69.35000000000001,0.11846096605350412,0.01726969369295726,0.09227268978331855,0.10921023516573367,-0.005791280799259823,-0.11846706606797963,-0.07664365214526943,0.13452140502009258,0.0735151127081291,0.04459413457990463,0.2006113018948294,0.05895272887550764
69.4,0.1384203467539843,0.07640145950812924,0.11200049124243712,0.14816853836098726,0.02630943112702524,-0.13779761842092975,-0.021862101432969704,0.1525684438015206,0.11606858603231886,0.0920718178771063,0.2811911633091877,0.11896356994947155
69.45,0.1926107730233614,0.13587546441081966,0.18401091536651074,0.20673888350659805,0.08203641970645237,-0.052887189554301044,-0.02066539303000977,0.24555399155933486,0.2022275830867023,0.14374479190137135,0.28037372375220165,0.19862135759668598
69.5,0.22159324406506425,0.19568991668731373,0.201235961684495,0.30694739180960917,0.09498910594649865,0.013771495901454992,-0.006194758451376496,0.28227278406702544,0.235479054564567,0.21817960065310602,0.30873733595356595,0.2731562095240583
69.55,0.2440271722481462,0.23365851262228388,0.24604475297228873,0.3586364761385114,0.1560936864685777,0.09468073755242881,0.07107990195588001,0.33599011459848005,0.25827121576686907,0.27063925629534097,0.38579833232807387,0.2763079637533829
69.60000000000001,0.30515450611485195,0.29533034307859163,0.33165935257437246,0.41406403933988395,0.2089518780170109,0.16479139003413618,0.12048787507835612,0.363736859062913,0.2729401314219944,0.34779627232594224,0.43149687699479905,0.30217299381580776
69.65,0.3591360495559504,0.3661692125203774,0.4007534339435061,0.4305718574292829,0.18246645237961065,0.23168563960698893,0.1663319305223368,0.4165287094593551,0.34545738530713305,0.41177158144464443,0.5046963414699227,0.3806892706702481
69.7,0.44529297514415583,0.43825547109889257,0.4765495837817013,0.4700467473661314,0.20929314712623642,0.345814345233713,0.2359447809698695,0.4812588900557842,0.3797789921563611,0.4694039152893251,0.4834810295090923,0.4171315407928227
69.75,0.48465648955385443,0.48603990993442736,0.53857044856294,0.48703913436947155,0.28600388551070216,0.4214619626134135,0.3571238156670362,0.5313304038534739,0.4176626779651275,0.47628561743104914,0.560759124700974,0.47999347235253775
69.8,0.526177445918802,0.4883508528118097,0.556092795417568,0.5441950785362752,0.3522331556865655,0.42205760052315716,0.4286301948958663,0.532677158275608,0.4965285633141168,0.5198176402629804,0.5857593340963622,0.5450945276661698
69.85000000000001,0.5738881752840418,0.5568846839493325,0.5957805117464668,0.5872255790686969,0.39989145276076254,0.4758799009411217,0.5176478832131427,0.5598902405566591,0.5532475195351896,0.5388307275355693,0.5790968120684435,0.5888679398280092
69.9,0.6196115031457776,0.591000630517787,0.6033311155965714,0.6318100401842128,0.458800484990269,0.5025577489933318,0.5345679869414177,0.5930943686777661,0.6064034763392591,0.5865448343992171,0.6012017376637983,0.6294761434604259
69.95,0.6719376991335967,0.6032627256415364,0.6438212681805772,0.6923626917538067,0.48049413260178453,0.5724892938358749,0.6135635463539054,0.6261308119952159,0.6363304326640357,0.6430813087397939,0.637588715953379,0.6202649028440235
70.0,0.7025370235463755,0.6499142619314132,0.6947648543764382,0.7083170631960785,0.5256519469926987,0.6325427150017254,0.652264015063641,0.633826030890009,0.6951910327529167,0.672035291246281,0.6961921758416629,0.6345652670593344
70.05,0.7320160739890602,0.6942031304510752,0.7271250347718043,0.720561705578966,0.5248649566777417,0.6970110532084344,0.6948619715530164,0.6945149162357207,0.7426271679342484,0.7151072979997838,0.7246829249679704,0.6860576945502904
70.10000000000001,0.785459436431661,0.7282315074857492,0.7898173227026631,0.7295604351590297,0.5449552034455775,0.7451997442372975,0.7164426195535037,0.7630578345496263,0.7919011307699269,0.7711376620779106,0.7722648845902855,0.7087756689223206
70.15,0.787155705995857,0.7837623411388739,0.7945895407268975,0.7911032568396336,0.613574679338122,0.7726214110598696,0.760245153601863,0.7985789447048205,0.8138561789939888,0.818120362326262,0.8225061053190929,0.7508113815975008
70.2,0.808100934618851,0.8295239128298472,0.7944348650381866,0.8278970104866695,0.6772853456676934,0.788198428487565,0.8083247052779473,0.8246910536171494,0.8311240233662779,0.8532296133485567,0.8331393025035901,0.8006144920014233
70.25,0.8090872798183881,0.8560244681720975,0.8274042018165189,0.8479996677224413,0.7280914123187386,0.8157303936352784,0.8511425344983281,0.8570642001799832,0.8615839866743363,0.8762153082852837,0.8532139939495067,0.8277914256477418
70.3,0.8440211882277981,0.8749234626197123,0.8707839263715145,0.8753066360460003,0.7735596131011192,0.8233533937736941,0.8863618220633416,0.8722533585766671,0.871085668728454,0.9119079950870469,0.886560802068389,0.8694885463345371
70.35000000000001,0.8778558733401448,0.8942697057064041,0.8919592535758523,0.9074767328316605,0.8254127158237473,0.8511431441355956,0.9273811994144389,0.8921797692804471,0.877816255871538,0.9091500089611382,0.8897222589033574,0.8894079059407013
70.4,0.8995863738162988,0.9200470304721513,0.9139684711421834,0.9347466298833894,0.8553815739831956,0.8775034718020407,0.9369835812582807,0.9266536252892531,0.8842914292585027,0.9285252317638218,0.9107992954092579,0.9200763174443183
70.45,0.9215577684779391,0.9362784608300333,0.9314728736214327,0.9607904830950589,0.8821035128116059,0.92153812200001,0.9533903014252543,0.9426882080064116,0.9074625509572186,0.9478822203525485,0.9261008001778728,0.9400057323147603
70.5,0.9412682344357689,0.9535318443865409,0.9522221753137939,0.9745657687105742,0.9073271340068872,0.9517576119966994,0.9684722700828922,0.973828772048501,0.9301172441619184,0.966832090077328,0.9394408561419095,0.9658228649109373
70.55,0.9532802335513685,0.9692321087390088,0.9655007240176796,0.9857816258720611,0.9268905878625662,0.9593421777758918,0.9773249001215762,0.9888366045982202,0.9531353634734824,0.9692654943318592,0.9652423639337495,0.9723643592217568
70.60000000000001,0.9731973142654983,0.9820400805329738,0.9811769781104943,0.9970001920395569,0.9391995867762716,0.975213583252468,0.9908122030029738,0.9918752494374844,0.9635053055943474,0.9780415373876445,0.9796679470130993,0.9759252989221564
70.65,0.986561982125807,0.9837590542147993,0.9939738915352243,0.9997276823630904,0.9699446664582788,0.9872955232524897,0.9950580840689619,0.9943567174011584,0.9783866645974434,0.9866797975909027,0.9929394610206452,0.9823295353485288
70.7,0.9981580378571917,0.9950585525239964,0.9978447760481086,0.9980147215419426,0.9773249533276002,0.9941285955913071,0.9963354858420144,0.9998801122582464,0.9813457392993173,0.9885882113989245,0.9964665496511214,0.995200511473583
70.75,0.9999373707852438,0.9987556926969333,0.9999488900549666,0.9951599786605122,0.9889793947591614,0.9997843602553819,0.9991182515726142,0.9999795583419119,0.9925997038729222,0.9967782690677628,0.9995889818450223,0.9998139473234212
70.8,0.998592618309704,0.9999995825598199,0.9976708034758184,0.9893050453820411,0.9985168618201852,0.9994838059441211,0.999998185271963,0.9979213517123813,0.9992915372200226,0.9999544909440099,0.9990981091151586,0.9999879547320787
70.85000000000001,0.9992322211753691,0.9967160763838322,0.991826386102219,0.9824662111157986,0.9999150438496575,0.9922700697215324,0.9959451047363113,0.9911206823300464,0.9999935058177309,0.9997667235509297,0.9994011121378755,0.9977529219530336
70.9,0.992587603314089,0.9878274357255783,0.9814942285257192,0.9744875898718488,0.998874878947246,0.9896818322267866,0.990882616230776,0.988476228012889,0.995182071742531,0.9991558337517674,0.9961858592970533,0.9973596170644677
70.95,0.9837413495613945,0.9803350591873575,0.9737118772000914,0.9697729096809625,0.9952773405490056,0.9850948932683459,0.9836631753599476,0.9697165688782647,0.9880263419549172,0.9940479086723641,0.991192373229567,0.9938240652453781
71.0,0.9735892541244333,0.9540269596821059,0.9638174335803275,0.9547907833788416,0.9920535424280845,0.9889686033014197,0.9778533430724365,0.9402258342421937,0.9755893563402959,0.9794617778560243,0.9835677093399701,0.9937976508848105
71.05,0.9681787593344118,0.9387206544136942,0.9479887209283503,0.9402855178442578,0.9864876167429334,0.9749710756711384,0.9689418888923733,0.9243800084499129,0.9620922839263494,0.9708052828884964,0.9765485129981383,0.9864496097328339
71.10000000000001,0.9385372104764638,0.9142642897427677,0.9223049849696328,0.9310766805194328,0.9836552398911822,0.9551306577166268,0.9477343351240122,0.9084657526895193,0.9504887022649454,0.9677364953566117,0.9561590114516981,0.9669610317841859
71.15,0.9271877309957771,0.9069813070373498,0.889889250484713,0.9185671841019111,0.9604843379338389,0.9410035373636851,0.9338953990328154,0.8913351063575146,0.9368848008809733,0.9439206347498372,0.9302631290991753,0.9411389655771278
71.2,0.9049502693826044,0.8943414657942341,0.86917645741097,0.9017567093596024,0.932031052365519,0.9136309782886358,0.9149422273836212,0.883648747119803,0.9012928043301195,0.9245399140986743,0.9104199766956265,0.9046184702966408
71.25,0.887948999081451,0.8779640301092146,0.8490236757426254,0.8929185066887914,0.9099241318917418,0.902001800030384,0.8986959648281169,0.8710374715835135,0.8858920931543156,0.9125327329088693,0.8835418637380672,0.8826234233518826
71.3,0.86268220167709,0.8243967409413492,0.826568589034414,0.8593059798782194,0.881022946830444,0.8810686272962496,0.870954875416497,0.8477413339485972,0.8593328490872197,0.8965689866520103,0.8640498958558729,0.8568488369685974
71.35000000000001,0.8615961272961249,0.7788320981426065,0.7659286946964606,0.8284481781284448,0.8495977920706028,0.8427243946545158,0.861322770004774,0.8089884417183746,0.8388284900979838,0.8418781200317261,0.8381899024794073,0.8158685381948958
71.4,0.8335500039131226,0.71765424893672,0.7464394827106962,0.7792655437267778,0.8154623296303714,0.8104269849080635,0.8280049328700656,0.7918339393691413,0.8457773350830674,0.7985718256242483,0.813967898188764,0.7669899903571052
71.45,0.7951110099894766,0.6718637810463476,0.7015634672900388,0.7859480046742447,0.7788603458726999,0.7873085959843138,0.7774464385479265,0.7520343493701396,0.8042847214426564,0.7738389167418898,0.7940192156175564,0.742408674811246
71.5,0.788376135666565,0.6586406429873523,0.6964999766730952,0.7727087856377123,0.7483447011062342,0.747810179847902,0.7439270771287615,0.7290035325849464,0.7845040849819462,0.7478657524229978,0.7706150213474632,0.7093325652962158
71.55,0.7757287613207086,0.6189282704634084,0.6730329373622514,0.7279397987628766,0.7035044159107079,0.7110425938815623,0.6948640135419145,0.7323668329258581,0.7564013888091831,0.6960480164937417,0.7237830815579761,0.6396548580425614
71.60000000000001,0.7058594755598767,0.5855893450624622,0.6412327695824729,0.704934103003428,0.6818785392560414,0.6857562333486438,0.6698961044577946,0.7118913831337152,0.7106394836624671,0.6305242256154492,0.6667521172813967,0.6114640917323643
71.65,0.6456565553023474,0.5494247945391638,0.6033330382558828,0.6639530267051073,0.6527970372115076,0.6382202079898427,0.6286606084590728,0.6857453028143897,0.6845868110496401,0.5915111491735532,0.6176841294148345,0.5810264170556592
71.7,0.6263437981815325,0.4920475185109693,0.5413232933151486,0.6574945793366491,0.5911938977533211,0.6063606699587071,0.5848223654408659,0.6217430191789679,0.6095386045876586,0.536299343516044,0.571017796097305,0.5706801652797536
71.75,0.6218412446502802,0.4418323934392539,0.47126350607536077,0.6247773264308428,0.5615935005612244,0.5793646341105032,0.5553279414017487,0.5569798387898268,0.5621800609643319,0.5064371953741935,0.4701746791281842,0.5578752976204713
71.8,0.5618179817298259,0.43468460790252533,0.43499811938107824,0.5707361223603897,0.5062695290135395,0.5441562279295727,0.5192959582588896,0.5204655005969657,0.5412042642709075,0.45557359578964746,0.4236216501040616,0.502194394500128
71.85000000000001,0.514187516203118,0.40436152988924995,0.36647763143453915,0.4968598319022455,0.43748725928837057,0.4937076449485183,0.4436784260600688,0.4854925693755595,0.49894302844582955,0.3911103307684693,0.3631681552692243,0.462019140966799
71.9,0.4858846446384461,0.3711667870533909,0.34116444537171325,0.4054578960165458,0.382672045038503,0.4666015791710106,0.4220498002207765,0.455851322358107,0.4622714544908151,0.35749355746525935,0.2949977620599839,0.43466058332670787
71.95,0.3803485820646766,0.35408761785149806,0.331138929673509,0.3162053170528422,0.31470984809404673,0.4247175758187602,0.3653962805628807,0.39776021060963657,0.40879149447247204,0.349278873349218,0.31452264305378425,0.40289128572531774
72.0,0.2876286502528322,0.2674382172765664,0.29027585851131915,0.29260502752891676,0.2726973693512906,0.3674304562471577,0.3034760689418781,0.4076022040675075,0.28342246356872297,0.2796556739553326,0.27308252351839307,0.3665303525318893
72.05,0.2162569694093806,0.2150444980765989,0.23873609616803804,0.2312289318759506,0.23818962047930006,0.30991314868411046,0.23784054972361623,0.34465025224745466,0.2306290773457599,0.20355447918199296,0.26350105830216625,0.32962302777871644
72.10000000000001,0.16928042260206444,0.19207027154876433,0.19833752832420865,0.14929428982897194,0.20237682268759538,0.30538870094497095,0.2006335917083658,0.2881769777150272,0.18328826027866987,0.14923835193902008,0.19907616783426635,0.2749103616824708
72.15,0.15221426191929233,0.15956326401113133,0.16265363931060603,0.10912289549881707,0.1445399277822645,0.2431048951713882,0.13142822553644565,0.24264848874333808,0.09920631444701254,0.09238365841594101,0.14465752853384028,0.20218066108153737
72.2,0.11870304675027481,0.1661105553530198,0.12466426229620464,0.04171974052491796,0.1019445961331951,0.19419994547317904,0.10489814941413657,0.2343492840530825,0.019648946356041638,0.05761087736453923,0.1034656076693039,0.16197749617058205
72.25,0.036456345854589366,0.09415389128032191,0.09548621607996455,-0.03337192202240397,0.0652522435853024,0.1576913820735066,0.06332739574609397,0.19450324098633262,0.01270020908521086,-0.002166709262184548,0.0572129986437976,0.08973308996266009
72.3,-0.01864339557800177,0.032253636254550716,0.09103927669968964,-0.05519953446147988,0.009281496958718556,0.13614472967961821,0.004137283075406203,0.16840337006544254,-0.03197817576437922,-0.08177234798851032,-0.014420993573136654,0.08088511118795474
72.35000000000001,-0.08643878398839348,-0.059650340995317255,-0.03817141027313554,-0.1124618327953862,0.00293863571024759,0.0699242317769891,-0.0839208011602056,0.11076569941350438,-0.10196236429993483,-0.09650043268823572,-0.07307761828200963,0.08459627452328886
72.4,-0.10836728061795889,-0.10244202927895533,-0.08140158866883618,-0.12558606465295363,-0.030253702499791202,0.006788193845604938,-0.12685742358135899,0.04649939982005794,-0.1626672920361538,-0.12787603763303818,-0.1559094380092286,0.04468422476841023
72.45,-0.20344244288266725,-0.1728823359918585,-0.12484155124818898,-0.16680967139806277,-0.08221252794674588,-0.061301123893414126,-0.19876030720753043,0.018984137226300064,-0.21401019188258422,-0.11655189777081389,-0.19644387199798174,-0.05685996589711532
72.5,-0.21177057935858026,-0.1745494038630057,-0.18332604255708376,-0.24981481146504245,-0.13715488514734006,-0.06550837310334647,-0.20037099874544598,-0.047176796723547486,-0.22582577729350276,-0.16754039228437184,-0.2470096436931876,-0.1050462173013906
72.55,-0.30082223889223936,-0.23324648821924032,-0.26300475426209813,-0.3154707689157963,-0.17821791484064556,-0.115539427359375,-0.23920771329542767,-0.12476412244045902,-0.25283518800261084,-0.2552660361276096,-0.27293143059413,-0.16926125482279622
72.60000000000001,-0.3367208977792569,-0.26611750172154575,-0.3613904947473314,-0.34720882123050645,-0.21700094595087321,-0.15465356731113503,-0.2877272193767281,-0.1806639305307946,-0.271473669674511,-0.287114912914958,-0.3339435864258901,-0.25201357982455286
72.65,-0.3790892614890319,-0.31231156575321634,-0.39372225362922975,-0.3785638119417945,-0.2415305890163217,-0.17258367837978136,-0.31789291299492656,-0.25967084460670137,-0.3094729551728283,-0.3220726253054082,-0.3697306014872454,-0.33480057151218506
72.7,-0.39877090993650083,-0.36240342451375246,-0.4329328348151309,-0.42332846679848696,-0.2955638354108222,-0.23231598070948117,-0.3836171506415295,-0.31135421292326476,-0.39763011435804824,-0.36631374883616563,-0.37464160014524156,-0.39727398500275135
72.75,-0.4507310733578892,-0.4057608453792192,-0.46788722148740114,-0.41842783223629226,-0.2964213818329914,-0.3281262527042207,-0.41470037612371413,-0.3850071481046494,-0.40346467603435504,-0.38513454985726064,-0.4381070095758641,-0.4400393984343659
72.8,-0.5029541321804514,-0.4466765640794074,-0.5034197708755431,-0.450051823302034,-0.31899853686777335,-0.4098087246210666,-0.4934619422944206,-0.4077388619349961,-0.42378379497362073,-0.421615939100708,-0.4896555976196004,-0.479573081047537
72.85000000000001,-0.551618901660947,-0.4861002012704401,-0.5406572488294993,-0.5484430703154002,-0.3592604375868466,-0.4899849204503295,-0.562514016808984,-0.46671971100023135,-0.4276597623685563,-0.4665035394982043,-0.5205163664327843,-0.522722973112588
72.9,-0.5666749556963702,-0.5426022234600144,-0.6001305658192146,-0.6110678064426394,-0.4033800899114193,-0.5064801663733637,-0.6043398338066637,-0.5493431055651129,-0.4805520683431169,-0.5197994921115461,-0.5582617105132217,-0.5542797803986969
72.95,-0.6188291856443771,-0.5783607572509899,-0.6440336149503546,-0.6559922596836237,-0.4633940006746749,-0.5597349255108159,-0.6214590240641474,-0.5701240547630098,-0.5289406342869082,-0.5608589745142212,-0.589851244807041,-0.6013882915750154
73.0,-0.6719261414789856,-0.6387856661576721,-0.7036062526132205,-0.6647922698031884,-0.48733261482883206,-0.5928149655734444,-0.6581950360457011,-0.6060687006419798,-0.5646939821736209,-0.5949461413265098,-0.640949993047922,-0.6154328415152207
73.05,-0.7446475265784886,-0.6721101013990283,-0.7504828752044801,-0.6895229582599658,-0.5493891146671716,-0.6330109557298645,-0.7072346766037326,-0.6417818209035396,-0.64100962215019,-0.605038423034439,-0.6964778691870533,-0.6592164814112637
73.10000000000001,-0.7545177543330563,-0.7386693770681594,-0.8053660767052424,-0.6887566074151761,-0.5996718783621314,-0.6834025485248404,-0.7457727366312104,-0.7081343221952108,-0.7046619099293738,-0.6526834290336789,-0.7688162524989602,-0.7155627916642393
73.15,-0.7781162567784872,-0.7577170373461521,-0.8450256593643684,-0.7156147339902306,-0.6368542804616635,-0.714382522229,-0.7812853954986471,-0.7391747266998523,-0.7177304602194193,-0.714140303332471,-0.7910409545205773,-0.7839962428404321
73.2,-0.8111757091161607,-0.805300592173312,-0.8721941659805991,-0.7765720131026375,-0.6907628713888968,-0.7523691704998372,-0.8247390414090839,-0.8101282493071958,-0.7502811413463158,-0.7624752079021295,-0.8189044951265417,-0.8200980577326873
73.25,-0.8390103022001137,-0.7992839195294906,-0.8882054920307945,-0.8252619514045645,-0.7179755402685664,-0.7991715285145292,-0.8518576099283774,-0.8335628386290138,-0.800320621591395,-0.804986109467664,-0.8517050793465781,-0.860159949325569
73.3,-0.8670186083478637,-0.8047012886110098,-0.902121914590483,-0.8300628785581439,-0.7683612686735755,-0.840104933493317,-0.8859817222487201,-0.8648786852127469,-0.8447696797289947,-0.8112103678068605,-0.8748466584956386,-0.8658031646212337
73.35000000000001,-0.8856403930030045,-0.8568912167319357,-0.9298151259422262,-0.868883475345663,-0.8001608061174845,-0.8515893128516969,-0.9070781835818145,-0.8993411948432877,-0.8757716752356043,-0.819108562843606,-0.8983888534026451,-0.8667742316118512
73.4,-0.9154888656578792,-0.8728928546225108,-0.9332372177397311,-0.9036269348190674,-0.8399648355334802,-0.8791160816417434,-0.943916597717182,-0.9236003872136845,-0.8914095166989832,-0.8571445806457767,-0.9156682393352352,-0.9064965862278886
73.45,-0.9361172543717335,-0.901157393711028,-0.9363484502484842,-0.9256559720029925,-0.8675956514987517,-0.8902521309761262,-0.9545103279232945,-0.9429549897616312,-0.9137179374773828,-0.8674743501548131,-0.9321361759110551,-0.9226724104834685
73.5,-0.9528929595982426,-0.9224747914213598,-0.9489475577585158,-0.9402197006197061,-0.8936550032302834,-0.9220101179703813,-0.9674665890096542,-0.9658944542167937,-0.9430400437579571,-0.9108479192385692,-0.9592311891971617,-0.9538878249561403
73.55,-0.9584746980820191,-0.9463818451593977,-0.971432316225347,-0.9668314785403501,-0.9088796723492355,-0.9457721676326043,-0.9776066126286593,-0.9847201335837504,-0.947898745053367,-0.9249731096222056,-0.9599834745364076,-0.9684438165961456
73.60000000000001,-0.9835311011898591,-0.9608854088821844,-0.9821210568613495,-0.9812017838013741,-0.9296794826339015,-0.962939767630255,-0.9872656221311029,-0.9873604020937832,-0.9628293848327262,-0.9507865108916587,-0.9784428643516996,-0.9855179307312781
73.65,-0.9919302733827641,-0.9756760132589705,-0.9925847331788611,-0.9873764012110781,-0.9439184891650972,-0.9742763702584355,-0.9890228410112649,-0.9942277981394008,-0.9813970454584787,-0.9616332958746183,-0.9893620573383377,-0.990336267152017
73.7,-0.9942849009353766,-0.9928013989298571,-0.9949965868539818,-0.9902523421349787,-0.9627659613508519,-0.985337731578299,-0.9964198735944396,-0.9998667335545749,-0.986949138808878,-0.9721901188604302,-0.9984315662221037,-0.997756983592282
73.75,-0.9992848499805328,-0.9959760513229032,-0.9997647155776468,-0.997907188509608,-0.9775481639736274,-0.9906391758524699,-0.9993603468705419,-0.9980460195630908,-0.9907974611149627,-0.9802674194214489,-0.9996787605826589,-0.9995436310912673
73.8,-0.9999587982546636,-0.9998254100403345,-0.9993040006528585,-0.9999430659588859,-0.988807761561408,-0.9975094290423991,-0.9995060786912331,-0.9923018286597963,-0.9949378695794188,-0.9885646769873552,-0.9995035369412759,-0.9998666819432838
73.85000000000001,-0.9976238447194968,-0.9995516099092723,-0.9970561954851421,-0.9968209032948756,-0.9969927814203937,-0.9999044249205974,-0.9993188287492777,-0.9901704386422754,-0.999938897920232,-0.9928644179287317,-0.9966312414257428,-0.9983162611295889
73.9,-0.9941427945094775,-0.9979175070631173,-0.9943969689404862,-0.9874841077746648,-0.9985058325456534,-0.9981983417682944,-0.9946941297062771,-0.9858095512474205,-0.9970902573754004,-0.9980835198768445,-0.9946987751284376,-0.9967048197151689
73.95,-0.9851275094608595,-0.9919929697006545,-0.9869085662554914,-0.9812108781427753,-0.9999910708931544,-0.9951731134418392,-0.994258637683005,-0.9780909325120917,-0.9903162968306733,-0.9999999963543721,-0.980446862967258,-0.9940987496949685
74.0,-0.9795213759329148,-0.984596983862259,-0.9764393032195693,-0.9813176247916272,-0.9978226395145712,-0.9884603615499348,-0.9943215976949001,-0.9696024491783433,-0.9859742018165335,-0.9988540486346962,-0.977829198183265,-0.9849098287830915
74.05,-0.9570703453820253,-0.9743486825911029,-0.9777939707482692,-0.9685399276035603,-0.9936164719233233,-0.9855044028724437,-0.9853046442853397,-0.9524613174653683,-0.9799696740734655,-0.9978952979102719,-0.9781440943804647,-0.9781615700492018
74.10000000000001,-0.9452925337882135,-0.9670275145179993,-0.969841706966558,-0.9509210773026974,-0.9845947151753114,-0.9751333282202967,-0.969973779800667,-0.9456308442194428,-0.9751762413990619,-0.9937197585606105,-0.9695227140951722,-0.9779183262836308
74.15,-0.9355369378582373,-0.9461853513037765,-0.9495637136990128,-0.9307325421053699,-0.9741237031874869,-0.9534033582867779,-0.9639173409500271,-0.9403565062251182,-0.9543483659034414,-0.9851635568619499,-0.9599858103352985,-0.9608548601976648
74.2,-0.9230022160645163,-0.9389240637604056,-0.9399792324212206,-0.9095638341848875,-0.9604149507049244,-0.9255411805527433,-0.950623897410591,-0.927446925923012,-0.9253972095347333,-0.9673602779769591,-0.9419534047511847,-0.956355617828986
74.25,-0.9125905300204237,-0.9321582277547716,-0.9202329069764598,-0.8953486231230767,-0.9319155955830583,-0.9249790621704659,-0.9426620091367571,-0.9070375756963476,-0.9014792063794727,-0.9695847935617901,-0.9383084743754998,-0.9399901050356726
74.3,-0.8764023642730359,-0.8939634763181242,-0.90356311298557,-0.8760574133251875,-0.9235626548656238,-0.9005830088126758,-0.907628231863142,-0.8729793564555633,-0.8821858088530201,-0.9592857438316924,-0.9172285596091605,-0.9050789691865185
74.35000000000001,-0.8588342750886857,-0.8946944109552054,-0.8837960589928336,-0.8556287906208843,-0.922918615194363,-0.877731901445717,-0.8788195960522039,-0.826355135077612,-0.8764819620880625,-0.9334671233686552,-0.8819490373242268,-0.8747943297049146
74.4,-0.8477045671671848,-0.8846633764357867,-0.856320958219406,-0.8283022167464519,-0.9077406854335421,-0.8387178839469117,-0.8591272815041902,-0.8315669911564578,-0.8548868485127828,-0.9057029477224483,-0.8510217015851554,-0.844189747231842
74.45,-0.798920266803804,-0.873732613291292,-0.8340860799523376,-0.7768542309786843,-0.9064036079726674,-0.8166415077665539,-0.8149032257464184,-0.7884140441061643,-0.8191648867642092,-0.8721732303971474,-0.8372484192727537,-0.796021007461646
74.5,-0.7892645173143127,-0.8609516568346985,-0.79743058319714,-0.7559562657144294,-0.8780894204113593,-0.7847791848391482,-0.7579928383851987,-0.7550286301657727,-0.8000503711113517,-0.8349755256294759,-0.8181483351052461,-0.7516505076181788
74.55,-0.756960729197014,-0.8251443337327983,-0.7926084297916728,-0.762212794625898,-0.8688786620043408,-0.7287556369162372,-0.7481153162504895,-0.7144938878992249,-0.7793296864168678,-0.8084713348740611,-0.7850721778528601,-0.6918959504993601
74.60000000000001,-0.7141931650854403,-0.7873549826568575,-0.7356889329323582,-0.7383632059809189,-0.8234061218240606,-0.6860378653912287,-0.700751086694227,-0.6888770340831543,-0.7537593194803175,-0.7901770978020566,-0.7628595287090387,-0.6786887510726121
74.65,-0.6734277453506441,-0.757228561861128,-0.6914818525791547,-0.6924849895698193,-0.8065716611146143,-0.6788282894947366,-0.672295815982013,-0.6727181533431504,-0.7337205768553033,-0.7272765036236013,-0.7506784590941291,-0.6059593174754715
74.7,-0.6326968973549523,-0.704143660446239,-0.637309413082666,-0.6425155217434707,-0.7442339133400336,-0.6686117263312206,-0.6407632821335546,-0.6557638155385915,-0.7259514532210507,-0.7042705864775739,-0.6760599770130253,-0.5774138398685602
74.75,-0.5554915435492536,-0.6275193089065172,-0.53731993566497,-0.5645068523380413,-0.6650659517084256,-0.6283489691883873,-0.599566288560697,-0.613755434921118,-0.6849295276070744,-0.6640184374101155,-0.6202685279641725,-0.5528093551160014
74.8,-0.5471334000777068,-0.5820702890810177,-0.5145593964779906,-0.5366661458719301,-0.6302595025936598,-0.5985380337525449,-0.5363197608990522,-0.5776397364206143,-0.6177018852859046,-0.6190354734517333,-0.5782210763551049,-0.5104826732254721
74.85000000000001,-0.533665690015669,-0.5359847150436067,-0.4555756491654295,-0.47248867054027716,-0.617956890494057,-0.5903675390687659,-0.508279261500368,-0.5070158751265083,-0.5684388166718909,-0.5926713972750008,-0.5634185571845295,-0.4855255373317809
74.9,-0.5062909681188429,-0.47639367509065994,-0.39314031350430245,-0.45470366361486014,-0.560681398741613,-0.5345633479718418,-0.49298212406656966,-0.4693669420972927,-0.5161701084024323,-0.5454745613016041,-0.5518581636585267,-0.44084152924023157
74.95,-0.44624220234427286,-0.4017756418676052,-0.370186750903892,-0.42285690598934617,-0.5232221248274641,-0.4859271377158629,-0.44656292170336875,-0.4148368192554851,-0.49534472007747277,-0.4922369182990988,-0.5167746824163681,-0.40157497374949336
